#
# There is insufficient memory for the Java Runtime Environment to continue.
# Native memory allocation (malloc) failed to allocate 1277424 bytes. Error detail: Chunk::new
# Possible reasons:
#   The system is out of physical RAM or swap space
#   This process is running with CompressedOops enabled, and the Java Heap may be blocking the growth of the native heap
# Possible solutions:
#   Reduce memory load on the system
#   Increase physical memory or swap space
#   Check if swap backing store is full
#   Decrease Java heap size (-Xmx/-Xms)
#   Decrease number of Java threads
#   Decrease Java thread stack sizes (-Xss)
#   Set larger code cache with -XX:ReservedCodeCacheSize=
#   JVM is running with Unscaled Compressed Oops mode in which the Java heap is
#     placed in the first 4GB address space. The Java Heap base address is the
#     maximum limit for the native heap growth. Please use -XX:HeapBaseMinAddress
#     to set the Java Heap base and to place the Java Heap above 4GB virtual address.
# This output file may be truncated or incomplete.
#
#  Out of Memory Error (arena.cpp:168), pid=868, tid=7324
#
# JRE version: OpenJDK Runtime Environment (21.0.10) (build 21.0.10+-14961533-b1163.108)
# Java VM: OpenJDK 64-Bit Server VM (21.0.10+-14961533-b1163.108, mixed mode, tiered, compressed oops, compressed class ptrs, g1 gc, windows-amd64)
# No core dump will be written. Minidumps are not enabled by default on client versions of Windows
#

---------------  S U M M A R Y ------------

Command Line: --add-opens=java.base/java.lang=ALL-UNNAMED --add-opens=java.base/java.lang.invoke=ALL-UNNAMED --add-opens=java.base/java.util=ALL-UNNAMED --add-opens=java.prefs/java.util.prefs=ALL-UNNAMED --add-exports=jdk.compiler/com.sun.tools.javac.api=ALL-UNNAMED --add-exports=jdk.compiler/com.sun.tools.javac.util=ALL-UNNAMED --add-opens=java.base/java.util=ALL-UNNAMED --add-opens=java.prefs/java.util.prefs=ALL-UNNAMED --add-opens=java.base/java.nio.charset=ALL-UNNAMED --add-opens=java.base/java.net=ALL-UNNAMED --add-opens=java.base/java.util.concurrent=ALL-UNNAMED --add-opens=java.base/java.util.concurrent.atomic=ALL-UNNAMED --add-opens=java.xml/javax.xml.namespace=ALL-UNNAMED --add-opens=java.base/java.time=ALL-UNNAMED -Xmx2048m -Dfile.encoding=UTF-8 -Duser.country=US -Duser.language=en -Duser.variant -javaagent:C:\Users\ktech\.gradle\wrapper\dists\gradle-9.4.1-bin\arn2x92ynaizyzdaamcbpbhtj\gradle-9.4.1\lib\agents\gradle-instrumentation-agent-9.4.1.jar org.gradle.launcher.daemon.bootstrap.GradleDaemon 9.4.1

Host: Intel(R) Core(TM) i5-7300U CPU @ 2.60GHz, 4 cores, 11G,  Windows 10 , 64 bit Build 19041 (10.0.19041.5915)
Time: Sat Jun 13 11:33:40 2026 South Africa Standard Time elapsed time: 4167.533599 seconds (0d 1h 9m 27s)

---------------  T H R E A D  ---------------

Current thread (0x0000021c130a1eb0):  JavaThread "C2 CompilerThread0" daemon [_thread_in_native, id=7324, stack(0x000000c104600000,0x000000c104700000) (1024K)]


Current CompileTask:
C2:4167535 59082       4       com.android.tools.r8.ir.optimize.x::a (566 bytes)

Stack: [0x000000c104600000,0x000000c104700000]
Native frames: (J=compiled Java code, j=interpreted, Vv=VM code, C=native code)
V  [jvm.dll+0x6d78a9]
V  [jvm.dll+0x8665b3]
V  [jvm.dll+0x868bde]
V  [jvm.dll+0x8692c3]
V  [jvm.dll+0x280ee6]
V  [jvm.dll+0xc07cd]
V  [jvm.dll+0xc0d03]
V  [jvm.dll+0x3ba0cb]
V  [jvm.dll+0x385df7]
V  [jvm.dll+0x38526a]
V  [jvm.dll+0x249bd2]
V  [jvm.dll+0x2491a1]
V  [jvm.dll+0x1c76e4]
V  [jvm.dll+0x25891e]
V  [jvm.dll+0x256e66]
V  [jvm.dll+0x3f513e]
V  [jvm.dll+0x80fd28]
V  [jvm.dll+0x6d60fd]
C  [ucrtbase.dll+0x21bb2]
C  [KERNEL32.DLL+0x17374]
C  [ntdll.dll+0x4cc91]


---------------  P R O C E S S  ---------------

Threads class SMR info:
_java_thread_list=0x0000021c1456cb80, length=73, elements={
0x0000021c75961840, 0x0000021c1306e710, 0x0000021c1304e200, 0x0000021c1304ec60,
0x0000021c1308d820, 0x0000021c1309e4b0, 0x0000021c1309ef10, 0x0000021c130a0110,
0x0000021c130a1eb0, 0x0000021c130c3d10, 0x0000021c133fe5a0, 0x0000021c1406b9d0,
0x0000021c1505f4d0, 0x0000021c164848e0, 0x0000021c16740fa0, 0x0000021c16741630,
0x0000021c16741cc0, 0x0000021c16a97b20, 0x0000021c16a9a910, 0x0000021c16a98840,
0x0000021c16a99bf0, 0x0000021c16a9afa0, 0x0000021c16a98ed0, 0x0000021c186320c0,
0x0000021c1598d190, 0x0000021c189fd2a0, 0x0000021c296a1d60, 0x0000021c22c20440,
0x0000021c22c1e370, 0x0000021c22c1ea00, 0x0000021c22c1c2a0, 0x0000021c296ab450,
0x0000021c358c0e00, 0x0000021c358c2ed0, 0x0000021c22afb4c0, 0x0000021c22b03170,
0x0000021c22b03800, 0x0000021c22b06c80, 0x0000021c2998f690, 0x0000021c2998fd20,
0x0000021c29995900, 0x0000021c2998e970, 0x0000021c29996620, 0x0000021c29996cb0,
0x0000021c29997340, 0x0000021c299903b0, 0x0000021c2999e960, 0x0000021c2999b4e0,
0x0000021c299931a0, 0x0000021c2999bb70, 0x0000021c299979d0, 0x0000021c29994be0,
0x0000021c2999e2d0, 0x0000021c2999d5b0, 0x0000021c29998d80, 0x0000021c2999c890,
0x0000021c29999410, 0x0000021c2999c200, 0x0000021c2999dc40, 0x0000021c2999eff0,
0x0000021c29999aa0, 0x0000021c2999cf20, 0x0000021c2999a130, 0x0000021c2999a7c0,
0x0000021c299a10c0, 0x0000021c2f2436a0, 0x0000021c290d1060, 0x0000021c290d2aa0,
0x0000021c2a2a2680, 0x0000021c2a2a3a30, 0x0000021c2f331610, 0x0000021c18efaac0,
0x0000021c22afc870
}

Java Threads: ( => current thread )
  0x0000021c75961840 JavaThread "main"                              [_thread_blocked, id=11436, stack(0x000000c103600000,0x000000c103700000) (1024K)]
  0x0000021c1306e710 JavaThread "Common-Cleaner"             daemon [_thread_blocked, id=1636, stack(0x000000c103f00000,0x000000c104000000) (1024K)]
  0x0000021c1304e200 JavaThread "Reference Handler"          daemon [_thread_blocked, id=14840, stack(0x000000c104000000,0x000000c104100000) (1024K)]
  0x0000021c1304ec60 JavaThread "Finalizer"                  daemon [_thread_blocked, id=13676, stack(0x000000c104100000,0x000000c104200000) (1024K)]
  0x0000021c1308d820 JavaThread "Signal Dispatcher"          daemon [_thread_blocked, id=15844, stack(0x000000c104200000,0x000000c104300000) (1024K)]
  0x0000021c1309e4b0 JavaThread "Attach Listener"            daemon [_thread_blocked, id=14608, stack(0x000000c104300000,0x000000c104400000) (1024K)]
  0x0000021c1309ef10 JavaThread "Service Thread"             daemon [_thread_blocked, id=19936, stack(0x000000c104400000,0x000000c104500000) (1024K)]
  0x0000021c130a0110 JavaThread "Monitor Deflation Thread"   daemon [_thread_blocked, id=3712, stack(0x000000c104500000,0x000000c104600000) (1024K)]
=>0x0000021c130a1eb0 JavaThread "C2 CompilerThread0"         daemon [_thread_in_native, id=7324, stack(0x000000c104600000,0x000000c104700000) (1024K)]
  0x0000021c130c3d10 JavaThread "C1 CompilerThread0"         daemon [_thread_blocked, id=18972, stack(0x000000c104700000,0x000000c104800000) (1024K)]
  0x0000021c133fe5a0 JavaThread "Notification Thread"        daemon [_thread_blocked, id=16512, stack(0x000000c104800000,0x000000c104900000) (1024K)]
  0x0000021c1406b9d0 JavaThread "Daemon health stats"               [_thread_blocked, id=18580, stack(0x000000c104d00000,0x000000c104e00000) (1024K)]
  0x0000021c1505f4d0 JavaThread "Incoming local TCP Connector on port 53152"        [_thread_in_native, id=14636, stack(0x000000c104e00000,0x000000c104f00000) (1024K)]
  0x0000021c164848e0 JavaThread "Daemon periodic checks"            [_thread_blocked, id=12384, stack(0x000000c104f00000,0x000000c105000000) (1024K)]
  0x0000021c16740fa0 JavaThread "Cache worker for journal cache (C:\Users\ktech\.gradle\caches\journal-1)"        [_thread_blocked, id=13404, stack(0x000000c105600000,0x000000c105700000) (1024K)]
  0x0000021c16741630 JavaThread "File lock request listener"        [_thread_in_native, id=15176, stack(0x000000c105700000,0x000000c105800000) (1024K)]
  0x0000021c16741cc0 JavaThread "Cache worker for file hash cache (C:\Users\ktech\.gradle\caches\9.4.1\fileHashes)"        [_thread_blocked, id=14352, stack(0x000000c105800000,0x000000c105900000) (1024K)]
  0x0000021c16a97b20 JavaThread "File watcher server"        daemon [_thread_in_native, id=17440, stack(0x000000c105c00000,0x000000c105d00000) (1024K)]
  0x0000021c16a9a910 JavaThread "File watcher consumer"      daemon [_thread_blocked, id=20096, stack(0x000000c105d00000,0x000000c105e00000) (1024K)]
  0x0000021c16a98840 JavaThread "jar transforms"                    [_thread_blocked, id=18760, stack(0x000000c105e00000,0x000000c105f00000) (1024K)]
  0x0000021c16a99bf0 JavaThread "jar transforms Thread 2"           [_thread_blocked, id=15600, stack(0x000000c105f00000,0x000000c106000000) (1024K)]
  0x0000021c16a9afa0 JavaThread "jar transforms Thread 3"           [_thread_blocked, id=1872, stack(0x000000c106000000,0x000000c106100000) (1024K)]
  0x0000021c16a98ed0 JavaThread "jar transforms Thread 4"           [_thread_blocked, id=17524, stack(0x000000c106100000,0x000000c106200000) (1024K)]
  0x0000021c186320c0 JavaThread "Cache worker for file content cache (C:\Users\ktech\.gradle\caches\9.4.1\fileContent)"        [_thread_blocked, id=17532, stack(0x000000c105900000,0x000000c105a00000) (1024K)]
  0x0000021c1598d190 JavaThread "Memory manager"                    [_thread_blocked, id=13812, stack(0x000000c106a00000,0x000000c106b00000) (1024K)]
  0x0000021c189fd2a0 JavaThread "pool-3-thread-1"                   [_thread_blocked, id=17240, stack(0x000000c106d00000,0x000000c106e00000) (1024K)]
  0x0000021c296a1d60 JavaThread "pool-6-thread-1"                   [_thread_blocked, id=2968, stack(0x000000c106e00000,0x000000c106f00000) (1024K)]
  0x0000021c22c20440 JavaThread "RMI Scheduler(0)"           daemon [_thread_blocked, id=15596, stack(0x000000c107700000,0x000000c107800000) (1024K)]
  0x0000021c22c1e370 JavaThread "RMI GC Daemon"              daemon [_thread_blocked, id=18872, stack(0x000000c107900000,0x000000c107a00000) (1024K)]
  0x0000021c22c1ea00 JavaThread "RMI TCP Accept-0"           daemon [_thread_in_native, id=19080, stack(0x000000c107a00000,0x000000c107b00000) (1024K)]
  0x0000021c22c1c2a0 JavaThread "RMI Reaper"                        [_thread_blocked, id=10132, stack(0x000000c107b00000,0x000000c107c00000) (1024K)]
  0x0000021c296ab450 JavaThread "Cache worker for Java compile cache (C:\Users\ktech\.gradle\caches\9.4.1\javaCompile)"        [_thread_blocked, id=17296, stack(0x000000c107e00000,0x000000c107f00000) (1024K)]
  0x0000021c358c0e00 JavaThread "pool-10-thread-1"                  [_thread_blocked, id=18468, stack(0x000000c106f00000,0x000000c107000000) (1024K)]
  0x0000021c358c2ed0 JavaThread "pool-13-thread-1"                  [_thread_blocked, id=5916, stack(0x000000c106c00000,0x000000c106d00000) (1024K)]
  0x0000021c22afb4c0 JavaThread "pool-17-thread-1"                  [_thread_blocked, id=16600, stack(0x000000c106900000,0x000000c106a00000) (1024K)]
  0x0000021c22b03170 JavaThread "pool-20-thread-1"                  [_thread_blocked, id=10804, stack(0x000000c107000000,0x000000c107100000) (1024K)]
  0x0000021c22b03800 JavaThread "pool-23-thread-1"                  [_thread_blocked, id=18656, stack(0x000000c106b00000,0x000000c106c00000) (1024K)]
  0x0000021c22b06c80 JavaThread "pool-26-thread-1"                  [_thread_blocked, id=2804, stack(0x000000c107300000,0x000000c107400000) (1024K)]
  0x0000021c2998f690 JavaThread "Daemon Thread 4"                   [_thread_blocked, id=18224, stack(0x000000c103e00000,0x000000c103f00000) (1024K)]
  0x0000021c2998fd20 JavaThread "Handler for socket connection from /127.0.0.1:53152 to /127.0.0.1:54272"        [_thread_in_native, id=14064, stack(0x000000c104900000,0x000000c104a00000) (1024K)]
  0x0000021c29995900 JavaThread "Cancel handler"                    [_thread_blocked, id=18616, stack(0x000000c105000000,0x000000c105100000) (1024K)]
  0x0000021c2998e970 JavaThread "Daemon worker Thread 4"            [_thread_blocked, id=15128, stack(0x000000c105100000,0x000000c105200000) (1024K)]
  0x0000021c29996620 JavaThread "Asynchronous log dispatcher for DefaultDaemonConnection: socket connection from /127.0.0.1:53152 to /127.0.0.1:54272"        [_thread_blocked, id=17348, stack(0x000000c105200000,0x000000c105300000) (1024K)]
  0x0000021c29996cb0 JavaThread "Stdin handler"                     [_thread_blocked, id=3580, stack(0x000000c105300000,0x000000c105400000) (1024K)]
  0x0000021c29997340 JavaThread "Daemon client event forwarder"        [_thread_blocked, id=14892, stack(0x000000c105400000,0x000000c105500000) (1024K)]
  0x0000021c299903b0 JavaThread "Cache worker for file hash cache (D:\Piece Job\Piece Job-Android\.gradle\9.4.1\fileHashes)"        [_thread_blocked, id=19468, stack(0x000000c105500000,0x000000c105600000) (1024K)]
  0x0000021c2999e960 JavaThread "Cache worker for Build Output Cleanup Cache (D:\Piece Job\Piece Job-Android\.gradle\buildOutputCleanup)"        [_thread_blocked, id=7888, stack(0x000000c105a00000,0x000000c105b00000) (1024K)]
  0x0000021c2999b4e0 JavaThread "Cache worker for checksums cache (D:\Piece Job\Piece Job-Android\.gradle\9.4.1\checksums)"        [_thread_blocked, id=19416, stack(0x000000c105b00000,0x000000c105c00000) (1024K)]
  0x0000021c299931a0 JavaThread "Cache worker for cache directory md-supplier (C:\Users\ktech\.gradle\caches\9.4.1\md-supplier)"        [_thread_blocked, id=17912, stack(0x000000c103500000,0x000000c103600000) (1024K)]
  0x0000021c2999bb70 JavaThread "Cache worker for cache directory md-rule (C:\Users\ktech\.gradle\caches\9.4.1\md-rule)"        [_thread_blocked, id=1248, stack(0x000000c106200000,0x000000c106300000) (1024K)]
  0x0000021c299979d0 JavaThread "Build operations"                  [_thread_blocked, id=19836, stack(0x000000c106300000,0x000000c106400000) (1024K)]
  0x0000021c29994be0 JavaThread "Build operations Thread 2"         [_thread_blocked, id=14768, stack(0x000000c106400000,0x000000c106500000) (1024K)]
  0x0000021c2999e2d0 JavaThread "Build operations Thread 3"         [_thread_blocked, id=10224, stack(0x000000c106500000,0x000000c106600000) (1024K)]
  0x0000021c2999d5b0 JavaThread "Build operations Thread 4"         [_thread_blocked, id=14324, stack(0x000000c106600000,0x000000c106700000) (1024K)]
  0x0000021c29998d80 JavaThread "Problems report writer"            [_thread_blocked, id=19668, stack(0x000000c106700000,0x000000c106800000) (1024K)]
  0x0000021c2999c890 JavaThread "build event listener"              [_thread_blocked, id=6440, stack(0x000000c106800000,0x000000c106900000) (1024K)]
  0x0000021c29999410 JavaThread "build event listener"              [_thread_blocked, id=18420, stack(0x000000c107100000,0x000000c107200000) (1024K)]
  0x0000021c2999c200 JavaThread "pool-30-thread-1"                  [_thread_blocked, id=18340, stack(0x000000c107200000,0x000000c107300000) (1024K)]
  0x0000021c2999dc40 JavaThread "build event listener"              [_thread_blocked, id=19856, stack(0x000000c107400000,0x000000c107500000) (1024K)]
  0x0000021c2999eff0 JavaThread "included builds"                   [_thread_blocked, id=19360, stack(0x000000c107500000,0x000000c107600000) (1024K)]
  0x0000021c29999aa0 JavaThread "Execution worker"                  [_thread_blocked, id=19328, stack(0x000000c107600000,0x000000c107700000) (1024K)]
  0x0000021c2999cf20 JavaThread "Execution worker Thread 2"         [_thread_blocked, id=7352, stack(0x000000c107800000,0x000000c107900000) (1024K)]
  0x0000021c2999a130 JavaThread "Execution worker Thread 3"         [_thread_blocked, id=15840, stack(0x000000c107c00000,0x000000c107d00000) (1024K)]
  0x0000021c2999a7c0 JavaThread "Cache worker for execution history cache (D:\Piece Job\Piece Job-Android\.gradle\9.4.1\executionHistory)"        [_thread_blocked, id=19088, stack(0x000000c107d00000,0x000000c107e00000) (1024K)]
  0x0000021c299a10c0 JavaThread "WorkerExecutor Queue Thread 4"        [_thread_in_native, id=12032, stack(0x000000c108400000,0x000000c108500000) (1024K)]
  0x0000021c2f2436a0 JavaThread "WorkerExecutor Queue Thread 5"        [_thread_in_Java, id=19368, stack(0x000000c108500000,0x000000c108600000) (1024K)]
  0x0000021c290d1060 JavaThread "WorkerExecutor Queue Thread 6"        [_thread_in_native, id=20316, stack(0x000000c103400000,0x000000c103500000) (1024K)]
  0x0000021c290d2aa0 JavaThread "ForkJoinPool.commonPool-worker-7" daemon [_thread_blocked, id=884, stack(0x000000c108000000,0x000000c108100000) (1024K)]
  0x0000021c2a2a2680 JavaThread "ForkJoinPool.commonPool-worker-8" daemon [_thread_blocked, id=3768, stack(0x000000c108200000,0x000000c108300000) (1024K)]
  0x0000021c2a2a3a30 JavaThread "ForkJoinPool.commonPool-worker-9" daemon [_thread_blocked, id=18816, stack(0x000000c108300000,0x000000c108400000) (1024K)]
  0x0000021c2f331610 JavaThread "RMI TCP Connection(idle)"   daemon [_thread_blocked, id=18808, stack(0x000000c108700000,0x000000c108800000) (1024K)]
  0x0000021c18efaac0 JavaThread "WorkerExecutor Queue Thread 7"        [_thread_blocked, id=7424, stack(0x000000c108800000,0x000000c108900000) (1024K)]
  0x0000021c22afc870 JavaThread "RMI TCP Connection(idle)"   daemon [_thread_blocked, id=15100, stack(0x000000c107f00000,0x000000c108000000) (1024K)]
Total: 73

Other Threads:
  0x0000021c7fb1ea60 VMThread "VM Thread"                           [id=16556, stack(0x000000c103d00000,0x000000c103e00000) (1024K)]
  0x0000021c7fab0f80 WatcherThread "VM Periodic Task Thread"        [id=16880, stack(0x000000c103c00000,0x000000c103d00000) (1024K)]
  0x0000021c77cd58a0 WorkerThread "GC Thread#0"                     [id=19252, stack(0x000000c103700000,0x000000c103800000) (1024K)]
  0x0000021c134e81f0 WorkerThread "GC Thread#1"                     [id=15896, stack(0x000000c104a00000,0x000000c104b00000) (1024K)]
  0x0000021c134e85a0 WorkerThread "GC Thread#2"                     [id=4776, stack(0x000000c104b00000,0x000000c104c00000) (1024K)]
  0x0000021c136a7eb0 WorkerThread "GC Thread#3"                     [id=4528, stack(0x000000c104c00000,0x000000c104d00000) (1024K)]
  0x0000021c77ce6640 ConcurrentGCThread "G1 Main Marker"            [id=18552, stack(0x000000c103800000,0x000000c103900000) (1024K)]
  0x0000021c77ce7070 WorkerThread "G1 Conc#0"                       [id=2116, stack(0x000000c103900000,0x000000c103a00000) (1024K)]
  0x0000021c7f9885a0 ConcurrentGCThread "G1 Refine#0"               [id=8160, stack(0x000000c103a00000,0x000000c103b00000) (1024K)]
  0x0000021c7f988ed0 ConcurrentGCThread "G1 Service"                [id=12632, stack(0x000000c103b00000,0x000000c103c00000) (1024K)]
Total: 10

Threads with active compile tasks:
C2 CompilerThread0  4167753 59082       4       com.android.tools.r8.ir.optimize.x::a (566 bytes)
Total: 1

VM state: not at safepoint (normal execution)

VM Mutex/Monitor currently owned by a thread: None

Heap address: 0x0000000080000000, size: 2048 MB, Compressed Oops mode: 32-bit

CDS archive(s) not mapped
Compressed class space mapped at: 0x0000000100000000-0x0000000140000000, reserved size: 1073741824
Narrow klass base: 0x0000000000000000, Narrow klass shift: 3, Narrow klass range: 0x140000000

GC Precious Log:
 CardTable entry size: 512
 Card Set container configuration: InlinePtr #cards 5 size 8 Array Of Cards #cards 12 size 40 Howl #buckets 4 coarsen threshold 1843 Howl Bitmap #cards 512 size 80 coarsen threshold 460 Card regions per heap region 1 cards per card region 2048
 CPUs: 4 total, 4 available
 Memory: 12146M
 Large Page Support: Disabled
 NUMA Support: Disabled
 Compressed Oops: Enabled (32-bit)
 Heap Region Size: 1M
 Heap Min Capacity: 8M
 Heap Initial Capacity: 190M
 Heap Max Capacity: 2G
 Pre-touch: Disabled
 Parallel Workers: 4
 Concurrent Workers: 1
 Concurrent Refinement Workers: 4
 Periodic GC: Disabled

Heap:
 garbage-first heap   total 1915904K, used 653698K [0x0000000080000000, 0x0000000100000000)
  region size 1024K, 149 young (152576K), 12 survivors (12288K)
 Metaspace       used 337875K, committed 346240K, reserved 1376256K
  class space    used 42960K, committed 45056K, reserved 1048576K

Heap Regions: E=young(eden), S=young(survivor), O=old, HS=humongous(starts), HC=humongous(continues), CS=collection set, F=free, TAMS=top-at-mark-start, PB=parsable bottom
|   0|0x0000000080000000, 0x0000000080100000, 0x0000000080100000|100%|HS|  |TAMS 0x0000000080000000| PB 0x0000000080000000| Complete 
|   1|0x0000000080100000, 0x0000000080200000, 0x0000000080200000|100%|HC|  |TAMS 0x0000000080100000| PB 0x0000000080100000| Complete 
|   2|0x0000000080200000, 0x0000000080300000, 0x0000000080300000|100%|HC|  |TAMS 0x0000000080200000| PB 0x0000000080200000| Complete 
|   3|0x0000000080300000, 0x0000000080400000, 0x0000000080400000|100%|HC|  |TAMS 0x0000000080300000| PB 0x0000000080300000| Complete 
|   4|0x0000000080400000, 0x0000000080500000, 0x0000000080500000|100%| O|  |TAMS 0x0000000080400000| PB 0x0000000080400000| Untracked 
|   5|0x0000000080500000, 0x0000000080600000, 0x0000000080600000|100%| O|  |TAMS 0x0000000080500000| PB 0x0000000080500000| Untracked 
|   6|0x0000000080600000, 0x0000000080700000, 0x0000000080700000|100%| O|  |TAMS 0x0000000080600000| PB 0x0000000080600000| Untracked 
|   7|0x0000000080700000, 0x0000000080800000, 0x0000000080800000|100%| O|  |TAMS 0x0000000080700000| PB 0x0000000080700000| Untracked 
|   8|0x0000000080800000, 0x0000000080900000, 0x0000000080900000|100%|HS|  |TAMS 0x0000000080800000| PB 0x0000000080800000| Complete 
|   9|0x0000000080900000, 0x0000000080a00000, 0x0000000080a00000|100%| O|  |TAMS 0x0000000080900000| PB 0x0000000080900000| Untracked 
|  10|0x0000000080a00000, 0x0000000080b00000, 0x0000000080b00000|100%| O|  |TAMS 0x0000000080a00000| PB 0x0000000080a00000| Untracked 
|  11|0x0000000080b00000, 0x0000000080c00000, 0x0000000080c00000|100%| O|  |TAMS 0x0000000080b00000| PB 0x0000000080b00000| Untracked 
|  12|0x0000000080c00000, 0x0000000080d00000, 0x0000000080d00000|100%| O|  |TAMS 0x0000000080c00000| PB 0x0000000080c00000| Untracked 
|  13|0x0000000080d00000, 0x0000000080e00000, 0x0000000080e00000|100%| O|  |TAMS 0x0000000080d00000| PB 0x0000000080d00000| Untracked 
|  14|0x0000000080e00000, 0x0000000080f00000, 0x0000000080f00000|100%| O|  |TAMS 0x0000000080e00000| PB 0x0000000080e00000| Untracked 
|  15|0x0000000080f00000, 0x0000000081000000, 0x0000000081000000|100%| O|  |TAMS 0x0000000080f00000| PB 0x0000000080f00000| Untracked 
|  16|0x0000000081000000, 0x0000000081100000, 0x0000000081100000|100%| O|  |TAMS 0x0000000081000000| PB 0x0000000081000000| Untracked 
|  17|0x0000000081100000, 0x0000000081200000, 0x0000000081200000|100%| O|  |TAMS 0x0000000081100000| PB 0x0000000081100000| Untracked 
|  18|0x0000000081200000, 0x0000000081300000, 0x0000000081300000|100%| O|  |TAMS 0x0000000081200000| PB 0x0000000081200000| Untracked 
|  19|0x0000000081300000, 0x0000000081400000, 0x0000000081400000|100%| O|  |TAMS 0x0000000081300000| PB 0x0000000081300000| Untracked 
|  20|0x0000000081400000, 0x0000000081500000, 0x0000000081500000|100%| O|  |TAMS 0x0000000081400000| PB 0x0000000081400000| Untracked 
|  21|0x0000000081500000, 0x0000000081600000, 0x0000000081600000|100%| O|  |TAMS 0x0000000081500000| PB 0x0000000081500000| Untracked 
|  22|0x0000000081600000, 0x0000000081700000, 0x0000000081700000|100%|HS|  |TAMS 0x0000000081600000| PB 0x0000000081600000| Complete 
|  23|0x0000000081700000, 0x0000000081800000, 0x0000000081800000|100%|HC|  |TAMS 0x0000000081700000| PB 0x0000000081700000| Complete 
|  24|0x0000000081800000, 0x0000000081900000, 0x0000000081900000|100%|HC|  |TAMS 0x0000000081800000| PB 0x0000000081800000| Complete 
|  25|0x0000000081900000, 0x0000000081a00000, 0x0000000081a00000|100%|HC|  |TAMS 0x0000000081900000| PB 0x0000000081900000| Complete 
|  26|0x0000000081a00000, 0x0000000081b00000, 0x0000000081b00000|100%|HC|  |TAMS 0x0000000081a00000| PB 0x0000000081a00000| Complete 
|  27|0x0000000081b00000, 0x0000000081c00000, 0x0000000081c00000|100%|HC|  |TAMS 0x0000000081b00000| PB 0x0000000081b00000| Complete 
|  28|0x0000000081c00000, 0x0000000081d00000, 0x0000000081d00000|100%|HS|  |TAMS 0x0000000081c00000| PB 0x0000000081c00000| Complete 
|  29|0x0000000081d00000, 0x0000000081e00000, 0x0000000081e00000|100%|HC|  |TAMS 0x0000000081d00000| PB 0x0000000081d00000| Complete 
|  30|0x0000000081e00000, 0x0000000081f00000, 0x0000000081f00000|100%|HS|  |TAMS 0x0000000081e00000| PB 0x0000000081e00000| Complete 
|  31|0x0000000081f00000, 0x0000000082000000, 0x0000000082000000|100%| O|  |TAMS 0x0000000081f00000| PB 0x0000000081f00000| Untracked 
|  32|0x0000000082000000, 0x0000000082100000, 0x0000000082100000|100%| O|  |TAMS 0x0000000082000000| PB 0x0000000082000000| Untracked 
|  33|0x0000000082100000, 0x0000000082200000, 0x0000000082200000|100%|HS|  |TAMS 0x0000000082100000| PB 0x0000000082100000| Complete 
|  34|0x0000000082200000, 0x0000000082300000, 0x0000000082300000|100%|HC|  |TAMS 0x0000000082200000| PB 0x0000000082200000| Complete 
|  35|0x0000000082300000, 0x0000000082400000, 0x0000000082400000|100%|HC|  |TAMS 0x0000000082300000| PB 0x0000000082300000| Complete 
|  36|0x0000000082400000, 0x0000000082500000, 0x0000000082500000|100%|HC|  |TAMS 0x0000000082400000| PB 0x0000000082400000| Complete 
|  37|0x0000000082500000, 0x0000000082600000, 0x0000000082600000|100%|HC|  |TAMS 0x0000000082500000| PB 0x0000000082500000| Complete 
|  38|0x0000000082600000, 0x0000000082700000, 0x0000000082700000|100%|HC|  |TAMS 0x0000000082600000| PB 0x0000000082600000| Complete 
|  39|0x0000000082700000, 0x0000000082800000, 0x0000000082800000|100%|HS|  |TAMS 0x0000000082700000| PB 0x0000000082700000| Complete 
|  40|0x0000000082800000, 0x0000000082900000, 0x0000000082900000|100%|HC|  |TAMS 0x0000000082800000| PB 0x0000000082800000| Complete 
|  41|0x0000000082900000, 0x0000000082a00000, 0x0000000082a00000|100%|HS|  |TAMS 0x0000000082900000| PB 0x0000000082900000| Complete 
|  42|0x0000000082a00000, 0x0000000082b00000, 0x0000000082b00000|100%| O|  |TAMS 0x0000000082a00000| PB 0x0000000082a00000| Untracked 
|  43|0x0000000082b00000, 0x0000000082c00000, 0x0000000082c00000|100%| O|  |TAMS 0x0000000082b00000| PB 0x0000000082b00000| Untracked 
|  44|0x0000000082c00000, 0x0000000082d00000, 0x0000000082d00000|100%| O|  |TAMS 0x0000000082c00000| PB 0x0000000082c00000| Untracked 
|  45|0x0000000082d00000, 0x0000000082e00000, 0x0000000082e00000|100%| O|  |TAMS 0x0000000082d00000| PB 0x0000000082d00000| Untracked 
|  46|0x0000000082e00000, 0x0000000082f00000, 0x0000000082f00000|100%| O|  |TAMS 0x0000000082e00000| PB 0x0000000082e00000| Untracked 
|  47|0x0000000082f00000, 0x0000000083000000, 0x0000000083000000|100%| O|  |TAMS 0x0000000082f00000| PB 0x0000000082f00000| Untracked 
|  48|0x0000000083000000, 0x0000000083100000, 0x0000000083100000|100%| O|  |TAMS 0x0000000083000000| PB 0x0000000083000000| Untracked 
|  49|0x0000000083100000, 0x0000000083200000, 0x0000000083200000|100%| O|  |TAMS 0x0000000083100000| PB 0x0000000083100000| Untracked 
|  50|0x0000000083200000, 0x0000000083300000, 0x0000000083300000|100%| O|  |TAMS 0x0000000083200000| PB 0x0000000083200000| Untracked 
|  51|0x0000000083300000, 0x0000000083400000, 0x0000000083400000|100%| O|  |TAMS 0x0000000083300000| PB 0x0000000083300000| Untracked 
|  52|0x0000000083400000, 0x0000000083500000, 0x0000000083500000|100%|HS|  |TAMS 0x0000000083400000| PB 0x0000000083400000| Complete 
|  53|0x0000000083500000, 0x0000000083600000, 0x0000000083600000|100%|HC|  |TAMS 0x0000000083500000| PB 0x0000000083500000| Complete 
|  54|0x0000000083600000, 0x0000000083700000, 0x0000000083700000|100%| O|  |TAMS 0x0000000083600000| PB 0x0000000083600000| Untracked 
|  55|0x0000000083700000, 0x0000000083800000, 0x0000000083800000|100%| O|  |TAMS 0x0000000083700000| PB 0x0000000083700000| Untracked 
|  56|0x0000000083800000, 0x0000000083900000, 0x0000000083900000|100%| O|  |TAMS 0x0000000083800000| PB 0x0000000083800000| Untracked 
|  57|0x0000000083900000, 0x0000000083a00000, 0x0000000083a00000|100%| O|  |TAMS 0x0000000083900000| PB 0x0000000083900000| Untracked 
|  58|0x0000000083a00000, 0x0000000083b00000, 0x0000000083b00000|100%| O|  |TAMS 0x0000000083a00000| PB 0x0000000083a00000| Untracked 
|  59|0x0000000083b00000, 0x0000000083c00000, 0x0000000083c00000|100%| O|  |TAMS 0x0000000083b00000| PB 0x0000000083b00000| Untracked 
|  60|0x0000000083c00000, 0x0000000083d00000, 0x0000000083d00000|100%| O|  |TAMS 0x0000000083c00000| PB 0x0000000083c00000| Untracked 
|  61|0x0000000083d00000, 0x0000000083e00000, 0x0000000083e00000|100%| O|  |TAMS 0x0000000083d00000| PB 0x0000000083d00000| Untracked 
|  62|0x0000000083e00000, 0x0000000083f00000, 0x0000000083f00000|100%| O|  |TAMS 0x0000000083e00000| PB 0x0000000083e00000| Untracked 
|  63|0x0000000083f00000, 0x0000000084000000, 0x0000000084000000|100%| O|  |TAMS 0x0000000083f00000| PB 0x0000000083f00000| Untracked 
|  64|0x0000000084000000, 0x0000000084100000, 0x0000000084100000|100%| O|  |TAMS 0x0000000084000000| PB 0x0000000084000000| Untracked 
|  65|0x0000000084100000, 0x0000000084200000, 0x0000000084200000|100%| O|  |TAMS 0x0000000084100000| PB 0x0000000084100000| Untracked 
|  66|0x0000000084200000, 0x0000000084300000, 0x0000000084300000|100%| O|  |TAMS 0x0000000084200000| PB 0x0000000084200000| Untracked 
|  67|0x0000000084300000, 0x0000000084400000, 0x0000000084400000|100%| O|  |TAMS 0x0000000084300000| PB 0x0000000084300000| Untracked 
|  68|0x0000000084400000, 0x0000000084500000, 0x0000000084500000|100%| O|  |TAMS 0x0000000084400000| PB 0x0000000084400000| Untracked 
|  69|0x0000000084500000, 0x0000000084600000, 0x0000000084600000|100%| O|  |TAMS 0x0000000084500000| PB 0x0000000084500000| Untracked 
|  70|0x0000000084600000, 0x0000000084700000, 0x0000000084700000|100%| O|  |TAMS 0x0000000084600000| PB 0x0000000084600000| Untracked 
|  71|0x0000000084700000, 0x0000000084800000, 0x0000000084800000|100%| O|  |TAMS 0x0000000084700000| PB 0x0000000084700000| Untracked 
|  72|0x0000000084800000, 0x0000000084900000, 0x0000000084900000|100%| O|  |TAMS 0x0000000084800000| PB 0x0000000084800000| Untracked 
|  73|0x0000000084900000, 0x0000000084a00000, 0x0000000084a00000|100%| O|  |TAMS 0x0000000084900000| PB 0x0000000084900000| Untracked 
|  74|0x0000000084a00000, 0x0000000084b00000, 0x0000000084b00000|100%| O|  |TAMS 0x0000000084a00000| PB 0x0000000084a00000| Untracked 
|  75|0x0000000084b00000, 0x0000000084c00000, 0x0000000084c00000|100%| O|  |TAMS 0x0000000084b00000| PB 0x0000000084b00000| Untracked 
|  76|0x0000000084c00000, 0x0000000084d00000, 0x0000000084d00000|100%| O|  |TAMS 0x0000000084c00000| PB 0x0000000084c00000| Untracked 
|  77|0x0000000084d00000, 0x0000000084e00000, 0x0000000084e00000|100%| O|  |TAMS 0x0000000084d00000| PB 0x0000000084d00000| Untracked 
|  78|0x0000000084e00000, 0x0000000084f00000, 0x0000000084f00000|100%| O|  |TAMS 0x0000000084e00000| PB 0x0000000084e00000| Untracked 
|  79|0x0000000084f00000, 0x0000000085000000, 0x0000000085000000|100%| O|  |TAMS 0x0000000084f00000| PB 0x0000000084f00000| Untracked 
|  80|0x0000000085000000, 0x0000000085100000, 0x0000000085100000|100%| O|  |TAMS 0x0000000085000000| PB 0x0000000085000000| Untracked 
|  81|0x0000000085100000, 0x0000000085200000, 0x0000000085200000|100%| O|  |TAMS 0x0000000085100000| PB 0x0000000085100000| Untracked 
|  82|0x0000000085200000, 0x0000000085300000, 0x0000000085300000|100%| O|  |TAMS 0x0000000085200000| PB 0x0000000085200000| Untracked 
|  83|0x0000000085300000, 0x0000000085400000, 0x0000000085400000|100%| O|  |TAMS 0x0000000085300000| PB 0x0000000085300000| Untracked 
|  84|0x0000000085400000, 0x0000000085500000, 0x0000000085500000|100%| O|  |TAMS 0x0000000085400000| PB 0x0000000085400000| Untracked 
|  85|0x0000000085500000, 0x0000000085600000, 0x0000000085600000|100%| O|  |TAMS 0x0000000085500000| PB 0x0000000085500000| Untracked 
|  86|0x0000000085600000, 0x0000000085700000, 0x0000000085700000|100%|HS|  |TAMS 0x0000000085600000| PB 0x0000000085600000| Complete 
|  87|0x0000000085700000, 0x0000000085800000, 0x0000000085800000|100%| O|  |TAMS 0x0000000085700000| PB 0x0000000085700000| Untracked 
|  88|0x0000000085800000, 0x0000000085900000, 0x0000000085900000|100%| O|  |TAMS 0x0000000085800000| PB 0x0000000085800000| Untracked 
|  89|0x0000000085900000, 0x0000000085a00000, 0x0000000085a00000|100%| O|  |TAMS 0x0000000085900000| PB 0x0000000085900000| Untracked 
|  90|0x0000000085a00000, 0x0000000085b00000, 0x0000000085b00000|100%| O|  |TAMS 0x0000000085a00000| PB 0x0000000085a00000| Untracked 
|  91|0x0000000085b00000, 0x0000000085c00000, 0x0000000085c00000|100%| O|  |TAMS 0x0000000085b00000| PB 0x0000000085b00000| Untracked 
|  92|0x0000000085c00000, 0x0000000085d00000, 0x0000000085d00000|100%| O|  |TAMS 0x0000000085c00000| PB 0x0000000085c00000| Untracked 
|  93|0x0000000085d00000, 0x0000000085e00000, 0x0000000085e00000|100%| O|  |TAMS 0x0000000085d00000| PB 0x0000000085d00000| Untracked 
|  94|0x0000000085e00000, 0x0000000085f00000, 0x0000000085f00000|100%| O|  |TAMS 0x0000000085e00000| PB 0x0000000085e00000| Untracked 
|  95|0x0000000085f00000, 0x0000000086000000, 0x0000000086000000|100%| O|  |TAMS 0x0000000085f00000| PB 0x0000000085f00000| Untracked 
|  96|0x0000000086000000, 0x0000000086100000, 0x0000000086100000|100%| O|  |TAMS 0x0000000086000000| PB 0x0000000086000000| Untracked 
|  97|0x0000000086100000, 0x0000000086200000, 0x0000000086200000|100%| O|  |TAMS 0x0000000086100000| PB 0x0000000086100000| Untracked 
|  98|0x0000000086200000, 0x0000000086300000, 0x0000000086300000|100%| O|  |TAMS 0x0000000086200000| PB 0x0000000086200000| Untracked 
|  99|0x0000000086300000, 0x0000000086400000, 0x0000000086400000|100%| O|  |TAMS 0x0000000086300000| PB 0x0000000086300000| Untracked 
| 100|0x0000000086400000, 0x0000000086500000, 0x0000000086500000|100%| O|  |TAMS 0x0000000086400000| PB 0x0000000086400000| Untracked 
| 101|0x0000000086500000, 0x0000000086600000, 0x0000000086600000|100%| O|  |TAMS 0x0000000086500000| PB 0x0000000086500000| Untracked 
| 102|0x0000000086600000, 0x0000000086700000, 0x0000000086700000|100%|HS|  |TAMS 0x0000000086600000| PB 0x0000000086600000| Complete 
| 103|0x0000000086700000, 0x0000000086800000, 0x0000000086800000|100%|HC|  |TAMS 0x0000000086700000| PB 0x0000000086700000| Complete 
| 104|0x0000000086800000, 0x0000000086900000, 0x0000000086900000|100%| O|  |TAMS 0x0000000086800000| PB 0x0000000086800000| Untracked 
| 105|0x0000000086900000, 0x0000000086a00000, 0x0000000086a00000|100%| O|  |TAMS 0x0000000086900000| PB 0x0000000086900000| Untracked 
| 106|0x0000000086a00000, 0x0000000086b00000, 0x0000000086b00000|100%| O|  |TAMS 0x0000000086a00000| PB 0x0000000086a00000| Untracked 
| 107|0x0000000086b00000, 0x0000000086c00000, 0x0000000086c00000|100%| O|  |TAMS 0x0000000086b00000| PB 0x0000000086b00000| Untracked 
| 108|0x0000000086c00000, 0x0000000086d00000, 0x0000000086d00000|100%| O|  |TAMS 0x0000000086c00000| PB 0x0000000086c00000| Untracked 
| 109|0x0000000086d00000, 0x0000000086e00000, 0x0000000086e00000|100%| O|  |TAMS 0x0000000086d00000| PB 0x0000000086d00000| Untracked 
| 110|0x0000000086e00000, 0x0000000086f00000, 0x0000000086f00000|100%| O|  |TAMS 0x0000000086e00000| PB 0x0000000086e00000| Untracked 
| 111|0x0000000086f00000, 0x0000000087000000, 0x0000000087000000|100%| O|  |TAMS 0x0000000086f00000| PB 0x0000000086f00000| Untracked 
| 112|0x0000000087000000, 0x0000000087100000, 0x0000000087100000|100%|HS|  |TAMS 0x0000000087000000| PB 0x0000000087000000| Complete 
| 113|0x0000000087100000, 0x0000000087200000, 0x0000000087200000|100%| O|  |TAMS 0x0000000087100000| PB 0x0000000087100000| Untracked 
| 114|0x0000000087200000, 0x0000000087300000, 0x0000000087300000|100%| O|  |TAMS 0x0000000087200000| PB 0x0000000087200000| Untracked 
| 115|0x0000000087300000, 0x0000000087400000, 0x0000000087400000|100%| O|  |TAMS 0x0000000087300000| PB 0x0000000087300000| Untracked 
| 116|0x0000000087400000, 0x0000000087500000, 0x0000000087500000|100%| O|  |TAMS 0x0000000087400000| PB 0x0000000087400000| Untracked 
| 117|0x0000000087500000, 0x0000000087600000, 0x0000000087600000|100%| O|  |TAMS 0x0000000087500000| PB 0x0000000087500000| Untracked 
| 118|0x0000000087600000, 0x0000000087700000, 0x0000000087700000|100%| O|  |TAMS 0x0000000087600000| PB 0x0000000087600000| Untracked 
| 119|0x0000000087700000, 0x0000000087800000, 0x0000000087800000|100%| O|  |TAMS 0x0000000087700000| PB 0x0000000087700000| Untracked 
| 120|0x0000000087800000, 0x0000000087900000, 0x0000000087900000|100%| O|  |TAMS 0x0000000087800000| PB 0x0000000087800000| Untracked 
| 121|0x0000000087900000, 0x0000000087a00000, 0x0000000087a00000|100%| O|  |TAMS 0x0000000087900000| PB 0x0000000087900000| Untracked 
| 122|0x0000000087a00000, 0x0000000087b00000, 0x0000000087b00000|100%| O|  |TAMS 0x0000000087a00000| PB 0x0000000087a00000| Untracked 
| 123|0x0000000087b00000, 0x0000000087c00000, 0x0000000087c00000|100%| O|  |TAMS 0x0000000087b00000| PB 0x0000000087b00000| Untracked 
| 124|0x0000000087c00000, 0x0000000087d00000, 0x0000000087d00000|100%| O|  |TAMS 0x0000000087c00000| PB 0x0000000087c00000| Untracked 
| 125|0x0000000087d00000, 0x0000000087e00000, 0x0000000087e00000|100%| O|  |TAMS 0x0000000087d00000| PB 0x0000000087d00000| Untracked 
| 126|0x0000000087e00000, 0x0000000087f00000, 0x0000000087f00000|100%| O|  |TAMS 0x0000000087e00000| PB 0x0000000087e00000| Untracked 
| 127|0x0000000087f00000, 0x0000000088000000, 0x0000000088000000|100%| O|  |TAMS 0x0000000087f00000| PB 0x0000000087f00000| Untracked 
| 128|0x0000000088000000, 0x0000000088100000, 0x0000000088100000|100%| O|  |TAMS 0x0000000088000000| PB 0x0000000088000000| Untracked 
| 129|0x0000000088100000, 0x0000000088200000, 0x0000000088200000|100%| O|  |TAMS 0x0000000088100000| PB 0x0000000088100000| Untracked 
| 130|0x0000000088200000, 0x0000000088300000, 0x0000000088300000|100%| O|  |TAMS 0x0000000088200000| PB 0x0000000088200000| Untracked 
| 131|0x0000000088300000, 0x0000000088400000, 0x0000000088400000|100%| O|  |TAMS 0x0000000088300000| PB 0x0000000088300000| Untracked 
| 132|0x0000000088400000, 0x0000000088500000, 0x0000000088500000|100%| O|  |TAMS 0x0000000088400000| PB 0x0000000088400000| Untracked 
| 133|0x0000000088500000, 0x0000000088600000, 0x0000000088600000|100%|HS|  |TAMS 0x0000000088500000| PB 0x0000000088500000| Complete 
| 134|0x0000000088600000, 0x0000000088700000, 0x0000000088700000|100%|HS|  |TAMS 0x0000000088600000| PB 0x0000000088600000| Complete 
| 135|0x0000000088700000, 0x0000000088800000, 0x0000000088800000|100%|HS|  |TAMS 0x0000000088700000| PB 0x0000000088700000| Complete 
| 136|0x0000000088800000, 0x0000000088900000, 0x0000000088900000|100%|HC|  |TAMS 0x0000000088800000| PB 0x0000000088800000| Complete 
| 137|0x0000000088900000, 0x0000000088a00000, 0x0000000088a00000|100%|HS|  |TAMS 0x0000000088900000| PB 0x0000000088900000| Complete 
| 138|0x0000000088a00000, 0x0000000088b00000, 0x0000000088b00000|100%|HC|  |TAMS 0x0000000088a00000| PB 0x0000000088a00000| Complete 
| 139|0x0000000088b00000, 0x0000000088c00000, 0x0000000088c00000|100%|HS|  |TAMS 0x0000000088b00000| PB 0x0000000088b00000| Complete 
| 140|0x0000000088c00000, 0x0000000088d00000, 0x0000000088d00000|100%|HS|  |TAMS 0x0000000088c00000| PB 0x0000000088c00000| Complete 
| 141|0x0000000088d00000, 0x0000000088e00000, 0x0000000088e00000|100%|HC|  |TAMS 0x0000000088d00000| PB 0x0000000088d00000| Complete 
| 142|0x0000000088e00000, 0x0000000088f00000, 0x0000000088f00000|100%|HC|  |TAMS 0x0000000088e00000| PB 0x0000000088e00000| Complete 
| 143|0x0000000088f00000, 0x0000000089000000, 0x0000000089000000|100%|HS|  |TAMS 0x0000000088f00000| PB 0x0000000088f00000| Complete 
| 144|0x0000000089000000, 0x0000000089100000, 0x0000000089100000|100%| O|  |TAMS 0x0000000089000000| PB 0x0000000089000000| Untracked 
| 145|0x0000000089100000, 0x0000000089200000, 0x0000000089200000|100%|HS|  |TAMS 0x0000000089100000| PB 0x0000000089100000| Complete 
| 146|0x0000000089200000, 0x0000000089300000, 0x0000000089300000|100%|HS|  |TAMS 0x0000000089200000| PB 0x0000000089200000| Complete 
| 147|0x0000000089300000, 0x0000000089400000, 0x0000000089400000|100%| O|  |TAMS 0x0000000089300000| PB 0x0000000089300000| Untracked 
| 148|0x0000000089400000, 0x0000000089500000, 0x0000000089500000|100%| O|  |TAMS 0x0000000089400000| PB 0x0000000089400000| Untracked 
| 149|0x0000000089500000, 0x0000000089600000, 0x0000000089600000|100%| O|  |TAMS 0x0000000089500000| PB 0x0000000089500000| Untracked 
| 150|0x0000000089600000, 0x0000000089700000, 0x0000000089700000|100%| O|  |TAMS 0x0000000089600000| PB 0x0000000089600000| Untracked 
| 151|0x0000000089700000, 0x0000000089800000, 0x0000000089800000|100%| O|  |TAMS 0x0000000089700000| PB 0x0000000089700000| Untracked 
| 152|0x0000000089800000, 0x0000000089900000, 0x0000000089900000|100%| O|  |TAMS 0x0000000089800000| PB 0x0000000089800000| Untracked 
| 153|0x0000000089900000, 0x0000000089a00000, 0x0000000089a00000|100%| O|  |TAMS 0x0000000089900000| PB 0x0000000089900000| Untracked 
| 154|0x0000000089a00000, 0x0000000089b00000, 0x0000000089b00000|100%| O|  |TAMS 0x0000000089a00000| PB 0x0000000089a00000| Untracked 
| 155|0x0000000089b00000, 0x0000000089c00000, 0x0000000089c00000|100%| O|  |TAMS 0x0000000089b00000| PB 0x0000000089b00000| Untracked 
| 156|0x0000000089c00000, 0x0000000089d00000, 0x0000000089d00000|100%| O|  |TAMS 0x0000000089c00000| PB 0x0000000089c00000| Untracked 
| 157|0x0000000089d00000, 0x0000000089e00000, 0x0000000089e00000|100%| O|  |TAMS 0x0000000089d00000| PB 0x0000000089d00000| Untracked 
| 158|0x0000000089e00000, 0x0000000089f00000, 0x0000000089f00000|100%| O|  |TAMS 0x0000000089e00000| PB 0x0000000089e00000| Untracked 
| 159|0x0000000089f00000, 0x000000008a000000, 0x000000008a000000|100%| O|  |TAMS 0x0000000089f00000| PB 0x0000000089f00000| Untracked 
| 160|0x000000008a000000, 0x000000008a100000, 0x000000008a100000|100%| O|  |TAMS 0x000000008a000000| PB 0x000000008a000000| Untracked 
| 161|0x000000008a100000, 0x000000008a200000, 0x000000008a200000|100%| O|  |TAMS 0x000000008a100000| PB 0x000000008a100000| Untracked 
| 162|0x000000008a200000, 0x000000008a300000, 0x000000008a300000|100%|HS|  |TAMS 0x000000008a200000| PB 0x000000008a200000| Complete 
| 163|0x000000008a300000, 0x000000008a400000, 0x000000008a400000|100%|HC|  |TAMS 0x000000008a300000| PB 0x000000008a300000| Complete 
| 164|0x000000008a400000, 0x000000008a500000, 0x000000008a500000|100%|HC|  |TAMS 0x000000008a400000| PB 0x000000008a400000| Complete 
| 165|0x000000008a500000, 0x000000008a600000, 0x000000008a600000|100%| O|  |TAMS 0x000000008a500000| PB 0x000000008a500000| Untracked 
| 166|0x000000008a600000, 0x000000008a700000, 0x000000008a700000|100%|HS|  |TAMS 0x000000008a600000| PB 0x000000008a600000| Complete 
| 167|0x000000008a700000, 0x000000008a800000, 0x000000008a800000|100%| O|  |TAMS 0x000000008a700000| PB 0x000000008a700000| Untracked 
| 168|0x000000008a800000, 0x000000008a900000, 0x000000008a900000|100%| O|  |TAMS 0x000000008a800000| PB 0x000000008a800000| Untracked 
| 169|0x000000008a900000, 0x000000008aa00000, 0x000000008aa00000|100%| O|  |TAMS 0x000000008a900000| PB 0x000000008a900000| Untracked 
| 170|0x000000008aa00000, 0x000000008ab00000, 0x000000008ab00000|100%| O|  |TAMS 0x000000008aa00000| PB 0x000000008aa00000| Untracked 
| 171|0x000000008ab00000, 0x000000008ac00000, 0x000000008ac00000|100%| O|  |TAMS 0x000000008ab00000| PB 0x000000008ab00000| Untracked 
| 172|0x000000008ac00000, 0x000000008ad00000, 0x000000008ad00000|100%| O|  |TAMS 0x000000008ac00000| PB 0x000000008ac00000| Untracked 
| 173|0x000000008ad00000, 0x000000008ae00000, 0x000000008ae00000|100%| O|  |TAMS 0x000000008ad00000| PB 0x000000008ad00000| Untracked 
| 174|0x000000008ae00000, 0x000000008af00000, 0x000000008af00000|100%| O|  |TAMS 0x000000008ae00000| PB 0x000000008ae00000| Untracked 
| 175|0x000000008af00000, 0x000000008b000000, 0x000000008b000000|100%| O|  |TAMS 0x000000008af00000| PB 0x000000008af00000| Untracked 
| 176|0x000000008b000000, 0x000000008b100000, 0x000000008b100000|100%| O|  |TAMS 0x000000008b000000| PB 0x000000008b000000| Untracked 
| 177|0x000000008b100000, 0x000000008b200000, 0x000000008b200000|100%| O|  |TAMS 0x000000008b100000| PB 0x000000008b100000| Untracked 
| 178|0x000000008b200000, 0x000000008b300000, 0x000000008b300000|100%| O|  |TAMS 0x000000008b200000| PB 0x000000008b200000| Untracked 
| 179|0x000000008b300000, 0x000000008b400000, 0x000000008b400000|100%| O|  |TAMS 0x000000008b300000| PB 0x000000008b300000| Untracked 
| 180|0x000000008b400000, 0x000000008b500000, 0x000000008b500000|100%| O|  |TAMS 0x000000008b400000| PB 0x000000008b400000| Untracked 
| 181|0x000000008b500000, 0x000000008b600000, 0x000000008b600000|100%| O|  |TAMS 0x000000008b500000| PB 0x000000008b500000| Untracked 
| 182|0x000000008b600000, 0x000000008b700000, 0x000000008b700000|100%| O|  |TAMS 0x000000008b600000| PB 0x000000008b600000| Untracked 
| 183|0x000000008b700000, 0x000000008b800000, 0x000000008b800000|100%| O|  |TAMS 0x000000008b700000| PB 0x000000008b700000| Untracked 
| 184|0x000000008b800000, 0x000000008b900000, 0x000000008b900000|100%| O|  |TAMS 0x000000008b800000| PB 0x000000008b800000| Untracked 
| 185|0x000000008b900000, 0x000000008ba00000, 0x000000008ba00000|100%| O|  |TAMS 0x000000008b900000| PB 0x000000008b900000| Untracked 
| 186|0x000000008ba00000, 0x000000008bb00000, 0x000000008bb00000|100%| O|  |TAMS 0x000000008ba00000| PB 0x000000008ba00000| Untracked 
| 187|0x000000008bb00000, 0x000000008bc00000, 0x000000008bc00000|100%| O|  |TAMS 0x000000008bb00000| PB 0x000000008bb00000| Untracked 
| 188|0x000000008bc00000, 0x000000008bd00000, 0x000000008bd00000|100%| O|  |TAMS 0x000000008bc00000| PB 0x000000008bc00000| Untracked 
| 189|0x000000008bd00000, 0x000000008be00000, 0x000000008be00000|100%| O|  |TAMS 0x000000008bd00000| PB 0x000000008bd00000| Untracked 
| 190|0x000000008be00000, 0x000000008bf00000, 0x000000008bf00000|100%| O|  |TAMS 0x000000008be00000| PB 0x000000008be00000| Untracked 
| 191|0x000000008bf00000, 0x000000008c000000, 0x000000008c000000|100%| O|  |TAMS 0x000000008bf00000| PB 0x000000008bf00000| Untracked 
| 192|0x000000008c000000, 0x000000008c100000, 0x000000008c100000|100%| O|  |TAMS 0x000000008c000000| PB 0x000000008c000000| Untracked 
| 193|0x000000008c100000, 0x000000008c200000, 0x000000008c200000|100%| O|  |TAMS 0x000000008c100000| PB 0x000000008c100000| Untracked 
| 194|0x000000008c200000, 0x000000008c300000, 0x000000008c300000|100%| O|  |TAMS 0x000000008c200000| PB 0x000000008c200000| Untracked 
| 195|0x000000008c300000, 0x000000008c300000, 0x000000008c400000|  0%| F|  |TAMS 0x000000008c300000| PB 0x000000008c300000| Untracked 
| 196|0x000000008c400000, 0x000000008c500000, 0x000000008c500000|100%| O|  |TAMS 0x000000008c400000| PB 0x000000008c400000| Untracked 
| 197|0x000000008c500000, 0x000000008c600000, 0x000000008c600000|100%| O|  |TAMS 0x000000008c500000| PB 0x000000008c500000| Untracked 
| 198|0x000000008c600000, 0x000000008c600000, 0x000000008c700000|  0%| F|  |TAMS 0x000000008c600000| PB 0x000000008c600000| Untracked 
| 199|0x000000008c700000, 0x000000008c800000, 0x000000008c800000|100%| O|  |TAMS 0x000000008c700000| PB 0x000000008c700000| Untracked 
| 200|0x000000008c800000, 0x000000008c900000, 0x000000008c900000|100%| O|  |TAMS 0x000000008c800000| PB 0x000000008c800000| Untracked 
| 201|0x000000008c900000, 0x000000008ca00000, 0x000000008ca00000|100%| O|  |TAMS 0x000000008c900000| PB 0x000000008c900000| Untracked 
| 202|0x000000008ca00000, 0x000000008cb00000, 0x000000008cb00000|100%| O|  |TAMS 0x000000008ca00000| PB 0x000000008ca00000| Untracked 
| 203|0x000000008cb00000, 0x000000008cc00000, 0x000000008cc00000|100%| O|  |TAMS 0x000000008cb00000| PB 0x000000008cb00000| Untracked 
| 204|0x000000008cc00000, 0x000000008cd00000, 0x000000008cd00000|100%| O|  |TAMS 0x000000008cc00000| PB 0x000000008cc00000| Untracked 
| 205|0x000000008cd00000, 0x000000008ce00000, 0x000000008ce00000|100%| O|  |TAMS 0x000000008cd00000| PB 0x000000008cd00000| Untracked 
| 206|0x000000008ce00000, 0x000000008cf00000, 0x000000008cf00000|100%| O|  |TAMS 0x000000008ce00000| PB 0x000000008ce00000| Untracked 
| 207|0x000000008cf00000, 0x000000008d000000, 0x000000008d000000|100%| O|  |TAMS 0x000000008cf00000| PB 0x000000008cf00000| Untracked 
| 208|0x000000008d000000, 0x000000008d100000, 0x000000008d100000|100%| O|  |TAMS 0x000000008d000000| PB 0x000000008d000000| Untracked 
| 209|0x000000008d100000, 0x000000008d200000, 0x000000008d200000|100%| O|  |TAMS 0x000000008d100000| PB 0x000000008d100000| Untracked 
| 210|0x000000008d200000, 0x000000008d300000, 0x000000008d300000|100%| O|  |TAMS 0x000000008d200000| PB 0x000000008d200000| Untracked 
| 211|0x000000008d300000, 0x000000008d400000, 0x000000008d400000|100%| O|  |TAMS 0x000000008d300000| PB 0x000000008d300000| Untracked 
| 212|0x000000008d400000, 0x000000008d500000, 0x000000008d500000|100%| O|  |TAMS 0x000000008d400000| PB 0x000000008d400000| Untracked 
| 213|0x000000008d500000, 0x000000008d600000, 0x000000008d600000|100%| O|  |TAMS 0x000000008d500000| PB 0x000000008d500000| Untracked 
| 214|0x000000008d600000, 0x000000008d700000, 0x000000008d700000|100%| O|  |TAMS 0x000000008d600000| PB 0x000000008d600000| Untracked 
| 215|0x000000008d700000, 0x000000008d800000, 0x000000008d800000|100%| O|  |TAMS 0x000000008d700000| PB 0x000000008d700000| Untracked 
| 216|0x000000008d800000, 0x000000008d900000, 0x000000008d900000|100%| O|  |TAMS 0x000000008d800000| PB 0x000000008d800000| Untracked 
| 217|0x000000008d900000, 0x000000008da00000, 0x000000008da00000|100%| O|  |TAMS 0x000000008d900000| PB 0x000000008d900000| Untracked 
| 218|0x000000008da00000, 0x000000008db00000, 0x000000008db00000|100%| O|  |TAMS 0x000000008da00000| PB 0x000000008da00000| Untracked 
| 219|0x000000008db00000, 0x000000008dc00000, 0x000000008dc00000|100%| O|  |TAMS 0x000000008db00000| PB 0x000000008db00000| Untracked 
| 220|0x000000008dc00000, 0x000000008dd00000, 0x000000008dd00000|100%| O|  |TAMS 0x000000008dc00000| PB 0x000000008dc00000| Untracked 
| 221|0x000000008dd00000, 0x000000008de00000, 0x000000008de00000|100%| O|  |TAMS 0x000000008dd00000| PB 0x000000008dd00000| Untracked 
| 222|0x000000008de00000, 0x000000008df00000, 0x000000008df00000|100%| O|  |TAMS 0x000000008de00000| PB 0x000000008de00000| Untracked 
| 223|0x000000008df00000, 0x000000008e000000, 0x000000008e000000|100%|HS|  |TAMS 0x000000008df00000| PB 0x000000008df00000| Complete 
| 224|0x000000008e000000, 0x000000008e100000, 0x000000008e100000|100%|HC|  |TAMS 0x000000008e000000| PB 0x000000008e000000| Complete 
| 225|0x000000008e100000, 0x000000008e200000, 0x000000008e200000|100%| O|  |TAMS 0x000000008e100000| PB 0x000000008e100000| Untracked 
| 226|0x000000008e200000, 0x000000008e300000, 0x000000008e300000|100%| O|  |TAMS 0x000000008e200000| PB 0x000000008e200000| Untracked 
| 227|0x000000008e300000, 0x000000008e400000, 0x000000008e400000|100%| O|  |TAMS 0x000000008e300000| PB 0x000000008e300000| Untracked 
| 228|0x000000008e400000, 0x000000008e500000, 0x000000008e500000|100%| O|  |TAMS 0x000000008e400000| PB 0x000000008e400000| Untracked 
| 229|0x000000008e500000, 0x000000008e600000, 0x000000008e600000|100%| O|  |TAMS 0x000000008e500000| PB 0x000000008e500000| Untracked 
| 230|0x000000008e600000, 0x000000008e700000, 0x000000008e700000|100%| O|  |TAMS 0x000000008e600000| PB 0x000000008e600000| Untracked 
| 231|0x000000008e700000, 0x000000008e800000, 0x000000008e800000|100%| O|  |TAMS 0x000000008e700000| PB 0x000000008e700000| Untracked 
| 232|0x000000008e800000, 0x000000008e900000, 0x000000008e900000|100%| O|  |TAMS 0x000000008e800000| PB 0x000000008e800000| Untracked 
| 233|0x000000008e900000, 0x000000008ea00000, 0x000000008ea00000|100%| O|  |TAMS 0x000000008e900000| PB 0x000000008e900000| Untracked 
| 234|0x000000008ea00000, 0x000000008eb00000, 0x000000008eb00000|100%| O|  |TAMS 0x000000008ea00000| PB 0x000000008ea00000| Untracked 
| 235|0x000000008eb00000, 0x000000008ec00000, 0x000000008ec00000|100%| O|  |TAMS 0x000000008eb00000| PB 0x000000008eb00000| Untracked 
| 236|0x000000008ec00000, 0x000000008ed00000, 0x000000008ed00000|100%| O|  |TAMS 0x000000008ec00000| PB 0x000000008ec00000| Untracked 
| 237|0x000000008ed00000, 0x000000008ee00000, 0x000000008ee00000|100%| O|  |TAMS 0x000000008ed00000| PB 0x000000008ed00000| Untracked 
| 238|0x000000008ee00000, 0x000000008ef00000, 0x000000008ef00000|100%| O|  |TAMS 0x000000008ee00000| PB 0x000000008ee00000| Untracked 
| 239|0x000000008ef00000, 0x000000008f000000, 0x000000008f000000|100%| O|  |TAMS 0x000000008ef00000| PB 0x000000008ef00000| Untracked 
| 240|0x000000008f000000, 0x000000008f100000, 0x000000008f100000|100%| O|  |TAMS 0x000000008f000000| PB 0x000000008f000000| Untracked 
| 241|0x000000008f100000, 0x000000008f200000, 0x000000008f200000|100%| O|  |TAMS 0x000000008f100000| PB 0x000000008f100000| Untracked 
| 242|0x000000008f200000, 0x000000008f300000, 0x000000008f300000|100%| O|  |TAMS 0x000000008f200000| PB 0x000000008f200000| Untracked 
| 243|0x000000008f300000, 0x000000008f400000, 0x000000008f400000|100%| O|  |TAMS 0x000000008f300000| PB 0x000000008f300000| Untracked 
| 244|0x000000008f400000, 0x000000008f500000, 0x000000008f500000|100%| O|  |TAMS 0x000000008f400000| PB 0x000000008f400000| Untracked 
| 245|0x000000008f500000, 0x000000008f600000, 0x000000008f600000|100%| O|  |TAMS 0x000000008f500000| PB 0x000000008f500000| Untracked 
| 246|0x000000008f600000, 0x000000008f700000, 0x000000008f700000|100%| O|  |TAMS 0x000000008f600000| PB 0x000000008f600000| Untracked 
| 247|0x000000008f700000, 0x000000008f800000, 0x000000008f800000|100%| O|  |TAMS 0x000000008f700000| PB 0x000000008f700000| Untracked 
| 248|0x000000008f800000, 0x000000008f900000, 0x000000008f900000|100%| O|  |TAMS 0x000000008f800000| PB 0x000000008f800000| Untracked 
| 249|0x000000008f900000, 0x000000008fa00000, 0x000000008fa00000|100%| O|  |TAMS 0x000000008f900000| PB 0x000000008f900000| Untracked 
| 250|0x000000008fa00000, 0x000000008fb00000, 0x000000008fb00000|100%| O|  |TAMS 0x000000008fa00000| PB 0x000000008fa00000| Untracked 
| 251|0x000000008fb00000, 0x000000008fc00000, 0x000000008fc00000|100%| O|  |TAMS 0x000000008fb00000| PB 0x000000008fb00000| Untracked 
| 252|0x000000008fc00000, 0x000000008fd00000, 0x000000008fd00000|100%| O|  |TAMS 0x000000008fc00000| PB 0x000000008fc00000| Untracked 
| 253|0x000000008fd00000, 0x000000008fe00000, 0x000000008fe00000|100%| O|  |TAMS 0x000000008fd00000| PB 0x000000008fd00000| Untracked 
| 254|0x000000008fe00000, 0x000000008ff00000, 0x000000008ff00000|100%| O|  |TAMS 0x000000008fe00000| PB 0x000000008fe00000| Untracked 
| 255|0x000000008ff00000, 0x0000000090000000, 0x0000000090000000|100%| O|  |TAMS 0x000000008ff00000| PB 0x000000008ff00000| Untracked 
| 256|0x0000000090000000, 0x0000000090100000, 0x0000000090100000|100%| O|  |TAMS 0x0000000090000000| PB 0x0000000090000000| Untracked 
| 257|0x0000000090100000, 0x0000000090200000, 0x0000000090200000|100%| O|  |TAMS 0x0000000090100000| PB 0x0000000090100000| Untracked 
| 258|0x0000000090200000, 0x0000000090300000, 0x0000000090300000|100%| O|  |TAMS 0x0000000090200000| PB 0x0000000090200000| Untracked 
| 259|0x0000000090300000, 0x0000000090400000, 0x0000000090400000|100%| O|  |TAMS 0x0000000090300000| PB 0x0000000090300000| Untracked 
| 260|0x0000000090400000, 0x0000000090500000, 0x0000000090500000|100%| O|  |TAMS 0x0000000090400000| PB 0x0000000090400000| Untracked 
| 261|0x0000000090500000, 0x0000000090600000, 0x0000000090600000|100%| O|  |TAMS 0x0000000090500000| PB 0x0000000090500000| Untracked 
| 262|0x0000000090600000, 0x0000000090700000, 0x0000000090700000|100%| O|  |TAMS 0x0000000090600000| PB 0x0000000090600000| Untracked 
| 263|0x0000000090700000, 0x0000000090800000, 0x0000000090800000|100%| O|  |TAMS 0x0000000090700000| PB 0x0000000090700000| Untracked 
| 264|0x0000000090800000, 0x0000000090900000, 0x0000000090900000|100%| O|  |TAMS 0x0000000090800000| PB 0x0000000090800000| Untracked 
| 265|0x0000000090900000, 0x0000000090a00000, 0x0000000090a00000|100%| O|  |TAMS 0x0000000090900000| PB 0x0000000090900000| Untracked 
| 266|0x0000000090a00000, 0x0000000090b00000, 0x0000000090b00000|100%| O|  |TAMS 0x0000000090a00000| PB 0x0000000090a00000| Untracked 
| 267|0x0000000090b00000, 0x0000000090c00000, 0x0000000090c00000|100%| O|  |TAMS 0x0000000090b00000| PB 0x0000000090b00000| Untracked 
| 268|0x0000000090c00000, 0x0000000090d00000, 0x0000000090d00000|100%| O|  |TAMS 0x0000000090c00000| PB 0x0000000090c00000| Untracked 
| 269|0x0000000090d00000, 0x0000000090e00000, 0x0000000090e00000|100%| O|  |TAMS 0x0000000090d00000| PB 0x0000000090d00000| Untracked 
| 270|0x0000000090e00000, 0x0000000090f00000, 0x0000000090f00000|100%| O|  |TAMS 0x0000000090e00000| PB 0x0000000090e00000| Untracked 
| 271|0x0000000090f00000, 0x0000000091000000, 0x0000000091000000|100%| O|  |TAMS 0x0000000090f00000| PB 0x0000000090f00000| Untracked 
| 272|0x0000000091000000, 0x0000000091100000, 0x0000000091100000|100%| O|  |TAMS 0x0000000091000000| PB 0x0000000091000000| Untracked 
| 273|0x0000000091100000, 0x0000000091200000, 0x0000000091200000|100%| O|  |TAMS 0x0000000091100000| PB 0x0000000091100000| Untracked 
| 274|0x0000000091200000, 0x0000000091300000, 0x0000000091300000|100%| O|  |TAMS 0x0000000091200000| PB 0x0000000091200000| Untracked 
| 275|0x0000000091300000, 0x0000000091400000, 0x0000000091400000|100%| O|  |TAMS 0x0000000091300000| PB 0x0000000091300000| Untracked 
| 276|0x0000000091400000, 0x0000000091500000, 0x0000000091500000|100%| O|  |TAMS 0x0000000091400000| PB 0x0000000091400000| Untracked 
| 277|0x0000000091500000, 0x0000000091600000, 0x0000000091600000|100%| O|  |TAMS 0x0000000091500000| PB 0x0000000091500000| Untracked 
| 278|0x0000000091600000, 0x0000000091700000, 0x0000000091700000|100%| O|  |TAMS 0x0000000091600000| PB 0x0000000091600000| Untracked 
| 279|0x0000000091700000, 0x0000000091800000, 0x0000000091800000|100%| O|  |TAMS 0x0000000091700000| PB 0x0000000091700000| Untracked 
| 280|0x0000000091800000, 0x0000000091900000, 0x0000000091900000|100%| O|  |TAMS 0x0000000091800000| PB 0x0000000091800000| Untracked 
| 281|0x0000000091900000, 0x0000000091a00000, 0x0000000091a00000|100%| O|  |TAMS 0x0000000091900000| PB 0x0000000091900000| Untracked 
| 282|0x0000000091a00000, 0x0000000091b00000, 0x0000000091b00000|100%| O|  |TAMS 0x0000000091a00000| PB 0x0000000091a00000| Untracked 
| 283|0x0000000091b00000, 0x0000000091c00000, 0x0000000091c00000|100%| O|  |TAMS 0x0000000091b00000| PB 0x0000000091b00000| Untracked 
| 284|0x0000000091c00000, 0x0000000091d00000, 0x0000000091d00000|100%| O|  |TAMS 0x0000000091c00000| PB 0x0000000091c00000| Untracked 
| 285|0x0000000091d00000, 0x0000000091e00000, 0x0000000091e00000|100%| O|  |TAMS 0x0000000091d00000| PB 0x0000000091d00000| Untracked 
| 286|0x0000000091e00000, 0x0000000091f00000, 0x0000000091f00000|100%| O|  |TAMS 0x0000000091e00000| PB 0x0000000091e00000| Untracked 
| 287|0x0000000091f00000, 0x0000000092000000, 0x0000000092000000|100%| O|  |TAMS 0x0000000091f00000| PB 0x0000000091f00000| Untracked 
| 288|0x0000000092000000, 0x0000000092100000, 0x0000000092100000|100%| O|  |TAMS 0x0000000092000000| PB 0x0000000092000000| Untracked 
| 289|0x0000000092100000, 0x0000000092200000, 0x0000000092200000|100%| O|  |TAMS 0x0000000092100000| PB 0x0000000092100000| Untracked 
| 290|0x0000000092200000, 0x0000000092300000, 0x0000000092300000|100%| O|  |TAMS 0x0000000092200000| PB 0x0000000092200000| Untracked 
| 291|0x0000000092300000, 0x0000000092400000, 0x0000000092400000|100%| O|  |TAMS 0x0000000092300000| PB 0x0000000092300000| Untracked 
| 292|0x0000000092400000, 0x0000000092500000, 0x0000000092500000|100%| O|  |TAMS 0x0000000092400000| PB 0x0000000092400000| Untracked 
| 293|0x0000000092500000, 0x0000000092600000, 0x0000000092600000|100%| O|  |TAMS 0x0000000092500000| PB 0x0000000092500000| Untracked 
| 294|0x0000000092600000, 0x0000000092700000, 0x0000000092700000|100%| O|  |TAMS 0x0000000092600000| PB 0x0000000092600000| Untracked 
| 295|0x0000000092700000, 0x0000000092800000, 0x0000000092800000|100%|HS|  |TAMS 0x0000000092700000| PB 0x0000000092700000| Complete 
| 296|0x0000000092800000, 0x0000000092900000, 0x0000000092900000|100%| O|  |TAMS 0x0000000092800000| PB 0x0000000092800000| Untracked 
| 297|0x0000000092900000, 0x0000000092a00000, 0x0000000092a00000|100%| O|  |TAMS 0x0000000092900000| PB 0x0000000092900000| Untracked 
| 298|0x0000000092a00000, 0x0000000092b00000, 0x0000000092b00000|100%| O|  |TAMS 0x0000000092a00000| PB 0x0000000092a00000| Untracked 
| 299|0x0000000092b00000, 0x0000000092c00000, 0x0000000092c00000|100%| O|  |TAMS 0x0000000092b00000| PB 0x0000000092b00000| Untracked 
| 300|0x0000000092c00000, 0x0000000092d00000, 0x0000000092d00000|100%| O|  |TAMS 0x0000000092c00000| PB 0x0000000092c00000| Untracked 
| 301|0x0000000092d00000, 0x0000000092d60be0, 0x0000000092e00000| 37%| O|  |TAMS 0x0000000092d00000| PB 0x0000000092d00000| Untracked 
| 302|0x0000000092e00000, 0x0000000092e00000, 0x0000000092f00000|  0%| F|  |TAMS 0x0000000092e00000| PB 0x0000000092e00000| Untracked 
| 303|0x0000000092f00000, 0x0000000092f00000, 0x0000000093000000|  0%| F|  |TAMS 0x0000000092f00000| PB 0x0000000092f00000| Untracked 
| 304|0x0000000093000000, 0x0000000093100000, 0x0000000093100000|100%| O|  |TAMS 0x0000000093000000| PB 0x0000000093000000| Untracked 
| 305|0x0000000093100000, 0x0000000093200000, 0x0000000093200000|100%| O|  |TAMS 0x0000000093100000| PB 0x0000000093100000| Untracked 
| 306|0x0000000093200000, 0x0000000093200000, 0x0000000093300000|  0%| F|  |TAMS 0x0000000093200000| PB 0x0000000093200000| Untracked 
| 307|0x0000000093300000, 0x0000000093400000, 0x0000000093400000|100%| O|  |TAMS 0x0000000093300000| PB 0x0000000093300000| Untracked 
| 308|0x0000000093400000, 0x0000000093400000, 0x0000000093500000|  0%| F|  |TAMS 0x0000000093400000| PB 0x0000000093400000| Untracked 
| 309|0x0000000093500000, 0x0000000093500000, 0x0000000093600000|  0%| F|  |TAMS 0x0000000093500000| PB 0x0000000093500000| Untracked 
| 310|0x0000000093600000, 0x0000000093700000, 0x0000000093700000|100%| O|  |TAMS 0x0000000093600000| PB 0x0000000093600000| Untracked 
| 311|0x0000000093700000, 0x0000000093800000, 0x0000000093800000|100%| O|  |TAMS 0x0000000093700000| PB 0x0000000093700000| Untracked 
| 312|0x0000000093800000, 0x0000000093900000, 0x0000000093900000|100%| O|  |TAMS 0x0000000093800000| PB 0x0000000093800000| Untracked 
| 313|0x0000000093900000, 0x0000000093a00000, 0x0000000093a00000|100%| O|  |TAMS 0x0000000093900000| PB 0x0000000093900000| Untracked 
| 314|0x0000000093a00000, 0x0000000093b00000, 0x0000000093b00000|100%| O|  |TAMS 0x0000000093a00000| PB 0x0000000093a00000| Untracked 
| 315|0x0000000093b00000, 0x0000000093c00000, 0x0000000093c00000|100%| O|  |TAMS 0x0000000093b00000| PB 0x0000000093b00000| Untracked 
| 316|0x0000000093c00000, 0x0000000093d00000, 0x0000000093d00000|100%| O|  |TAMS 0x0000000093c00000| PB 0x0000000093c00000| Untracked 
| 317|0x0000000093d00000, 0x0000000093e00000, 0x0000000093e00000|100%| O|  |TAMS 0x0000000093d00000| PB 0x0000000093d00000| Untracked 
| 318|0x0000000093e00000, 0x0000000093e00000, 0x0000000093f00000|  0%| F|  |TAMS 0x0000000093e00000| PB 0x0000000093e00000| Untracked 
| 319|0x0000000093f00000, 0x0000000094000000, 0x0000000094000000|100%| O|  |TAMS 0x0000000093f00000| PB 0x0000000093f00000| Untracked 
| 320|0x0000000094000000, 0x0000000094100000, 0x0000000094100000|100%| O|  |TAMS 0x0000000094000000| PB 0x0000000094000000| Untracked 
| 321|0x0000000094100000, 0x0000000094200000, 0x0000000094200000|100%| O|  |TAMS 0x0000000094100000| PB 0x0000000094100000| Untracked 
| 322|0x0000000094200000, 0x0000000094300000, 0x0000000094300000|100%| O|  |TAMS 0x0000000094200000| PB 0x0000000094200000| Untracked 
| 323|0x0000000094300000, 0x0000000094300000, 0x0000000094400000|  0%| F|  |TAMS 0x0000000094300000| PB 0x0000000094300000| Untracked 
| 324|0x0000000094400000, 0x0000000094500000, 0x0000000094500000|100%| O|  |TAMS 0x0000000094400000| PB 0x0000000094400000| Untracked 
| 325|0x0000000094500000, 0x0000000094600000, 0x0000000094600000|100%| O|  |TAMS 0x0000000094500000| PB 0x0000000094500000| Untracked 
| 326|0x0000000094600000, 0x0000000094700000, 0x0000000094700000|100%| O|  |TAMS 0x0000000094600000| PB 0x0000000094600000| Untracked 
| 327|0x0000000094700000, 0x0000000094800000, 0x0000000094800000|100%| O|  |TAMS 0x0000000094700000| PB 0x0000000094700000| Untracked 
| 328|0x0000000094800000, 0x0000000094900000, 0x0000000094900000|100%| O|  |TAMS 0x0000000094800000| PB 0x0000000094800000| Untracked 
| 329|0x0000000094900000, 0x0000000094900000, 0x0000000094a00000|  0%| F|  |TAMS 0x0000000094900000| PB 0x0000000094900000| Untracked 
| 330|0x0000000094a00000, 0x0000000094a00000, 0x0000000094b00000|  0%| F|  |TAMS 0x0000000094a00000| PB 0x0000000094a00000| Untracked 
| 331|0x0000000094b00000, 0x0000000094b00000, 0x0000000094c00000|  0%| F|  |TAMS 0x0000000094b00000| PB 0x0000000094b00000| Untracked 
| 332|0x0000000094c00000, 0x0000000094c00000, 0x0000000094d00000|  0%| F|  |TAMS 0x0000000094c00000| PB 0x0000000094c00000| Untracked 
| 333|0x0000000094d00000, 0x0000000094d00000, 0x0000000094e00000|  0%| F|  |TAMS 0x0000000094d00000| PB 0x0000000094d00000| Untracked 
| 334|0x0000000094e00000, 0x0000000094f00000, 0x0000000094f00000|100%| O|  |TAMS 0x0000000094e00000| PB 0x0000000094e00000| Untracked 
| 335|0x0000000094f00000, 0x0000000095000000, 0x0000000095000000|100%| O|  |TAMS 0x0000000094f00000| PB 0x0000000094f00000| Untracked 
| 336|0x0000000095000000, 0x0000000095100000, 0x0000000095100000|100%| O|  |TAMS 0x0000000095000000| PB 0x0000000095000000| Untracked 
| 337|0x0000000095100000, 0x0000000095100000, 0x0000000095200000|  0%| F|  |TAMS 0x0000000095100000| PB 0x0000000095100000| Untracked 
| 338|0x0000000095200000, 0x0000000095300000, 0x0000000095300000|100%| O|  |TAMS 0x0000000095200000| PB 0x0000000095200000| Untracked 
| 339|0x0000000095300000, 0x0000000095300000, 0x0000000095400000|  0%| F|  |TAMS 0x0000000095300000| PB 0x0000000095300000| Untracked 
| 340|0x0000000095400000, 0x0000000095400000, 0x0000000095500000|  0%| F|  |TAMS 0x0000000095400000| PB 0x0000000095400000| Untracked 
| 341|0x0000000095500000, 0x0000000095600000, 0x0000000095600000|100%| O|  |TAMS 0x0000000095500000| PB 0x0000000095500000| Untracked 
| 342|0x0000000095600000, 0x0000000095600000, 0x0000000095700000|  0%| F|  |TAMS 0x0000000095600000| PB 0x0000000095600000| Untracked 
| 343|0x0000000095700000, 0x0000000095700000, 0x0000000095800000|  0%| F|  |TAMS 0x0000000095700000| PB 0x0000000095700000| Untracked 
| 344|0x0000000095800000, 0x0000000095900000, 0x0000000095900000|100%| O|  |TAMS 0x0000000095800000| PB 0x0000000095800000| Untracked 
| 345|0x0000000095900000, 0x0000000095900000, 0x0000000095a00000|  0%| F|  |TAMS 0x0000000095900000| PB 0x0000000095900000| Untracked 
| 346|0x0000000095a00000, 0x0000000095a00000, 0x0000000095b00000|  0%| F|  |TAMS 0x0000000095a00000| PB 0x0000000095a00000| Untracked 
| 347|0x0000000095b00000, 0x0000000095b00000, 0x0000000095c00000|  0%| F|  |TAMS 0x0000000095b00000| PB 0x0000000095b00000| Untracked 
| 348|0x0000000095c00000, 0x0000000095c00000, 0x0000000095d00000|  0%| F|  |TAMS 0x0000000095c00000| PB 0x0000000095c00000| Untracked 
| 349|0x0000000095d00000, 0x0000000095d00000, 0x0000000095e00000|  0%| F|  |TAMS 0x0000000095d00000| PB 0x0000000095d00000| Untracked 
| 350|0x0000000095e00000, 0x0000000095e00000, 0x0000000095f00000|  0%| F|  |TAMS 0x0000000095e00000| PB 0x0000000095e00000| Untracked 
| 351|0x0000000095f00000, 0x0000000095f00000, 0x0000000096000000|  0%| F|  |TAMS 0x0000000095f00000| PB 0x0000000095f00000| Untracked 
| 352|0x0000000096000000, 0x0000000096000000, 0x0000000096100000|  0%| F|  |TAMS 0x0000000096000000| PB 0x0000000096000000| Untracked 
| 353|0x0000000096100000, 0x0000000096100000, 0x0000000096200000|  0%| F|  |TAMS 0x0000000096100000| PB 0x0000000096100000| Untracked 
| 354|0x0000000096200000, 0x0000000096200000, 0x0000000096300000|  0%| F|  |TAMS 0x0000000096200000| PB 0x0000000096200000| Untracked 
| 355|0x0000000096300000, 0x0000000096300000, 0x0000000096400000|  0%| F|  |TAMS 0x0000000096300000| PB 0x0000000096300000| Untracked 
| 356|0x0000000096400000, 0x0000000096400000, 0x0000000096500000|  0%| F|  |TAMS 0x0000000096400000| PB 0x0000000096400000| Untracked 
| 357|0x0000000096500000, 0x0000000096500000, 0x0000000096600000|  0%| F|  |TAMS 0x0000000096500000| PB 0x0000000096500000| Untracked 
| 358|0x0000000096600000, 0x0000000096600000, 0x0000000096700000|  0%| F|  |TAMS 0x0000000096600000| PB 0x0000000096600000| Untracked 
| 359|0x0000000096700000, 0x0000000096700000, 0x0000000096800000|  0%| F|  |TAMS 0x0000000096700000| PB 0x0000000096700000| Untracked 
| 360|0x0000000096800000, 0x0000000096800000, 0x0000000096900000|  0%| F|  |TAMS 0x0000000096800000| PB 0x0000000096800000| Untracked 
| 361|0x0000000096900000, 0x0000000096a00000, 0x0000000096a00000|100%| O|  |TAMS 0x0000000096900000| PB 0x0000000096900000| Untracked 
| 362|0x0000000096a00000, 0x0000000096a00000, 0x0000000096b00000|  0%| F|  |TAMS 0x0000000096a00000| PB 0x0000000096a00000| Untracked 
| 363|0x0000000096b00000, 0x0000000096c00000, 0x0000000096c00000|100%| O|  |TAMS 0x0000000096b00000| PB 0x0000000096b00000| Untracked 
| 364|0x0000000096c00000, 0x0000000096c00000, 0x0000000096d00000|  0%| F|  |TAMS 0x0000000096c00000| PB 0x0000000096c00000| Untracked 
| 365|0x0000000096d00000, 0x0000000096d00000, 0x0000000096e00000|  0%| F|  |TAMS 0x0000000096d00000| PB 0x0000000096d00000| Untracked 
| 366|0x0000000096e00000, 0x0000000096e00000, 0x0000000096f00000|  0%| F|  |TAMS 0x0000000096e00000| PB 0x0000000096e00000| Untracked 
| 367|0x0000000096f00000, 0x0000000096f00000, 0x0000000097000000|  0%| F|  |TAMS 0x0000000096f00000| PB 0x0000000096f00000| Untracked 
| 368|0x0000000097000000, 0x0000000097100000, 0x0000000097100000|100%| O|  |TAMS 0x0000000097000000| PB 0x0000000097000000| Untracked 
| 369|0x0000000097100000, 0x0000000097200000, 0x0000000097200000|100%| O|  |TAMS 0x0000000097100000| PB 0x0000000097100000| Untracked 
| 370|0x0000000097200000, 0x0000000097200000, 0x0000000097300000|  0%| F|  |TAMS 0x0000000097200000| PB 0x0000000097200000| Untracked 
| 371|0x0000000097300000, 0x0000000097300000, 0x0000000097400000|  0%| F|  |TAMS 0x0000000097300000| PB 0x0000000097300000| Untracked 
| 372|0x0000000097400000, 0x0000000097500000, 0x0000000097500000|100%| O|  |TAMS 0x0000000097400000| PB 0x0000000097400000| Untracked 
| 373|0x0000000097500000, 0x0000000097500000, 0x0000000097600000|  0%| F|  |TAMS 0x0000000097500000| PB 0x0000000097500000| Untracked 
| 374|0x0000000097600000, 0x0000000097600000, 0x0000000097700000|  0%| F|  |TAMS 0x0000000097600000| PB 0x0000000097600000| Untracked 
| 375|0x0000000097700000, 0x0000000097700000, 0x0000000097800000|  0%| F|  |TAMS 0x0000000097700000| PB 0x0000000097700000| Untracked 
| 376|0x0000000097800000, 0x0000000097900000, 0x0000000097900000|100%| O|  |TAMS 0x0000000097800000| PB 0x0000000097800000| Untracked 
| 377|0x0000000097900000, 0x0000000097a00000, 0x0000000097a00000|100%| O|  |TAMS 0x0000000097900000| PB 0x0000000097900000| Untracked 
| 378|0x0000000097a00000, 0x0000000097a00000, 0x0000000097b00000|  0%| F|  |TAMS 0x0000000097a00000| PB 0x0000000097a00000| Untracked 
| 379|0x0000000097b00000, 0x0000000097c00000, 0x0000000097c00000|100%|HS|  |TAMS 0x0000000097b00000| PB 0x0000000097b00000| Complete 
| 380|0x0000000097c00000, 0x0000000097d00000, 0x0000000097d00000|100%|HC|  |TAMS 0x0000000097c00000| PB 0x0000000097c00000| Complete 
| 381|0x0000000097d00000, 0x0000000097d00000, 0x0000000097e00000|  0%| F|  |TAMS 0x0000000097d00000| PB 0x0000000097d00000| Untracked 
| 382|0x0000000097e00000, 0x0000000097e00000, 0x0000000097f00000|  0%| F|  |TAMS 0x0000000097e00000| PB 0x0000000097e00000| Untracked 
| 383|0x0000000097f00000, 0x0000000097f00000, 0x0000000098000000|  0%| F|  |TAMS 0x0000000097f00000| PB 0x0000000097f00000| Untracked 
| 384|0x0000000098000000, 0x0000000098000000, 0x0000000098100000|  0%| F|  |TAMS 0x0000000098000000| PB 0x0000000098000000| Untracked 
| 385|0x0000000098100000, 0x0000000098100000, 0x0000000098200000|  0%| F|  |TAMS 0x0000000098100000| PB 0x0000000098100000| Untracked 
| 386|0x0000000098200000, 0x0000000098200000, 0x0000000098300000|  0%| F|  |TAMS 0x0000000098200000| PB 0x0000000098200000| Untracked 
| 387|0x0000000098300000, 0x0000000098300000, 0x0000000098400000|  0%| F|  |TAMS 0x0000000098300000| PB 0x0000000098300000| Untracked 
| 388|0x0000000098400000, 0x0000000098400000, 0x0000000098500000|  0%| F|  |TAMS 0x0000000098400000| PB 0x0000000098400000| Untracked 
| 389|0x0000000098500000, 0x0000000098500000, 0x0000000098600000|  0%| F|  |TAMS 0x0000000098500000| PB 0x0000000098500000| Untracked 
| 390|0x0000000098600000, 0x0000000098600000, 0x0000000098700000|  0%| F|  |TAMS 0x0000000098600000| PB 0x0000000098600000| Untracked 
| 391|0x0000000098700000, 0x0000000098700000, 0x0000000098800000|  0%| F|  |TAMS 0x0000000098700000| PB 0x0000000098700000| Untracked 
| 392|0x0000000098800000, 0x0000000098800000, 0x0000000098900000|  0%| F|  |TAMS 0x0000000098800000| PB 0x0000000098800000| Untracked 
| 393|0x0000000098900000, 0x0000000098a00000, 0x0000000098a00000|100%| O|  |TAMS 0x0000000098900000| PB 0x0000000098900000| Untracked 
| 394|0x0000000098a00000, 0x0000000098b00000, 0x0000000098b00000|100%| O|  |TAMS 0x0000000098a00000| PB 0x0000000098a00000| Untracked 
| 395|0x0000000098b00000, 0x0000000098b00000, 0x0000000098c00000|  0%| F|  |TAMS 0x0000000098b00000| PB 0x0000000098b00000| Untracked 
| 396|0x0000000098c00000, 0x0000000098c00000, 0x0000000098d00000|  0%| F|  |TAMS 0x0000000098c00000| PB 0x0000000098c00000| Untracked 
| 397|0x0000000098d00000, 0x0000000098e00000, 0x0000000098e00000|100%| O|  |TAMS 0x0000000098d00000| PB 0x0000000098d00000| Untracked 
| 398|0x0000000098e00000, 0x0000000098e00000, 0x0000000098f00000|  0%| F|  |TAMS 0x0000000098e00000| PB 0x0000000098e00000| Untracked 
| 399|0x0000000098f00000, 0x0000000098f00000, 0x0000000099000000|  0%| F|  |TAMS 0x0000000098f00000| PB 0x0000000098f00000| Untracked 
| 400|0x0000000099000000, 0x0000000099000000, 0x0000000099100000|  0%| F|  |TAMS 0x0000000099000000| PB 0x0000000099000000| Untracked 
| 401|0x0000000099100000, 0x0000000099100000, 0x0000000099200000|  0%| F|  |TAMS 0x0000000099100000| PB 0x0000000099100000| Untracked 
| 402|0x0000000099200000, 0x0000000099200000, 0x0000000099300000|  0%| F|  |TAMS 0x0000000099200000| PB 0x0000000099200000| Untracked 
| 403|0x0000000099300000, 0x0000000099300000, 0x0000000099400000|  0%| F|  |TAMS 0x0000000099300000| PB 0x0000000099300000| Untracked 
| 404|0x0000000099400000, 0x0000000099500000, 0x0000000099500000|100%| O|  |TAMS 0x0000000099400000| PB 0x0000000099400000| Untracked 
| 405|0x0000000099500000, 0x0000000099500000, 0x0000000099600000|  0%| F|  |TAMS 0x0000000099500000| PB 0x0000000099500000| Untracked 
| 406|0x0000000099600000, 0x0000000099600000, 0x0000000099700000|  0%| F|  |TAMS 0x0000000099600000| PB 0x0000000099600000| Untracked 
| 407|0x0000000099700000, 0x0000000099700000, 0x0000000099800000|  0%| F|  |TAMS 0x0000000099700000| PB 0x0000000099700000| Untracked 
| 408|0x0000000099800000, 0x0000000099800000, 0x0000000099900000|  0%| F|  |TAMS 0x0000000099800000| PB 0x0000000099800000| Untracked 
| 409|0x0000000099900000, 0x0000000099900000, 0x0000000099a00000|  0%| F|  |TAMS 0x0000000099900000| PB 0x0000000099900000| Untracked 
| 410|0x0000000099a00000, 0x0000000099a00000, 0x0000000099b00000|  0%| F|  |TAMS 0x0000000099a00000| PB 0x0000000099a00000| Untracked 
| 411|0x0000000099b00000, 0x0000000099b00000, 0x0000000099c00000|  0%| F|  |TAMS 0x0000000099b00000| PB 0x0000000099b00000| Untracked 
| 412|0x0000000099c00000, 0x0000000099c00000, 0x0000000099d00000|  0%| F|  |TAMS 0x0000000099c00000| PB 0x0000000099c00000| Untracked 
| 413|0x0000000099d00000, 0x0000000099d00000, 0x0000000099e00000|  0%| F|  |TAMS 0x0000000099d00000| PB 0x0000000099d00000| Untracked 
| 414|0x0000000099e00000, 0x0000000099e00000, 0x0000000099f00000|  0%| F|  |TAMS 0x0000000099e00000| PB 0x0000000099e00000| Untracked 
| 415|0x0000000099f00000, 0x000000009a000000, 0x000000009a000000|100%| O|  |TAMS 0x0000000099f00000| PB 0x0000000099f00000| Untracked 
| 416|0x000000009a000000, 0x000000009a000000, 0x000000009a100000|  0%| F|  |TAMS 0x000000009a000000| PB 0x000000009a000000| Untracked 
| 417|0x000000009a100000, 0x000000009a100000, 0x000000009a200000|  0%| F|  |TAMS 0x000000009a100000| PB 0x000000009a100000| Untracked 
| 418|0x000000009a200000, 0x000000009a200000, 0x000000009a300000|  0%| F|  |TAMS 0x000000009a200000| PB 0x000000009a200000| Untracked 
| 419|0x000000009a300000, 0x000000009a300000, 0x000000009a400000|  0%| F|  |TAMS 0x000000009a300000| PB 0x000000009a300000| Untracked 
| 420|0x000000009a400000, 0x000000009a400000, 0x000000009a500000|  0%| F|  |TAMS 0x000000009a400000| PB 0x000000009a400000| Untracked 
| 421|0x000000009a500000, 0x000000009a500000, 0x000000009a600000|  0%| F|  |TAMS 0x000000009a500000| PB 0x000000009a500000| Untracked 
| 422|0x000000009a600000, 0x000000009a600000, 0x000000009a700000|  0%| F|  |TAMS 0x000000009a600000| PB 0x000000009a600000| Untracked 
| 423|0x000000009a700000, 0x000000009a700000, 0x000000009a800000|  0%| F|  |TAMS 0x000000009a700000| PB 0x000000009a700000| Untracked 
| 424|0x000000009a800000, 0x000000009a900000, 0x000000009a900000|100%|HS|  |TAMS 0x000000009a800000| PB 0x000000009a800000| Complete 
| 425|0x000000009a900000, 0x000000009aa00000, 0x000000009aa00000|100%|HC|  |TAMS 0x000000009a900000| PB 0x000000009a900000| Complete 
| 426|0x000000009aa00000, 0x000000009ab00000, 0x000000009ab00000|100%| O|  |TAMS 0x000000009aa00000| PB 0x000000009aa00000| Untracked 
| 427|0x000000009ab00000, 0x000000009ac00000, 0x000000009ac00000|100%|HS|  |TAMS 0x000000009ab00000| PB 0x000000009ab00000| Complete 
| 428|0x000000009ac00000, 0x000000009ad00000, 0x000000009ad00000|100%|HC|  |TAMS 0x000000009ac00000| PB 0x000000009ac00000| Complete 
| 429|0x000000009ad00000, 0x000000009ae00000, 0x000000009ae00000|100%| O|  |TAMS 0x000000009ad00000| PB 0x000000009ad00000| Untracked 
| 430|0x000000009ae00000, 0x000000009af00000, 0x000000009af00000|100%| O|  |TAMS 0x000000009ae00000| PB 0x000000009ae00000| Untracked 
| 431|0x000000009af00000, 0x000000009af00000, 0x000000009b000000|  0%| F|  |TAMS 0x000000009af00000| PB 0x000000009af00000| Untracked 
| 432|0x000000009b000000, 0x000000009b000000, 0x000000009b100000|  0%| F|  |TAMS 0x000000009b000000| PB 0x000000009b000000| Untracked 
| 433|0x000000009b100000, 0x000000009b100000, 0x000000009b200000|  0%| F|  |TAMS 0x000000009b100000| PB 0x000000009b100000| Untracked 
| 434|0x000000009b200000, 0x000000009b200000, 0x000000009b300000|  0%| F|  |TAMS 0x000000009b200000| PB 0x000000009b200000| Untracked 
| 435|0x000000009b300000, 0x000000009b300000, 0x000000009b400000|  0%| F|  |TAMS 0x000000009b300000| PB 0x000000009b300000| Untracked 
| 436|0x000000009b400000, 0x000000009b400000, 0x000000009b500000|  0%| F|  |TAMS 0x000000009b400000| PB 0x000000009b400000| Untracked 
| 437|0x000000009b500000, 0x000000009b500000, 0x000000009b600000|  0%| F|  |TAMS 0x000000009b500000| PB 0x000000009b500000| Untracked 
| 438|0x000000009b600000, 0x000000009b600000, 0x000000009b700000|  0%| F|  |TAMS 0x000000009b600000| PB 0x000000009b600000| Untracked 
| 439|0x000000009b700000, 0x000000009b800000, 0x000000009b800000|100%| O|  |TAMS 0x000000009b700000| PB 0x000000009b700000| Untracked 
| 440|0x000000009b800000, 0x000000009b900000, 0x000000009b900000|100%|HS|  |TAMS 0x000000009b800000| PB 0x000000009b800000| Complete 
| 441|0x000000009b900000, 0x000000009ba00000, 0x000000009ba00000|100%|HC|  |TAMS 0x000000009b900000| PB 0x000000009b900000| Complete 
| 442|0x000000009ba00000, 0x000000009bb00000, 0x000000009bb00000|100%| O|  |TAMS 0x000000009ba00000| PB 0x000000009ba00000| Untracked 
| 443|0x000000009bb00000, 0x000000009bc00000, 0x000000009bc00000|100%| O|  |TAMS 0x000000009bb00000| PB 0x000000009bb00000| Untracked 
| 444|0x000000009bc00000, 0x000000009bc00000, 0x000000009bd00000|  0%| F|  |TAMS 0x000000009bc00000| PB 0x000000009bc00000| Untracked 
| 445|0x000000009bd00000, 0x000000009be00000, 0x000000009be00000|100%| O|  |TAMS 0x000000009bd00000| PB 0x000000009bd00000| Untracked 
| 446|0x000000009be00000, 0x000000009be00000, 0x000000009bf00000|  0%| F|  |TAMS 0x000000009be00000| PB 0x000000009be00000| Untracked 
| 447|0x000000009bf00000, 0x000000009bf00000, 0x000000009c000000|  0%| F|  |TAMS 0x000000009bf00000| PB 0x000000009bf00000| Untracked 
| 448|0x000000009c000000, 0x000000009c100000, 0x000000009c100000|100%|HS|  |TAMS 0x000000009c000000| PB 0x000000009c000000| Complete 
| 449|0x000000009c100000, 0x000000009c200000, 0x000000009c200000|100%|HC|  |TAMS 0x000000009c100000| PB 0x000000009c100000| Complete 
| 450|0x000000009c200000, 0x000000009c300000, 0x000000009c300000|100%|HS|  |TAMS 0x000000009c200000| PB 0x000000009c200000| Complete 
| 451|0x000000009c300000, 0x000000009c400000, 0x000000009c400000|100%|HC|  |TAMS 0x000000009c300000| PB 0x000000009c300000| Complete 
| 452|0x000000009c400000, 0x000000009c500000, 0x000000009c500000|100%|HS|  |TAMS 0x000000009c400000| PB 0x000000009c400000| Complete 
| 453|0x000000009c500000, 0x000000009c600000, 0x000000009c600000|100%|HC|  |TAMS 0x000000009c500000| PB 0x000000009c500000| Complete 
| 454|0x000000009c600000, 0x000000009c700000, 0x000000009c700000|100%|HS|  |TAMS 0x000000009c600000| PB 0x000000009c600000| Complete 
| 455|0x000000009c700000, 0x000000009c800000, 0x000000009c800000|100%|HC|  |TAMS 0x000000009c700000| PB 0x000000009c700000| Complete 
| 456|0x000000009c800000, 0x000000009c900000, 0x000000009c900000|100%|HS|  |TAMS 0x000000009c800000| PB 0x000000009c800000| Complete 
| 457|0x000000009c900000, 0x000000009ca00000, 0x000000009ca00000|100%|HC|  |TAMS 0x000000009c900000| PB 0x000000009c900000| Complete 
| 458|0x000000009ca00000, 0x000000009cb00000, 0x000000009cb00000|100%| O|  |TAMS 0x000000009ca00000| PB 0x000000009ca00000| Untracked 
| 459|0x000000009cb00000, 0x000000009cc00000, 0x000000009cc00000|100%| O|  |TAMS 0x000000009cb00000| PB 0x000000009cb00000| Untracked 
| 460|0x000000009cc00000, 0x000000009cd00000, 0x000000009cd00000|100%| O|  |TAMS 0x000000009cc00000| PB 0x000000009cc00000| Untracked 
| 461|0x000000009cd00000, 0x000000009ce00000, 0x000000009ce00000|100%| O|  |TAMS 0x000000009cd00000| PB 0x000000009cd00000| Untracked 
| 462|0x000000009ce00000, 0x000000009cf00000, 0x000000009cf00000|100%| O|  |TAMS 0x000000009ce00000| PB 0x000000009ce00000| Untracked 
| 463|0x000000009cf00000, 0x000000009d000000, 0x000000009d000000|100%| O|  |TAMS 0x000000009cf00000| PB 0x000000009cf00000| Untracked 
| 464|0x000000009d000000, 0x000000009d100000, 0x000000009d100000|100%| O|  |TAMS 0x000000009d000000| PB 0x000000009d000000| Untracked 
| 465|0x000000009d100000, 0x000000009d200000, 0x000000009d200000|100%| O|  |TAMS 0x000000009d100000| PB 0x000000009d100000| Untracked 
| 466|0x000000009d200000, 0x000000009d300000, 0x000000009d300000|100%| O|  |TAMS 0x000000009d200000| PB 0x000000009d200000| Untracked 
| 467|0x000000009d300000, 0x000000009d400000, 0x000000009d400000|100%| O|  |TAMS 0x000000009d300000| PB 0x000000009d300000| Untracked 
| 468|0x000000009d400000, 0x000000009d500000, 0x000000009d500000|100%| O|  |TAMS 0x000000009d400000| PB 0x000000009d400000| Untracked 
| 469|0x000000009d500000, 0x000000009d600000, 0x000000009d600000|100%| O|  |TAMS 0x000000009d500000| PB 0x000000009d500000| Untracked 
| 470|0x000000009d600000, 0x000000009d700000, 0x000000009d700000|100%| O|  |TAMS 0x000000009d600000| PB 0x000000009d600000| Untracked 
| 471|0x000000009d700000, 0x000000009d800000, 0x000000009d800000|100%| O|  |TAMS 0x000000009d700000| PB 0x000000009d700000| Untracked 
| 472|0x000000009d800000, 0x000000009d900000, 0x000000009d900000|100%| O|  |TAMS 0x000000009d800000| PB 0x000000009d800000| Untracked 
| 473|0x000000009d900000, 0x000000009da00000, 0x000000009da00000|100%| O|  |TAMS 0x000000009d900000| PB 0x000000009d900000| Untracked 
| 474|0x000000009da00000, 0x000000009db00000, 0x000000009db00000|100%| O|  |TAMS 0x000000009da00000| PB 0x000000009da00000| Untracked 
| 475|0x000000009db00000, 0x000000009dc00000, 0x000000009dc00000|100%| O|  |TAMS 0x000000009db00000| PB 0x000000009db00000| Untracked 
| 476|0x000000009dc00000, 0x000000009dd00000, 0x000000009dd00000|100%| O|  |TAMS 0x000000009dc00000| PB 0x000000009dc00000| Untracked 
| 477|0x000000009dd00000, 0x000000009dd00000, 0x000000009de00000|  0%| F|  |TAMS 0x000000009dd00000| PB 0x000000009dd00000| Untracked 
| 478|0x000000009de00000, 0x000000009df00000, 0x000000009df00000|100%| O|  |TAMS 0x000000009de00000| PB 0x000000009de00000| Untracked 
| 479|0x000000009df00000, 0x000000009e000000, 0x000000009e000000|100%| O|  |TAMS 0x000000009df00000| PB 0x000000009df00000| Untracked 
| 480|0x000000009e000000, 0x000000009e100000, 0x000000009e100000|100%| O|  |TAMS 0x000000009e000000| PB 0x000000009e000000| Untracked 
| 481|0x000000009e100000, 0x000000009e200000, 0x000000009e200000|100%| O|  |TAMS 0x000000009e100000| PB 0x000000009e100000| Untracked 
| 482|0x000000009e200000, 0x000000009e300000, 0x000000009e300000|100%| O|  |TAMS 0x000000009e200000| PB 0x000000009e200000| Untracked 
| 483|0x000000009e300000, 0x000000009e400000, 0x000000009e400000|100%| O|  |TAMS 0x000000009e300000| PB 0x000000009e300000| Untracked 
| 484|0x000000009e400000, 0x000000009e500000, 0x000000009e500000|100%| O|  |TAMS 0x000000009e400000| PB 0x000000009e400000| Untracked 
| 485|0x000000009e500000, 0x000000009e600000, 0x000000009e600000|100%| O|  |TAMS 0x000000009e500000| PB 0x000000009e500000| Untracked 
| 486|0x000000009e600000, 0x000000009e700000, 0x000000009e700000|100%| O|  |TAMS 0x000000009e600000| PB 0x000000009e600000| Untracked 
| 487|0x000000009e700000, 0x000000009e800000, 0x000000009e800000|100%| O|  |TAMS 0x000000009e700000| PB 0x000000009e700000| Untracked 
| 488|0x000000009e800000, 0x000000009e900000, 0x000000009e900000|100%| O|  |TAMS 0x000000009e800000| PB 0x000000009e800000| Untracked 
| 489|0x000000009e900000, 0x000000009ea00000, 0x000000009ea00000|100%| O|  |TAMS 0x000000009e900000| PB 0x000000009e900000| Untracked 
| 490|0x000000009ea00000, 0x000000009eb00000, 0x000000009eb00000|100%| O|  |TAMS 0x000000009ea00000| PB 0x000000009ea00000| Untracked 
| 491|0x000000009eb00000, 0x000000009ec00000, 0x000000009ec00000|100%| O|  |TAMS 0x000000009eb00000| PB 0x000000009eb00000| Untracked 
| 492|0x000000009ec00000, 0x000000009ed00000, 0x000000009ed00000|100%| O|  |TAMS 0x000000009ec00000| PB 0x000000009ec00000| Untracked 
| 493|0x000000009ed00000, 0x000000009ee00000, 0x000000009ee00000|100%| O|  |TAMS 0x000000009ed00000| PB 0x000000009ed00000| Untracked 
| 494|0x000000009ee00000, 0x000000009ef00000, 0x000000009ef00000|100%| O|  |TAMS 0x000000009ee00000| PB 0x000000009ee00000| Untracked 
| 495|0x000000009ef00000, 0x000000009f000000, 0x000000009f000000|100%| O|  |TAMS 0x000000009ef00000| PB 0x000000009ef00000| Untracked 
| 496|0x000000009f000000, 0x000000009f100000, 0x000000009f100000|100%| O|  |TAMS 0x000000009f000000| PB 0x000000009f000000| Untracked 
| 497|0x000000009f100000, 0x000000009f200000, 0x000000009f200000|100%| O|  |TAMS 0x000000009f100000| PB 0x000000009f100000| Untracked 
| 498|0x000000009f200000, 0x000000009f300000, 0x000000009f300000|100%| O|  |TAMS 0x000000009f200000| PB 0x000000009f200000| Untracked 
| 499|0x000000009f300000, 0x000000009f400000, 0x000000009f400000|100%| O|  |TAMS 0x000000009f300000| PB 0x000000009f300000| Untracked 
| 500|0x000000009f400000, 0x000000009f500000, 0x000000009f500000|100%| O|  |TAMS 0x000000009f400000| PB 0x000000009f400000| Untracked 
| 501|0x000000009f500000, 0x000000009f600000, 0x000000009f600000|100%| O|  |TAMS 0x000000009f500000| PB 0x000000009f500000| Untracked 
| 502|0x000000009f600000, 0x000000009f700000, 0x000000009f700000|100%| O|  |TAMS 0x000000009f600000| PB 0x000000009f600000| Untracked 
| 503|0x000000009f700000, 0x000000009f800000, 0x000000009f800000|100%| O|  |TAMS 0x000000009f700000| PB 0x000000009f700000| Untracked 
| 504|0x000000009f800000, 0x000000009f900000, 0x000000009f900000|100%| O|  |TAMS 0x000000009f800000| PB 0x000000009f800000| Untracked 
| 505|0x000000009f900000, 0x000000009fa00000, 0x000000009fa00000|100%| O|  |TAMS 0x000000009f900000| PB 0x000000009f900000| Untracked 
| 506|0x000000009fa00000, 0x000000009fb00000, 0x000000009fb00000|100%| O|  |TAMS 0x000000009fa00000| PB 0x000000009fa00000| Untracked 
| 507|0x000000009fb00000, 0x000000009fc00000, 0x000000009fc00000|100%| O|  |TAMS 0x000000009fb00000| PB 0x000000009fb00000| Untracked 
| 508|0x000000009fc00000, 0x000000009fd00000, 0x000000009fd00000|100%| O|  |TAMS 0x000000009fc00000| PB 0x000000009fc00000| Untracked 
| 509|0x000000009fd00000, 0x000000009fe00000, 0x000000009fe00000|100%| O|  |TAMS 0x000000009fd00000| PB 0x000000009fd00000| Untracked 
| 510|0x000000009fe00000, 0x000000009ff00000, 0x000000009ff00000|100%| O|  |TAMS 0x000000009fe00000| PB 0x000000009fe00000| Untracked 
| 511|0x000000009ff00000, 0x00000000a0000000, 0x00000000a0000000|100%| O|  |TAMS 0x000000009ff00000| PB 0x000000009ff00000| Untracked 
| 512|0x00000000a0000000, 0x00000000a0100000, 0x00000000a0100000|100%| O|  |TAMS 0x00000000a0000000| PB 0x00000000a0000000| Untracked 
| 513|0x00000000a0100000, 0x00000000a0200000, 0x00000000a0200000|100%| O|  |TAMS 0x00000000a0100000| PB 0x00000000a0100000| Untracked 
| 514|0x00000000a0200000, 0x00000000a0300000, 0x00000000a0300000|100%| O|  |TAMS 0x00000000a0200000| PB 0x00000000a0200000| Untracked 
| 515|0x00000000a0300000, 0x00000000a0400000, 0x00000000a0400000|100%| O|  |TAMS 0x00000000a0300000| PB 0x00000000a0300000| Untracked 
| 516|0x00000000a0400000, 0x00000000a0500000, 0x00000000a0500000|100%| O|  |TAMS 0x00000000a0400000| PB 0x00000000a0400000| Untracked 
| 517|0x00000000a0500000, 0x00000000a0600000, 0x00000000a0600000|100%| O|  |TAMS 0x00000000a0500000| PB 0x00000000a0500000| Untracked 
| 518|0x00000000a0600000, 0x00000000a0700000, 0x00000000a0700000|100%| O|  |TAMS 0x00000000a0600000| PB 0x00000000a0600000| Untracked 
| 519|0x00000000a0700000, 0x00000000a0800000, 0x00000000a0800000|100%| O|  |TAMS 0x00000000a0700000| PB 0x00000000a0700000| Untracked 
| 520|0x00000000a0800000, 0x00000000a0900000, 0x00000000a0900000|100%| O|  |TAMS 0x00000000a0800000| PB 0x00000000a0800000| Untracked 
| 521|0x00000000a0900000, 0x00000000a0a00000, 0x00000000a0a00000|100%| O|  |TAMS 0x00000000a0900000| PB 0x00000000a0900000| Untracked 
| 522|0x00000000a0a00000, 0x00000000a0b00000, 0x00000000a0b00000|100%| O|  |TAMS 0x00000000a0a00000| PB 0x00000000a0a00000| Untracked 
| 523|0x00000000a0b00000, 0x00000000a0c00000, 0x00000000a0c00000|100%| O|  |TAMS 0x00000000a0b00000| PB 0x00000000a0b00000| Untracked 
| 524|0x00000000a0c00000, 0x00000000a0d00000, 0x00000000a0d00000|100%| O|  |TAMS 0x00000000a0c00000| PB 0x00000000a0c00000| Untracked 
| 525|0x00000000a0d00000, 0x00000000a0e00000, 0x00000000a0e00000|100%| O|  |TAMS 0x00000000a0d00000| PB 0x00000000a0d00000| Untracked 
| 526|0x00000000a0e00000, 0x00000000a0f00000, 0x00000000a0f00000|100%| O|  |TAMS 0x00000000a0e00000| PB 0x00000000a0e00000| Untracked 
| 527|0x00000000a0f00000, 0x00000000a1000000, 0x00000000a1000000|100%| O|  |TAMS 0x00000000a0f00000| PB 0x00000000a0f00000| Untracked 
| 528|0x00000000a1000000, 0x00000000a1100000, 0x00000000a1100000|100%| O|  |TAMS 0x00000000a1000000| PB 0x00000000a1000000| Untracked 
| 529|0x00000000a1100000, 0x00000000a1200000, 0x00000000a1200000|100%| O|  |TAMS 0x00000000a1100000| PB 0x00000000a1100000| Untracked 
| 530|0x00000000a1200000, 0x00000000a1300000, 0x00000000a1300000|100%| O|  |TAMS 0x00000000a1200000| PB 0x00000000a1200000| Untracked 
| 531|0x00000000a1300000, 0x00000000a1400000, 0x00000000a1400000|100%| O|  |TAMS 0x00000000a1300000| PB 0x00000000a1300000| Untracked 
| 532|0x00000000a1400000, 0x00000000a1500000, 0x00000000a1500000|100%| O|  |TAMS 0x00000000a1400000| PB 0x00000000a1400000| Untracked 
| 533|0x00000000a1500000, 0x00000000a1600000, 0x00000000a1600000|100%| O|  |TAMS 0x00000000a1500000| PB 0x00000000a1500000| Untracked 
| 534|0x00000000a1600000, 0x00000000a1700000, 0x00000000a1700000|100%| O|  |TAMS 0x00000000a1600000| PB 0x00000000a1600000| Untracked 
| 535|0x00000000a1700000, 0x00000000a1800000, 0x00000000a1800000|100%| O|  |TAMS 0x00000000a1700000| PB 0x00000000a1700000| Untracked 
| 536|0x00000000a1800000, 0x00000000a1900000, 0x00000000a1900000|100%| O|  |TAMS 0x00000000a1800000| PB 0x00000000a1800000| Untracked 
| 537|0x00000000a1900000, 0x00000000a1a00000, 0x00000000a1a00000|100%| O|  |TAMS 0x00000000a1900000| PB 0x00000000a1900000| Untracked 
| 538|0x00000000a1a00000, 0x00000000a1b00000, 0x00000000a1b00000|100%| O|  |TAMS 0x00000000a1a00000| PB 0x00000000a1a00000| Untracked 
| 539|0x00000000a1b00000, 0x00000000a1c00000, 0x00000000a1c00000|100%| O|  |TAMS 0x00000000a1b00000| PB 0x00000000a1b00000| Untracked 
| 540|0x00000000a1c00000, 0x00000000a1d00000, 0x00000000a1d00000|100%| O|  |TAMS 0x00000000a1c00000| PB 0x00000000a1c00000| Untracked 
| 541|0x00000000a1d00000, 0x00000000a1e00000, 0x00000000a1e00000|100%| O|  |TAMS 0x00000000a1d00000| PB 0x00000000a1d00000| Untracked 
| 542|0x00000000a1e00000, 0x00000000a1f00000, 0x00000000a1f00000|100%| O|  |TAMS 0x00000000a1e00000| PB 0x00000000a1e00000| Untracked 
| 543|0x00000000a1f00000, 0x00000000a2000000, 0x00000000a2000000|100%| O|  |TAMS 0x00000000a1f00000| PB 0x00000000a1f00000| Untracked 
| 544|0x00000000a2000000, 0x00000000a2100000, 0x00000000a2100000|100%| O|  |TAMS 0x00000000a2000000| PB 0x00000000a2000000| Untracked 
| 545|0x00000000a2100000, 0x00000000a2200000, 0x00000000a2200000|100%| O|  |TAMS 0x00000000a2100000| PB 0x00000000a2100000| Untracked 
| 546|0x00000000a2200000, 0x00000000a2300000, 0x00000000a2300000|100%| O|  |TAMS 0x00000000a2200000| PB 0x00000000a2200000| Untracked 
| 547|0x00000000a2300000, 0x00000000a2400000, 0x00000000a2400000|100%| O|  |TAMS 0x00000000a2300000| PB 0x00000000a2300000| Untracked 
| 548|0x00000000a2400000, 0x00000000a2500000, 0x00000000a2500000|100%| O|  |TAMS 0x00000000a2400000| PB 0x00000000a2400000| Untracked 
| 549|0x00000000a2500000, 0x00000000a2600000, 0x00000000a2600000|100%| O|  |TAMS 0x00000000a2500000| PB 0x00000000a2500000| Untracked 
| 550|0x00000000a2600000, 0x00000000a2700000, 0x00000000a2700000|100%| O|  |TAMS 0x00000000a2600000| PB 0x00000000a2600000| Untracked 
| 551|0x00000000a2700000, 0x00000000a2800000, 0x00000000a2800000|100%| O|  |TAMS 0x00000000a2700000| PB 0x00000000a2700000| Untracked 
| 552|0x00000000a2800000, 0x00000000a2900000, 0x00000000a2900000|100%| O|  |TAMS 0x00000000a2800000| PB 0x00000000a2800000| Untracked 
| 553|0x00000000a2900000, 0x00000000a2a00000, 0x00000000a2a00000|100%| O|  |TAMS 0x00000000a2900000| PB 0x00000000a2900000| Untracked 
| 554|0x00000000a2a00000, 0x00000000a2b00000, 0x00000000a2b00000|100%| O|  |TAMS 0x00000000a2a00000| PB 0x00000000a2a00000| Untracked 
| 555|0x00000000a2b00000, 0x00000000a2c00000, 0x00000000a2c00000|100%| O|  |TAMS 0x00000000a2b00000| PB 0x00000000a2b00000| Untracked 
| 556|0x00000000a2c00000, 0x00000000a2d00000, 0x00000000a2d00000|100%| O|  |TAMS 0x00000000a2c00000| PB 0x00000000a2c00000| Untracked 
| 557|0x00000000a2d00000, 0x00000000a2e00000, 0x00000000a2e00000|100%| O|  |TAMS 0x00000000a2d00000| PB 0x00000000a2d00000| Untracked 
| 558|0x00000000a2e00000, 0x00000000a2f00000, 0x00000000a2f00000|100%| O|  |TAMS 0x00000000a2e00000| PB 0x00000000a2e00000| Untracked 
| 559|0x00000000a2f00000, 0x00000000a3000000, 0x00000000a3000000|100%| O|  |TAMS 0x00000000a2f00000| PB 0x00000000a2f00000| Untracked 
| 560|0x00000000a3000000, 0x00000000a3100000, 0x00000000a3100000|100%| O|  |TAMS 0x00000000a3000000| PB 0x00000000a3000000| Untracked 
| 561|0x00000000a3100000, 0x00000000a3200000, 0x00000000a3200000|100%| O|  |TAMS 0x00000000a3100000| PB 0x00000000a3100000| Untracked 
| 562|0x00000000a3200000, 0x00000000a3300000, 0x00000000a3300000|100%| O|  |TAMS 0x00000000a3200000| PB 0x00000000a3200000| Untracked 
| 563|0x00000000a3300000, 0x00000000a3400000, 0x00000000a3400000|100%| O|  |TAMS 0x00000000a3300000| PB 0x00000000a3300000| Untracked 
| 564|0x00000000a3400000, 0x00000000a3500000, 0x00000000a3500000|100%| O|  |TAMS 0x00000000a3400000| PB 0x00000000a3400000| Untracked 
| 565|0x00000000a3500000, 0x00000000a3600000, 0x00000000a3600000|100%| O|  |TAMS 0x00000000a3500000| PB 0x00000000a3500000| Untracked 
| 566|0x00000000a3600000, 0x00000000a3700000, 0x00000000a3700000|100%| O|  |TAMS 0x00000000a3600000| PB 0x00000000a3600000| Untracked 
| 567|0x00000000a3700000, 0x00000000a3800000, 0x00000000a3800000|100%| O|  |TAMS 0x00000000a3700000| PB 0x00000000a3700000| Untracked 
| 568|0x00000000a3800000, 0x00000000a3900000, 0x00000000a3900000|100%| O|  |TAMS 0x00000000a3800000| PB 0x00000000a3800000| Untracked 
| 569|0x00000000a3900000, 0x00000000a3a00000, 0x00000000a3a00000|100%| O|  |TAMS 0x00000000a3900000| PB 0x00000000a3900000| Untracked 
| 570|0x00000000a3a00000, 0x00000000a3b00000, 0x00000000a3b00000|100%| O|  |TAMS 0x00000000a3a00000| PB 0x00000000a3a00000| Untracked 
| 571|0x00000000a3b00000, 0x00000000a3c00000, 0x00000000a3c00000|100%| O|  |TAMS 0x00000000a3b00000| PB 0x00000000a3b00000| Untracked 
| 572|0x00000000a3c00000, 0x00000000a3d00000, 0x00000000a3d00000|100%| O|  |TAMS 0x00000000a3c00000| PB 0x00000000a3c00000| Untracked 
| 573|0x00000000a3d00000, 0x00000000a3e00000, 0x00000000a3e00000|100%| O|  |TAMS 0x00000000a3d00000| PB 0x00000000a3d00000| Untracked 
| 574|0x00000000a3e00000, 0x00000000a3f00000, 0x00000000a3f00000|100%| O|  |TAMS 0x00000000a3e00000| PB 0x00000000a3e00000| Untracked 
| 575|0x00000000a3f00000, 0x00000000a4000000, 0x00000000a4000000|100%| O|  |TAMS 0x00000000a3f00000| PB 0x00000000a3f00000| Untracked 
| 576|0x00000000a4000000, 0x00000000a4100000, 0x00000000a4100000|100%| O|  |TAMS 0x00000000a4000000| PB 0x00000000a4000000| Untracked 
| 577|0x00000000a4100000, 0x00000000a4100000, 0x00000000a4200000|  0%| F|  |TAMS 0x00000000a4100000| PB 0x00000000a4100000| Untracked 
| 578|0x00000000a4200000, 0x00000000a4200000, 0x00000000a4300000|  0%| F|  |TAMS 0x00000000a4200000| PB 0x00000000a4200000| Untracked 
| 579|0x00000000a4300000, 0x00000000a4300000, 0x00000000a4400000|  0%| F|  |TAMS 0x00000000a4300000| PB 0x00000000a4300000| Untracked 
| 580|0x00000000a4400000, 0x00000000a4400000, 0x00000000a4500000|  0%| F|  |TAMS 0x00000000a4400000| PB 0x00000000a4400000| Untracked 
| 581|0x00000000a4500000, 0x00000000a4500000, 0x00000000a4600000|  0%| F|  |TAMS 0x00000000a4500000| PB 0x00000000a4500000| Untracked 
| 582|0x00000000a4600000, 0x00000000a4600000, 0x00000000a4700000|  0%| F|  |TAMS 0x00000000a4600000| PB 0x00000000a4600000| Untracked 
| 583|0x00000000a4700000, 0x00000000a4700000, 0x00000000a4800000|  0%| F|  |TAMS 0x00000000a4700000| PB 0x00000000a4700000| Untracked 
| 584|0x00000000a4800000, 0x00000000a4800000, 0x00000000a4900000|  0%| F|  |TAMS 0x00000000a4800000| PB 0x00000000a4800000| Untracked 
| 585|0x00000000a4900000, 0x00000000a4900000, 0x00000000a4a00000|  0%| F|  |TAMS 0x00000000a4900000| PB 0x00000000a4900000| Untracked 
| 586|0x00000000a4a00000, 0x00000000a4a00000, 0x00000000a4b00000|  0%| F|  |TAMS 0x00000000a4a00000| PB 0x00000000a4a00000| Untracked 
| 587|0x00000000a4b00000, 0x00000000a4b00000, 0x00000000a4c00000|  0%| F|  |TAMS 0x00000000a4b00000| PB 0x00000000a4b00000| Untracked 
| 588|0x00000000a4c00000, 0x00000000a4c00000, 0x00000000a4d00000|  0%| F|  |TAMS 0x00000000a4c00000| PB 0x00000000a4c00000| Untracked 
| 589|0x00000000a4d00000, 0x00000000a4d00000, 0x00000000a4e00000|  0%| F|  |TAMS 0x00000000a4d00000| PB 0x00000000a4d00000| Untracked 
| 590|0x00000000a4e00000, 0x00000000a4e00000, 0x00000000a4f00000|  0%| F|  |TAMS 0x00000000a4e00000| PB 0x00000000a4e00000| Untracked 
| 591|0x00000000a4f00000, 0x00000000a4f00000, 0x00000000a5000000|  0%| F|  |TAMS 0x00000000a4f00000| PB 0x00000000a4f00000| Untracked 
| 592|0x00000000a5000000, 0x00000000a5000000, 0x00000000a5100000|  0%| F|  |TAMS 0x00000000a5000000| PB 0x00000000a5000000| Untracked 
| 593|0x00000000a5100000, 0x00000000a5100000, 0x00000000a5200000|  0%| F|  |TAMS 0x00000000a5100000| PB 0x00000000a5100000| Untracked 
| 594|0x00000000a5200000, 0x00000000a5200000, 0x00000000a5300000|  0%| F|  |TAMS 0x00000000a5200000| PB 0x00000000a5200000| Untracked 
| 595|0x00000000a5300000, 0x00000000a5300000, 0x00000000a5400000|  0%| F|  |TAMS 0x00000000a5300000| PB 0x00000000a5300000| Untracked 
| 596|0x00000000a5400000, 0x00000000a5400000, 0x00000000a5500000|  0%| F|  |TAMS 0x00000000a5400000| PB 0x00000000a5400000| Untracked 
| 597|0x00000000a5500000, 0x00000000a5500000, 0x00000000a5600000|  0%| F|  |TAMS 0x00000000a5500000| PB 0x00000000a5500000| Untracked 
| 598|0x00000000a5600000, 0x00000000a5600000, 0x00000000a5700000|  0%| F|  |TAMS 0x00000000a5600000| PB 0x00000000a5600000| Untracked 
| 599|0x00000000a5700000, 0x00000000a5700000, 0x00000000a5800000|  0%| F|  |TAMS 0x00000000a5700000| PB 0x00000000a5700000| Untracked 
| 600|0x00000000a5800000, 0x00000000a5800000, 0x00000000a5900000|  0%| F|  |TAMS 0x00000000a5800000| PB 0x00000000a5800000| Untracked 
| 601|0x00000000a5900000, 0x00000000a5900000, 0x00000000a5a00000|  0%| F|  |TAMS 0x00000000a5900000| PB 0x00000000a5900000| Untracked 
| 602|0x00000000a5a00000, 0x00000000a5a00000, 0x00000000a5b00000|  0%| F|  |TAMS 0x00000000a5a00000| PB 0x00000000a5a00000| Untracked 
| 603|0x00000000a5b00000, 0x00000000a5b00000, 0x00000000a5c00000|  0%| F|  |TAMS 0x00000000a5b00000| PB 0x00000000a5b00000| Untracked 
| 604|0x00000000a5c00000, 0x00000000a5c00000, 0x00000000a5d00000|  0%| F|  |TAMS 0x00000000a5c00000| PB 0x00000000a5c00000| Untracked 
| 605|0x00000000a5d00000, 0x00000000a5d00000, 0x00000000a5e00000|  0%| F|  |TAMS 0x00000000a5d00000| PB 0x00000000a5d00000| Untracked 
| 606|0x00000000a5e00000, 0x00000000a5e00000, 0x00000000a5f00000|  0%| F|  |TAMS 0x00000000a5e00000| PB 0x00000000a5e00000| Untracked 
| 607|0x00000000a5f00000, 0x00000000a5f00000, 0x00000000a6000000|  0%| F|  |TAMS 0x00000000a5f00000| PB 0x00000000a5f00000| Untracked 
| 608|0x00000000a6000000, 0x00000000a6000000, 0x00000000a6100000|  0%| F|  |TAMS 0x00000000a6000000| PB 0x00000000a6000000| Untracked 
| 609|0x00000000a6100000, 0x00000000a6100000, 0x00000000a6200000|  0%| F|  |TAMS 0x00000000a6100000| PB 0x00000000a6100000| Untracked 
| 610|0x00000000a6200000, 0x00000000a6200000, 0x00000000a6300000|  0%| F|  |TAMS 0x00000000a6200000| PB 0x00000000a6200000| Untracked 
| 611|0x00000000a6300000, 0x00000000a6300000, 0x00000000a6400000|  0%| F|  |TAMS 0x00000000a6300000| PB 0x00000000a6300000| Untracked 
| 612|0x00000000a6400000, 0x00000000a6400000, 0x00000000a6500000|  0%| F|  |TAMS 0x00000000a6400000| PB 0x00000000a6400000| Untracked 
| 613|0x00000000a6500000, 0x00000000a6500000, 0x00000000a6600000|  0%| F|  |TAMS 0x00000000a6500000| PB 0x00000000a6500000| Untracked 
| 614|0x00000000a6600000, 0x00000000a6600000, 0x00000000a6700000|  0%| F|  |TAMS 0x00000000a6600000| PB 0x00000000a6600000| Untracked 
| 615|0x00000000a6700000, 0x00000000a6700000, 0x00000000a6800000|  0%| F|  |TAMS 0x00000000a6700000| PB 0x00000000a6700000| Untracked 
| 616|0x00000000a6800000, 0x00000000a6800000, 0x00000000a6900000|  0%| F|  |TAMS 0x00000000a6800000| PB 0x00000000a6800000| Untracked 
| 617|0x00000000a6900000, 0x00000000a6900000, 0x00000000a6a00000|  0%| F|  |TAMS 0x00000000a6900000| PB 0x00000000a6900000| Untracked 
| 618|0x00000000a6a00000, 0x00000000a6a00000, 0x00000000a6b00000|  0%| F|  |TAMS 0x00000000a6a00000| PB 0x00000000a6a00000| Untracked 
| 619|0x00000000a6b00000, 0x00000000a6b00000, 0x00000000a6c00000|  0%| F|  |TAMS 0x00000000a6b00000| PB 0x00000000a6b00000| Untracked 
| 620|0x00000000a6c00000, 0x00000000a6c00000, 0x00000000a6d00000|  0%| F|  |TAMS 0x00000000a6c00000| PB 0x00000000a6c00000| Untracked 
| 621|0x00000000a6d00000, 0x00000000a6d00000, 0x00000000a6e00000|  0%| F|  |TAMS 0x00000000a6d00000| PB 0x00000000a6d00000| Untracked 
| 622|0x00000000a6e00000, 0x00000000a6e00000, 0x00000000a6f00000|  0%| F|  |TAMS 0x00000000a6e00000| PB 0x00000000a6e00000| Untracked 
| 623|0x00000000a6f00000, 0x00000000a6f00000, 0x00000000a7000000|  0%| F|  |TAMS 0x00000000a6f00000| PB 0x00000000a6f00000| Untracked 
| 624|0x00000000a7000000, 0x00000000a7000000, 0x00000000a7100000|  0%| F|  |TAMS 0x00000000a7000000| PB 0x00000000a7000000| Untracked 
| 625|0x00000000a7100000, 0x00000000a7100000, 0x00000000a7200000|  0%| F|  |TAMS 0x00000000a7100000| PB 0x00000000a7100000| Untracked 
| 626|0x00000000a7200000, 0x00000000a7200000, 0x00000000a7300000|  0%| F|  |TAMS 0x00000000a7200000| PB 0x00000000a7200000| Untracked 
| 627|0x00000000a7300000, 0x00000000a7300000, 0x00000000a7400000|  0%| F|  |TAMS 0x00000000a7300000| PB 0x00000000a7300000| Untracked 
| 628|0x00000000a7400000, 0x00000000a7400000, 0x00000000a7500000|  0%| F|  |TAMS 0x00000000a7400000| PB 0x00000000a7400000| Untracked 
| 629|0x00000000a7500000, 0x00000000a7500000, 0x00000000a7600000|  0%| F|  |TAMS 0x00000000a7500000| PB 0x00000000a7500000| Untracked 
| 630|0x00000000a7600000, 0x00000000a7600000, 0x00000000a7700000|  0%| F|  |TAMS 0x00000000a7600000| PB 0x00000000a7600000| Untracked 
| 631|0x00000000a7700000, 0x00000000a7700000, 0x00000000a7800000|  0%| F|  |TAMS 0x00000000a7700000| PB 0x00000000a7700000| Untracked 
| 632|0x00000000a7800000, 0x00000000a7800000, 0x00000000a7900000|  0%| F|  |TAMS 0x00000000a7800000| PB 0x00000000a7800000| Untracked 
| 633|0x00000000a7900000, 0x00000000a7900000, 0x00000000a7a00000|  0%| F|  |TAMS 0x00000000a7900000| PB 0x00000000a7900000| Untracked 
| 634|0x00000000a7a00000, 0x00000000a7a00000, 0x00000000a7b00000|  0%| F|  |TAMS 0x00000000a7a00000| PB 0x00000000a7a00000| Untracked 
| 635|0x00000000a7b00000, 0x00000000a7b00000, 0x00000000a7c00000|  0%| F|  |TAMS 0x00000000a7b00000| PB 0x00000000a7b00000| Untracked 
| 636|0x00000000a7c00000, 0x00000000a7c00000, 0x00000000a7d00000|  0%| F|  |TAMS 0x00000000a7c00000| PB 0x00000000a7c00000| Untracked 
| 637|0x00000000a7d00000, 0x00000000a7d00000, 0x00000000a7e00000|  0%| F|  |TAMS 0x00000000a7d00000| PB 0x00000000a7d00000| Untracked 
| 638|0x00000000a7e00000, 0x00000000a7e00000, 0x00000000a7f00000|  0%| F|  |TAMS 0x00000000a7e00000| PB 0x00000000a7e00000| Untracked 
| 639|0x00000000a7f00000, 0x00000000a7f00000, 0x00000000a8000000|  0%| F|  |TAMS 0x00000000a7f00000| PB 0x00000000a7f00000| Untracked 
| 640|0x00000000a8000000, 0x00000000a8000000, 0x00000000a8100000|  0%| F|  |TAMS 0x00000000a8000000| PB 0x00000000a8000000| Untracked 
| 641|0x00000000a8100000, 0x00000000a8100000, 0x00000000a8200000|  0%| F|  |TAMS 0x00000000a8100000| PB 0x00000000a8100000| Untracked 
| 642|0x00000000a8200000, 0x00000000a8200000, 0x00000000a8300000|  0%| F|  |TAMS 0x00000000a8200000| PB 0x00000000a8200000| Untracked 
| 643|0x00000000a8300000, 0x00000000a8300000, 0x00000000a8400000|  0%| F|  |TAMS 0x00000000a8300000| PB 0x00000000a8300000| Untracked 
| 644|0x00000000a8400000, 0x00000000a8400000, 0x00000000a8500000|  0%| F|  |TAMS 0x00000000a8400000| PB 0x00000000a8400000| Untracked 
| 645|0x00000000a8500000, 0x00000000a8500000, 0x00000000a8600000|  0%| F|  |TAMS 0x00000000a8500000| PB 0x00000000a8500000| Untracked 
| 646|0x00000000a8600000, 0x00000000a8600000, 0x00000000a8700000|  0%| F|  |TAMS 0x00000000a8600000| PB 0x00000000a8600000| Untracked 
| 647|0x00000000a8700000, 0x00000000a8700000, 0x00000000a8800000|  0%| F|  |TAMS 0x00000000a8700000| PB 0x00000000a8700000| Untracked 
| 648|0x00000000a8800000, 0x00000000a8800000, 0x00000000a8900000|  0%| F|  |TAMS 0x00000000a8800000| PB 0x00000000a8800000| Untracked 
| 649|0x00000000a8900000, 0x00000000a8900000, 0x00000000a8a00000|  0%| F|  |TAMS 0x00000000a8900000| PB 0x00000000a8900000| Untracked 
| 650|0x00000000a8a00000, 0x00000000a8a00000, 0x00000000a8b00000|  0%| F|  |TAMS 0x00000000a8a00000| PB 0x00000000a8a00000| Untracked 
| 651|0x00000000a8b00000, 0x00000000a8b00000, 0x00000000a8c00000|  0%| F|  |TAMS 0x00000000a8b00000| PB 0x00000000a8b00000| Untracked 
| 652|0x00000000a8c00000, 0x00000000a8c00000, 0x00000000a8d00000|  0%| F|  |TAMS 0x00000000a8c00000| PB 0x00000000a8c00000| Untracked 
| 653|0x00000000a8d00000, 0x00000000a8d00000, 0x00000000a8e00000|  0%| F|  |TAMS 0x00000000a8d00000| PB 0x00000000a8d00000| Untracked 
| 654|0x00000000a8e00000, 0x00000000a8e00000, 0x00000000a8f00000|  0%| F|  |TAMS 0x00000000a8e00000| PB 0x00000000a8e00000| Untracked 
| 655|0x00000000a8f00000, 0x00000000a8f00000, 0x00000000a9000000|  0%| F|  |TAMS 0x00000000a8f00000| PB 0x00000000a8f00000| Untracked 
| 656|0x00000000a9000000, 0x00000000a9000000, 0x00000000a9100000|  0%| F|  |TAMS 0x00000000a9000000| PB 0x00000000a9000000| Untracked 
| 657|0x00000000a9100000, 0x00000000a9100000, 0x00000000a9200000|  0%| F|  |TAMS 0x00000000a9100000| PB 0x00000000a9100000| Untracked 
| 658|0x00000000a9200000, 0x00000000a9200000, 0x00000000a9300000|  0%| F|  |TAMS 0x00000000a9200000| PB 0x00000000a9200000| Untracked 
| 659|0x00000000a9300000, 0x00000000a9300000, 0x00000000a9400000|  0%| F|  |TAMS 0x00000000a9300000| PB 0x00000000a9300000| Untracked 
| 660|0x00000000a9400000, 0x00000000a9400000, 0x00000000a9500000|  0%| F|  |TAMS 0x00000000a9400000| PB 0x00000000a9400000| Untracked 
| 661|0x00000000a9500000, 0x00000000a9500000, 0x00000000a9600000|  0%| F|  |TAMS 0x00000000a9500000| PB 0x00000000a9500000| Untracked 
| 662|0x00000000a9600000, 0x00000000a9600000, 0x00000000a9700000|  0%| F|  |TAMS 0x00000000a9600000| PB 0x00000000a9600000| Untracked 
| 663|0x00000000a9700000, 0x00000000a9700000, 0x00000000a9800000|  0%| F|  |TAMS 0x00000000a9700000| PB 0x00000000a9700000| Untracked 
| 664|0x00000000a9800000, 0x00000000a9800000, 0x00000000a9900000|  0%| F|  |TAMS 0x00000000a9800000| PB 0x00000000a9800000| Untracked 
| 665|0x00000000a9900000, 0x00000000a9900000, 0x00000000a9a00000|  0%| F|  |TAMS 0x00000000a9900000| PB 0x00000000a9900000| Untracked 
| 666|0x00000000a9a00000, 0x00000000a9a00000, 0x00000000a9b00000|  0%| F|  |TAMS 0x00000000a9a00000| PB 0x00000000a9a00000| Untracked 
| 667|0x00000000a9b00000, 0x00000000a9b00000, 0x00000000a9c00000|  0%| F|  |TAMS 0x00000000a9b00000| PB 0x00000000a9b00000| Untracked 
| 668|0x00000000a9c00000, 0x00000000a9c00000, 0x00000000a9d00000|  0%| F|  |TAMS 0x00000000a9c00000| PB 0x00000000a9c00000| Untracked 
| 669|0x00000000a9d00000, 0x00000000a9d00000, 0x00000000a9e00000|  0%| F|  |TAMS 0x00000000a9d00000| PB 0x00000000a9d00000| Untracked 
| 670|0x00000000a9e00000, 0x00000000a9e00000, 0x00000000a9f00000|  0%| F|  |TAMS 0x00000000a9e00000| PB 0x00000000a9e00000| Untracked 
| 671|0x00000000a9f00000, 0x00000000a9f00000, 0x00000000aa000000|  0%| F|  |TAMS 0x00000000a9f00000| PB 0x00000000a9f00000| Untracked 
| 672|0x00000000aa000000, 0x00000000aa000000, 0x00000000aa100000|  0%| F|  |TAMS 0x00000000aa000000| PB 0x00000000aa000000| Untracked 
| 673|0x00000000aa100000, 0x00000000aa100000, 0x00000000aa200000|  0%| F|  |TAMS 0x00000000aa100000| PB 0x00000000aa100000| Untracked 
| 674|0x00000000aa200000, 0x00000000aa200000, 0x00000000aa300000|  0%| F|  |TAMS 0x00000000aa200000| PB 0x00000000aa200000| Untracked 
| 675|0x00000000aa300000, 0x00000000aa300000, 0x00000000aa400000|  0%| F|  |TAMS 0x00000000aa300000| PB 0x00000000aa300000| Untracked 
| 676|0x00000000aa400000, 0x00000000aa400000, 0x00000000aa500000|  0%| F|  |TAMS 0x00000000aa400000| PB 0x00000000aa400000| Untracked 
| 677|0x00000000aa500000, 0x00000000aa500000, 0x00000000aa600000|  0%| F|  |TAMS 0x00000000aa500000| PB 0x00000000aa500000| Untracked 
| 678|0x00000000aa600000, 0x00000000aa600000, 0x00000000aa700000|  0%| F|  |TAMS 0x00000000aa600000| PB 0x00000000aa600000| Untracked 
| 679|0x00000000aa700000, 0x00000000aa700000, 0x00000000aa800000|  0%| F|  |TAMS 0x00000000aa700000| PB 0x00000000aa700000| Untracked 
| 680|0x00000000aa800000, 0x00000000aa800000, 0x00000000aa900000|  0%| F|  |TAMS 0x00000000aa800000| PB 0x00000000aa800000| Untracked 
| 681|0x00000000aa900000, 0x00000000aa900000, 0x00000000aaa00000|  0%| F|  |TAMS 0x00000000aa900000| PB 0x00000000aa900000| Untracked 
| 682|0x00000000aaa00000, 0x00000000aaa00000, 0x00000000aab00000|  0%| F|  |TAMS 0x00000000aaa00000| PB 0x00000000aaa00000| Untracked 
| 683|0x00000000aab00000, 0x00000000aab00000, 0x00000000aac00000|  0%| F|  |TAMS 0x00000000aab00000| PB 0x00000000aab00000| Untracked 
| 684|0x00000000aac00000, 0x00000000aac00000, 0x00000000aad00000|  0%| F|  |TAMS 0x00000000aac00000| PB 0x00000000aac00000| Untracked 
| 685|0x00000000aad00000, 0x00000000aad00000, 0x00000000aae00000|  0%| F|  |TAMS 0x00000000aad00000| PB 0x00000000aad00000| Untracked 
| 686|0x00000000aae00000, 0x00000000aae00000, 0x00000000aaf00000|  0%| F|  |TAMS 0x00000000aae00000| PB 0x00000000aae00000| Untracked 
| 687|0x00000000aaf00000, 0x00000000aaf00000, 0x00000000ab000000|  0%| F|  |TAMS 0x00000000aaf00000| PB 0x00000000aaf00000| Untracked 
| 688|0x00000000ab000000, 0x00000000ab000000, 0x00000000ab100000|  0%| F|  |TAMS 0x00000000ab000000| PB 0x00000000ab000000| Untracked 
| 689|0x00000000ab100000, 0x00000000ab100000, 0x00000000ab200000|  0%| F|  |TAMS 0x00000000ab100000| PB 0x00000000ab100000| Untracked 
| 690|0x00000000ab200000, 0x00000000ab200000, 0x00000000ab300000|  0%| F|  |TAMS 0x00000000ab200000| PB 0x00000000ab200000| Untracked 
| 691|0x00000000ab300000, 0x00000000ab300000, 0x00000000ab400000|  0%| F|  |TAMS 0x00000000ab300000| PB 0x00000000ab300000| Untracked 
| 692|0x00000000ab400000, 0x00000000ab400000, 0x00000000ab500000|  0%| F|  |TAMS 0x00000000ab400000| PB 0x00000000ab400000| Untracked 
| 693|0x00000000ab500000, 0x00000000ab500000, 0x00000000ab600000|  0%| F|  |TAMS 0x00000000ab500000| PB 0x00000000ab500000| Untracked 
| 694|0x00000000ab600000, 0x00000000ab600000, 0x00000000ab700000|  0%| F|  |TAMS 0x00000000ab600000| PB 0x00000000ab600000| Untracked 
| 695|0x00000000ab700000, 0x00000000ab700000, 0x00000000ab800000|  0%| F|  |TAMS 0x00000000ab700000| PB 0x00000000ab700000| Untracked 
| 696|0x00000000ab800000, 0x00000000ab800000, 0x00000000ab900000|  0%| F|  |TAMS 0x00000000ab800000| PB 0x00000000ab800000| Untracked 
| 697|0x00000000ab900000, 0x00000000ab900000, 0x00000000aba00000|  0%| F|  |TAMS 0x00000000ab900000| PB 0x00000000ab900000| Untracked 
| 698|0x00000000aba00000, 0x00000000aba00000, 0x00000000abb00000|  0%| F|  |TAMS 0x00000000aba00000| PB 0x00000000aba00000| Untracked 
| 699|0x00000000abb00000, 0x00000000abb00000, 0x00000000abc00000|  0%| F|  |TAMS 0x00000000abb00000| PB 0x00000000abb00000| Untracked 
| 700|0x00000000abc00000, 0x00000000abc00000, 0x00000000abd00000|  0%| F|  |TAMS 0x00000000abc00000| PB 0x00000000abc00000| Untracked 
| 701|0x00000000abd00000, 0x00000000abd00000, 0x00000000abe00000|  0%| F|  |TAMS 0x00000000abd00000| PB 0x00000000abd00000| Untracked 
| 702|0x00000000abe00000, 0x00000000abe00000, 0x00000000abf00000|  0%| F|  |TAMS 0x00000000abe00000| PB 0x00000000abe00000| Untracked 
| 703|0x00000000abf00000, 0x00000000abf00000, 0x00000000ac000000|  0%| F|  |TAMS 0x00000000abf00000| PB 0x00000000abf00000| Untracked 
| 704|0x00000000ac000000, 0x00000000ac000000, 0x00000000ac100000|  0%| F|  |TAMS 0x00000000ac000000| PB 0x00000000ac000000| Untracked 
| 705|0x00000000ac100000, 0x00000000ac100000, 0x00000000ac200000|  0%| F|  |TAMS 0x00000000ac100000| PB 0x00000000ac100000| Untracked 
| 706|0x00000000ac200000, 0x00000000ac200000, 0x00000000ac300000|  0%| F|  |TAMS 0x00000000ac200000| PB 0x00000000ac200000| Untracked 
| 707|0x00000000ac300000, 0x00000000ac300000, 0x00000000ac400000|  0%| F|  |TAMS 0x00000000ac300000| PB 0x00000000ac300000| Untracked 
| 708|0x00000000ac400000, 0x00000000ac400000, 0x00000000ac500000|  0%| F|  |TAMS 0x00000000ac400000| PB 0x00000000ac400000| Untracked 
| 709|0x00000000ac500000, 0x00000000ac500000, 0x00000000ac600000|  0%| F|  |TAMS 0x00000000ac500000| PB 0x00000000ac500000| Untracked 
| 710|0x00000000ac600000, 0x00000000ac600000, 0x00000000ac700000|  0%| F|  |TAMS 0x00000000ac600000| PB 0x00000000ac600000| Untracked 
| 711|0x00000000ac700000, 0x00000000ac700000, 0x00000000ac800000|  0%| F|  |TAMS 0x00000000ac700000| PB 0x00000000ac700000| Untracked 
| 712|0x00000000ac800000, 0x00000000ac800000, 0x00000000ac900000|  0%| F|  |TAMS 0x00000000ac800000| PB 0x00000000ac800000| Untracked 
| 713|0x00000000ac900000, 0x00000000ac900000, 0x00000000aca00000|  0%| F|  |TAMS 0x00000000ac900000| PB 0x00000000ac900000| Untracked 
| 714|0x00000000aca00000, 0x00000000aca00000, 0x00000000acb00000|  0%| F|  |TAMS 0x00000000aca00000| PB 0x00000000aca00000| Untracked 
| 715|0x00000000acb00000, 0x00000000acb00000, 0x00000000acc00000|  0%| F|  |TAMS 0x00000000acb00000| PB 0x00000000acb00000| Untracked 
| 716|0x00000000acc00000, 0x00000000acc00000, 0x00000000acd00000|  0%| F|  |TAMS 0x00000000acc00000| PB 0x00000000acc00000| Untracked 
| 717|0x00000000acd00000, 0x00000000acd00000, 0x00000000ace00000|  0%| F|  |TAMS 0x00000000acd00000| PB 0x00000000acd00000| Untracked 
| 718|0x00000000ace00000, 0x00000000ace00000, 0x00000000acf00000|  0%| F|  |TAMS 0x00000000ace00000| PB 0x00000000ace00000| Untracked 
| 719|0x00000000acf00000, 0x00000000acf00000, 0x00000000ad000000|  0%| F|  |TAMS 0x00000000acf00000| PB 0x00000000acf00000| Untracked 
| 720|0x00000000ad000000, 0x00000000ad000000, 0x00000000ad100000|  0%| F|  |TAMS 0x00000000ad000000| PB 0x00000000ad000000| Untracked 
| 721|0x00000000ad100000, 0x00000000ad100000, 0x00000000ad200000|  0%| F|  |TAMS 0x00000000ad100000| PB 0x00000000ad100000| Untracked 
| 722|0x00000000ad200000, 0x00000000ad200000, 0x00000000ad300000|  0%| F|  |TAMS 0x00000000ad200000| PB 0x00000000ad200000| Untracked 
| 723|0x00000000ad300000, 0x00000000ad300000, 0x00000000ad400000|  0%| F|  |TAMS 0x00000000ad300000| PB 0x00000000ad300000| Untracked 
| 724|0x00000000ad400000, 0x00000000ad400000, 0x00000000ad500000|  0%| F|  |TAMS 0x00000000ad400000| PB 0x00000000ad400000| Untracked 
| 725|0x00000000ad500000, 0x00000000ad500000, 0x00000000ad600000|  0%| F|  |TAMS 0x00000000ad500000| PB 0x00000000ad500000| Untracked 
| 726|0x00000000ad600000, 0x00000000ad600000, 0x00000000ad700000|  0%| F|  |TAMS 0x00000000ad600000| PB 0x00000000ad600000| Untracked 
| 727|0x00000000ad700000, 0x00000000ad700000, 0x00000000ad800000|  0%| F|  |TAMS 0x00000000ad700000| PB 0x00000000ad700000| Untracked 
| 728|0x00000000ad800000, 0x00000000ad800000, 0x00000000ad900000|  0%| F|  |TAMS 0x00000000ad800000| PB 0x00000000ad800000| Untracked 
| 729|0x00000000ad900000, 0x00000000ad900000, 0x00000000ada00000|  0%| F|  |TAMS 0x00000000ad900000| PB 0x00000000ad900000| Untracked 
| 730|0x00000000ada00000, 0x00000000ada00000, 0x00000000adb00000|  0%| F|  |TAMS 0x00000000ada00000| PB 0x00000000ada00000| Untracked 
| 731|0x00000000adb00000, 0x00000000adb00000, 0x00000000adc00000|  0%| F|  |TAMS 0x00000000adb00000| PB 0x00000000adb00000| Untracked 
| 732|0x00000000adc00000, 0x00000000adc00000, 0x00000000add00000|  0%| F|  |TAMS 0x00000000adc00000| PB 0x00000000adc00000| Untracked 
| 733|0x00000000add00000, 0x00000000add00000, 0x00000000ade00000|  0%| F|  |TAMS 0x00000000add00000| PB 0x00000000add00000| Untracked 
| 734|0x00000000ade00000, 0x00000000ade00000, 0x00000000adf00000|  0%| F|  |TAMS 0x00000000ade00000| PB 0x00000000ade00000| Untracked 
| 735|0x00000000adf00000, 0x00000000adf00000, 0x00000000ae000000|  0%| F|  |TAMS 0x00000000adf00000| PB 0x00000000adf00000| Untracked 
| 736|0x00000000ae000000, 0x00000000ae000000, 0x00000000ae100000|  0%| F|  |TAMS 0x00000000ae000000| PB 0x00000000ae000000| Untracked 
| 737|0x00000000ae100000, 0x00000000ae100000, 0x00000000ae200000|  0%| F|  |TAMS 0x00000000ae100000| PB 0x00000000ae100000| Untracked 
| 738|0x00000000ae200000, 0x00000000ae200000, 0x00000000ae300000|  0%| F|  |TAMS 0x00000000ae200000| PB 0x00000000ae200000| Untracked 
| 739|0x00000000ae300000, 0x00000000ae300000, 0x00000000ae400000|  0%| F|  |TAMS 0x00000000ae300000| PB 0x00000000ae300000| Untracked 
| 740|0x00000000ae400000, 0x00000000ae400000, 0x00000000ae500000|  0%| F|  |TAMS 0x00000000ae400000| PB 0x00000000ae400000| Untracked 
| 741|0x00000000ae500000, 0x00000000ae500000, 0x00000000ae600000|  0%| F|  |TAMS 0x00000000ae500000| PB 0x00000000ae500000| Untracked 
| 742|0x00000000ae600000, 0x00000000ae600000, 0x00000000ae700000|  0%| F|  |TAMS 0x00000000ae600000| PB 0x00000000ae600000| Untracked 
| 743|0x00000000ae700000, 0x00000000ae700000, 0x00000000ae800000|  0%| F|  |TAMS 0x00000000ae700000| PB 0x00000000ae700000| Untracked 
| 744|0x00000000ae800000, 0x00000000ae800000, 0x00000000ae900000|  0%| F|  |TAMS 0x00000000ae800000| PB 0x00000000ae800000| Untracked 
| 745|0x00000000ae900000, 0x00000000ae900000, 0x00000000aea00000|  0%| F|  |TAMS 0x00000000ae900000| PB 0x00000000ae900000| Untracked 
| 746|0x00000000aea00000, 0x00000000aea00000, 0x00000000aeb00000|  0%| F|  |TAMS 0x00000000aea00000| PB 0x00000000aea00000| Untracked 
| 747|0x00000000aeb00000, 0x00000000aeb00000, 0x00000000aec00000|  0%| F|  |TAMS 0x00000000aeb00000| PB 0x00000000aeb00000| Untracked 
| 748|0x00000000aec00000, 0x00000000aec00000, 0x00000000aed00000|  0%| F|  |TAMS 0x00000000aec00000| PB 0x00000000aec00000| Untracked 
| 749|0x00000000aed00000, 0x00000000aed00000, 0x00000000aee00000|  0%| F|  |TAMS 0x00000000aed00000| PB 0x00000000aed00000| Untracked 
| 750|0x00000000aee00000, 0x00000000aee00000, 0x00000000aef00000|  0%| F|  |TAMS 0x00000000aee00000| PB 0x00000000aee00000| Untracked 
| 751|0x00000000aef00000, 0x00000000aef00000, 0x00000000af000000|  0%| F|  |TAMS 0x00000000aef00000| PB 0x00000000aef00000| Untracked 
| 752|0x00000000af000000, 0x00000000af000000, 0x00000000af100000|  0%| F|  |TAMS 0x00000000af000000| PB 0x00000000af000000| Untracked 
| 753|0x00000000af100000, 0x00000000af100000, 0x00000000af200000|  0%| F|  |TAMS 0x00000000af100000| PB 0x00000000af100000| Untracked 
| 754|0x00000000af200000, 0x00000000af200000, 0x00000000af300000|  0%| F|  |TAMS 0x00000000af200000| PB 0x00000000af200000| Untracked 
| 755|0x00000000af300000, 0x00000000af300000, 0x00000000af400000|  0%| F|  |TAMS 0x00000000af300000| PB 0x00000000af300000| Untracked 
| 756|0x00000000af400000, 0x00000000af400000, 0x00000000af500000|  0%| F|  |TAMS 0x00000000af400000| PB 0x00000000af400000| Untracked 
| 757|0x00000000af500000, 0x00000000af500000, 0x00000000af600000|  0%| F|  |TAMS 0x00000000af500000| PB 0x00000000af500000| Untracked 
| 758|0x00000000af600000, 0x00000000af600000, 0x00000000af700000|  0%| F|  |TAMS 0x00000000af600000| PB 0x00000000af600000| Untracked 
| 759|0x00000000af700000, 0x00000000af700000, 0x00000000af800000|  0%| F|  |TAMS 0x00000000af700000| PB 0x00000000af700000| Untracked 
| 760|0x00000000af800000, 0x00000000af800000, 0x00000000af900000|  0%| F|  |TAMS 0x00000000af800000| PB 0x00000000af800000| Untracked 
| 761|0x00000000af900000, 0x00000000af900000, 0x00000000afa00000|  0%| F|  |TAMS 0x00000000af900000| PB 0x00000000af900000| Untracked 
| 762|0x00000000afa00000, 0x00000000afa00000, 0x00000000afb00000|  0%| F|  |TAMS 0x00000000afa00000| PB 0x00000000afa00000| Untracked 
| 763|0x00000000afb00000, 0x00000000afb00000, 0x00000000afc00000|  0%| F|  |TAMS 0x00000000afb00000| PB 0x00000000afb00000| Untracked 
| 764|0x00000000afc00000, 0x00000000afc00000, 0x00000000afd00000|  0%| F|  |TAMS 0x00000000afc00000| PB 0x00000000afc00000| Untracked 
| 765|0x00000000afd00000, 0x00000000afd00000, 0x00000000afe00000|  0%| F|  |TAMS 0x00000000afd00000| PB 0x00000000afd00000| Untracked 
| 766|0x00000000afe00000, 0x00000000afe00000, 0x00000000aff00000|  0%| F|  |TAMS 0x00000000afe00000| PB 0x00000000afe00000| Untracked 
| 767|0x00000000aff00000, 0x00000000aff00000, 0x00000000b0000000|  0%| F|  |TAMS 0x00000000aff00000| PB 0x00000000aff00000| Untracked 
| 768|0x00000000b0000000, 0x00000000b0000000, 0x00000000b0100000|  0%| F|  |TAMS 0x00000000b0000000| PB 0x00000000b0000000| Untracked 
| 769|0x00000000b0100000, 0x00000000b0100000, 0x00000000b0200000|  0%| F|  |TAMS 0x00000000b0100000| PB 0x00000000b0100000| Untracked 
| 770|0x00000000b0200000, 0x00000000b0200000, 0x00000000b0300000|  0%| F|  |TAMS 0x00000000b0200000| PB 0x00000000b0200000| Untracked 
| 771|0x00000000b0300000, 0x00000000b0300000, 0x00000000b0400000|  0%| F|  |TAMS 0x00000000b0300000| PB 0x00000000b0300000| Untracked 
| 772|0x00000000b0400000, 0x00000000b0400000, 0x00000000b0500000|  0%| F|  |TAMS 0x00000000b0400000| PB 0x00000000b0400000| Untracked 
| 773|0x00000000b0500000, 0x00000000b0500000, 0x00000000b0600000|  0%| F|  |TAMS 0x00000000b0500000| PB 0x00000000b0500000| Untracked 
| 774|0x00000000b0600000, 0x00000000b0600000, 0x00000000b0700000|  0%| F|  |TAMS 0x00000000b0600000| PB 0x00000000b0600000| Untracked 
| 775|0x00000000b0700000, 0x00000000b0700000, 0x00000000b0800000|  0%| F|  |TAMS 0x00000000b0700000| PB 0x00000000b0700000| Untracked 
| 776|0x00000000b0800000, 0x00000000b0800000, 0x00000000b0900000|  0%| F|  |TAMS 0x00000000b0800000| PB 0x00000000b0800000| Untracked 
| 777|0x00000000b0900000, 0x00000000b0900000, 0x00000000b0a00000|  0%| F|  |TAMS 0x00000000b0900000| PB 0x00000000b0900000| Untracked 
| 778|0x00000000b0a00000, 0x00000000b0a00000, 0x00000000b0b00000|  0%| F|  |TAMS 0x00000000b0a00000| PB 0x00000000b0a00000| Untracked 
| 779|0x00000000b0b00000, 0x00000000b0b00000, 0x00000000b0c00000|  0%| F|  |TAMS 0x00000000b0b00000| PB 0x00000000b0b00000| Untracked 
| 780|0x00000000b0c00000, 0x00000000b0c00000, 0x00000000b0d00000|  0%| F|  |TAMS 0x00000000b0c00000| PB 0x00000000b0c00000| Untracked 
| 781|0x00000000b0d00000, 0x00000000b0d00000, 0x00000000b0e00000|  0%| F|  |TAMS 0x00000000b0d00000| PB 0x00000000b0d00000| Untracked 
| 782|0x00000000b0e00000, 0x00000000b0e00000, 0x00000000b0f00000|  0%| F|  |TAMS 0x00000000b0e00000| PB 0x00000000b0e00000| Untracked 
| 783|0x00000000b0f00000, 0x00000000b0f00000, 0x00000000b1000000|  0%| F|  |TAMS 0x00000000b0f00000| PB 0x00000000b0f00000| Untracked 
| 784|0x00000000b1000000, 0x00000000b1000000, 0x00000000b1100000|  0%| F|  |TAMS 0x00000000b1000000| PB 0x00000000b1000000| Untracked 
| 785|0x00000000b1100000, 0x00000000b1100000, 0x00000000b1200000|  0%| F|  |TAMS 0x00000000b1100000| PB 0x00000000b1100000| Untracked 
| 786|0x00000000b1200000, 0x00000000b1200000, 0x00000000b1300000|  0%| F|  |TAMS 0x00000000b1200000| PB 0x00000000b1200000| Untracked 
| 787|0x00000000b1300000, 0x00000000b1300000, 0x00000000b1400000|  0%| F|  |TAMS 0x00000000b1300000| PB 0x00000000b1300000| Untracked 
| 788|0x00000000b1400000, 0x00000000b1400000, 0x00000000b1500000|  0%| F|  |TAMS 0x00000000b1400000| PB 0x00000000b1400000| Untracked 
| 789|0x00000000b1500000, 0x00000000b1500000, 0x00000000b1600000|  0%| F|  |TAMS 0x00000000b1500000| PB 0x00000000b1500000| Untracked 
| 790|0x00000000b1600000, 0x00000000b1600000, 0x00000000b1700000|  0%| F|  |TAMS 0x00000000b1600000| PB 0x00000000b1600000| Untracked 
| 791|0x00000000b1700000, 0x00000000b1700000, 0x00000000b1800000|  0%| F|  |TAMS 0x00000000b1700000| PB 0x00000000b1700000| Untracked 
| 792|0x00000000b1800000, 0x00000000b1800000, 0x00000000b1900000|  0%| F|  |TAMS 0x00000000b1800000| PB 0x00000000b1800000| Untracked 
| 793|0x00000000b1900000, 0x00000000b1900000, 0x00000000b1a00000|  0%| F|  |TAMS 0x00000000b1900000| PB 0x00000000b1900000| Untracked 
| 794|0x00000000b1a00000, 0x00000000b1a00000, 0x00000000b1b00000|  0%| F|  |TAMS 0x00000000b1a00000| PB 0x00000000b1a00000| Untracked 
| 795|0x00000000b1b00000, 0x00000000b1b00000, 0x00000000b1c00000|  0%| F|  |TAMS 0x00000000b1b00000| PB 0x00000000b1b00000| Untracked 
| 796|0x00000000b1c00000, 0x00000000b1c00000, 0x00000000b1d00000|  0%| F|  |TAMS 0x00000000b1c00000| PB 0x00000000b1c00000| Untracked 
| 797|0x00000000b1d00000, 0x00000000b1d00000, 0x00000000b1e00000|  0%| F|  |TAMS 0x00000000b1d00000| PB 0x00000000b1d00000| Untracked 
| 798|0x00000000b1e00000, 0x00000000b1e00000, 0x00000000b1f00000|  0%| F|  |TAMS 0x00000000b1e00000| PB 0x00000000b1e00000| Untracked 
| 799|0x00000000b1f00000, 0x00000000b1f00000, 0x00000000b2000000|  0%| F|  |TAMS 0x00000000b1f00000| PB 0x00000000b1f00000| Untracked 
| 800|0x00000000b2000000, 0x00000000b2000000, 0x00000000b2100000|  0%| F|  |TAMS 0x00000000b2000000| PB 0x00000000b2000000| Untracked 
| 801|0x00000000b2100000, 0x00000000b2100000, 0x00000000b2200000|  0%| F|  |TAMS 0x00000000b2100000| PB 0x00000000b2100000| Untracked 
| 802|0x00000000b2200000, 0x00000000b2200000, 0x00000000b2300000|  0%| F|  |TAMS 0x00000000b2200000| PB 0x00000000b2200000| Untracked 
| 803|0x00000000b2300000, 0x00000000b2300000, 0x00000000b2400000|  0%| F|  |TAMS 0x00000000b2300000| PB 0x00000000b2300000| Untracked 
| 804|0x00000000b2400000, 0x00000000b2400000, 0x00000000b2500000|  0%| F|  |TAMS 0x00000000b2400000| PB 0x00000000b2400000| Untracked 
| 805|0x00000000b2500000, 0x00000000b2500000, 0x00000000b2600000|  0%| F|  |TAMS 0x00000000b2500000| PB 0x00000000b2500000| Untracked 
| 806|0x00000000b2600000, 0x00000000b2600000, 0x00000000b2700000|  0%| F|  |TAMS 0x00000000b2600000| PB 0x00000000b2600000| Untracked 
| 807|0x00000000b2700000, 0x00000000b2700000, 0x00000000b2800000|  0%| F|  |TAMS 0x00000000b2700000| PB 0x00000000b2700000| Untracked 
| 808|0x00000000b2800000, 0x00000000b2800000, 0x00000000b2900000|  0%| F|  |TAMS 0x00000000b2800000| PB 0x00000000b2800000| Untracked 
| 809|0x00000000b2900000, 0x00000000b2900000, 0x00000000b2a00000|  0%| F|  |TAMS 0x00000000b2900000| PB 0x00000000b2900000| Untracked 
| 810|0x00000000b2a00000, 0x00000000b2a00000, 0x00000000b2b00000|  0%| F|  |TAMS 0x00000000b2a00000| PB 0x00000000b2a00000| Untracked 
| 811|0x00000000b2b00000, 0x00000000b2b00000, 0x00000000b2c00000|  0%| F|  |TAMS 0x00000000b2b00000| PB 0x00000000b2b00000| Untracked 
| 812|0x00000000b2c00000, 0x00000000b2c00000, 0x00000000b2d00000|  0%| F|  |TAMS 0x00000000b2c00000| PB 0x00000000b2c00000| Untracked 
| 813|0x00000000b2d00000, 0x00000000b2d00000, 0x00000000b2e00000|  0%| F|  |TAMS 0x00000000b2d00000| PB 0x00000000b2d00000| Untracked 
| 814|0x00000000b2e00000, 0x00000000b2e00000, 0x00000000b2f00000|  0%| F|  |TAMS 0x00000000b2e00000| PB 0x00000000b2e00000| Untracked 
| 815|0x00000000b2f00000, 0x00000000b2f00000, 0x00000000b3000000|  0%| F|  |TAMS 0x00000000b2f00000| PB 0x00000000b2f00000| Untracked 
| 816|0x00000000b3000000, 0x00000000b3000000, 0x00000000b3100000|  0%| F|  |TAMS 0x00000000b3000000| PB 0x00000000b3000000| Untracked 
| 817|0x00000000b3100000, 0x00000000b3100000, 0x00000000b3200000|  0%| F|  |TAMS 0x00000000b3100000| PB 0x00000000b3100000| Untracked 
| 818|0x00000000b3200000, 0x00000000b3200000, 0x00000000b3300000|  0%| F|  |TAMS 0x00000000b3200000| PB 0x00000000b3200000| Untracked 
| 819|0x00000000b3300000, 0x00000000b3300000, 0x00000000b3400000|  0%| F|  |TAMS 0x00000000b3300000| PB 0x00000000b3300000| Untracked 
| 820|0x00000000b3400000, 0x00000000b3400000, 0x00000000b3500000|  0%| F|  |TAMS 0x00000000b3400000| PB 0x00000000b3400000| Untracked 
| 821|0x00000000b3500000, 0x00000000b3500000, 0x00000000b3600000|  0%| F|  |TAMS 0x00000000b3500000| PB 0x00000000b3500000| Untracked 
| 822|0x00000000b3600000, 0x00000000b3600000, 0x00000000b3700000|  0%| F|  |TAMS 0x00000000b3600000| PB 0x00000000b3600000| Untracked 
| 823|0x00000000b3700000, 0x00000000b3700000, 0x00000000b3800000|  0%| F|  |TAMS 0x00000000b3700000| PB 0x00000000b3700000| Untracked 
| 824|0x00000000b3800000, 0x00000000b3800000, 0x00000000b3900000|  0%| F|  |TAMS 0x00000000b3800000| PB 0x00000000b3800000| Untracked 
| 825|0x00000000b3900000, 0x00000000b3900000, 0x00000000b3a00000|  0%| F|  |TAMS 0x00000000b3900000| PB 0x00000000b3900000| Untracked 
| 826|0x00000000b3a00000, 0x00000000b3a00000, 0x00000000b3b00000|  0%| F|  |TAMS 0x00000000b3a00000| PB 0x00000000b3a00000| Untracked 
| 827|0x00000000b3b00000, 0x00000000b3b00000, 0x00000000b3c00000|  0%| F|  |TAMS 0x00000000b3b00000| PB 0x00000000b3b00000| Untracked 
| 828|0x00000000b3c00000, 0x00000000b3c00000, 0x00000000b3d00000|  0%| F|  |TAMS 0x00000000b3c00000| PB 0x00000000b3c00000| Untracked 
| 829|0x00000000b3d00000, 0x00000000b3d00000, 0x00000000b3e00000|  0%| F|  |TAMS 0x00000000b3d00000| PB 0x00000000b3d00000| Untracked 
| 830|0x00000000b3e00000, 0x00000000b3e00000, 0x00000000b3f00000|  0%| F|  |TAMS 0x00000000b3e00000| PB 0x00000000b3e00000| Untracked 
| 831|0x00000000b3f00000, 0x00000000b3f00000, 0x00000000b4000000|  0%| F|  |TAMS 0x00000000b3f00000| PB 0x00000000b3f00000| Untracked 
| 832|0x00000000b4000000, 0x00000000b4000000, 0x00000000b4100000|  0%| F|  |TAMS 0x00000000b4000000| PB 0x00000000b4000000| Untracked 
| 833|0x00000000b4100000, 0x00000000b4100000, 0x00000000b4200000|  0%| F|  |TAMS 0x00000000b4100000| PB 0x00000000b4100000| Untracked 
| 834|0x00000000b4200000, 0x00000000b4200000, 0x00000000b4300000|  0%| F|  |TAMS 0x00000000b4200000| PB 0x00000000b4200000| Untracked 
| 835|0x00000000b4300000, 0x00000000b4300000, 0x00000000b4400000|  0%| F|  |TAMS 0x00000000b4300000| PB 0x00000000b4300000| Untracked 
| 836|0x00000000b4400000, 0x00000000b4400000, 0x00000000b4500000|  0%| F|  |TAMS 0x00000000b4400000| PB 0x00000000b4400000| Untracked 
| 837|0x00000000b4500000, 0x00000000b4500000, 0x00000000b4600000|  0%| F|  |TAMS 0x00000000b4500000| PB 0x00000000b4500000| Untracked 
| 838|0x00000000b4600000, 0x00000000b4600000, 0x00000000b4700000|  0%| F|  |TAMS 0x00000000b4600000| PB 0x00000000b4600000| Untracked 
| 839|0x00000000b4700000, 0x00000000b4700000, 0x00000000b4800000|  0%| F|  |TAMS 0x00000000b4700000| PB 0x00000000b4700000| Untracked 
| 840|0x00000000b4800000, 0x00000000b4800000, 0x00000000b4900000|  0%| F|  |TAMS 0x00000000b4800000| PB 0x00000000b4800000| Untracked 
| 841|0x00000000b4900000, 0x00000000b4900000, 0x00000000b4a00000|  0%| F|  |TAMS 0x00000000b4900000| PB 0x00000000b4900000| Untracked 
| 842|0x00000000b4a00000, 0x00000000b4a00000, 0x00000000b4b00000|  0%| F|  |TAMS 0x00000000b4a00000| PB 0x00000000b4a00000| Untracked 
| 843|0x00000000b4b00000, 0x00000000b4b00000, 0x00000000b4c00000|  0%| F|  |TAMS 0x00000000b4b00000| PB 0x00000000b4b00000| Untracked 
| 844|0x00000000b4c00000, 0x00000000b4c00000, 0x00000000b4d00000|  0%| F|  |TAMS 0x00000000b4c00000| PB 0x00000000b4c00000| Untracked 
| 845|0x00000000b4d00000, 0x00000000b4d00000, 0x00000000b4e00000|  0%| F|  |TAMS 0x00000000b4d00000| PB 0x00000000b4d00000| Untracked 
| 846|0x00000000b4e00000, 0x00000000b4e00000, 0x00000000b4f00000|  0%| F|  |TAMS 0x00000000b4e00000| PB 0x00000000b4e00000| Untracked 
| 847|0x00000000b4f00000, 0x00000000b4f00000, 0x00000000b5000000|  0%| F|  |TAMS 0x00000000b4f00000| PB 0x00000000b4f00000| Untracked 
| 848|0x00000000b5000000, 0x00000000b5000000, 0x00000000b5100000|  0%| F|  |TAMS 0x00000000b5000000| PB 0x00000000b5000000| Untracked 
| 849|0x00000000b5100000, 0x00000000b5100000, 0x00000000b5200000|  0%| F|  |TAMS 0x00000000b5100000| PB 0x00000000b5100000| Untracked 
| 850|0x00000000b5200000, 0x00000000b5200000, 0x00000000b5300000|  0%| F|  |TAMS 0x00000000b5200000| PB 0x00000000b5200000| Untracked 
| 851|0x00000000b5300000, 0x00000000b5300000, 0x00000000b5400000|  0%| F|  |TAMS 0x00000000b5300000| PB 0x00000000b5300000| Untracked 
| 852|0x00000000b5400000, 0x00000000b5400000, 0x00000000b5500000|  0%| F|  |TAMS 0x00000000b5400000| PB 0x00000000b5400000| Untracked 
| 853|0x00000000b5500000, 0x00000000b5500000, 0x00000000b5600000|  0%| F|  |TAMS 0x00000000b5500000| PB 0x00000000b5500000| Untracked 
| 854|0x00000000b5600000, 0x00000000b5600000, 0x00000000b5700000|  0%| F|  |TAMS 0x00000000b5600000| PB 0x00000000b5600000| Untracked 
| 855|0x00000000b5700000, 0x00000000b5700000, 0x00000000b5800000|  0%| F|  |TAMS 0x00000000b5700000| PB 0x00000000b5700000| Untracked 
| 856|0x00000000b5800000, 0x00000000b5800000, 0x00000000b5900000|  0%| F|  |TAMS 0x00000000b5800000| PB 0x00000000b5800000| Untracked 
| 857|0x00000000b5900000, 0x00000000b5900000, 0x00000000b5a00000|  0%| F|  |TAMS 0x00000000b5900000| PB 0x00000000b5900000| Untracked 
| 858|0x00000000b5a00000, 0x00000000b5a00000, 0x00000000b5b00000|  0%| F|  |TAMS 0x00000000b5a00000| PB 0x00000000b5a00000| Untracked 
| 859|0x00000000b5b00000, 0x00000000b5b00000, 0x00000000b5c00000|  0%| F|  |TAMS 0x00000000b5b00000| PB 0x00000000b5b00000| Untracked 
| 860|0x00000000b5c00000, 0x00000000b5c00000, 0x00000000b5d00000|  0%| F|  |TAMS 0x00000000b5c00000| PB 0x00000000b5c00000| Untracked 
| 861|0x00000000b5d00000, 0x00000000b5d00000, 0x00000000b5e00000|  0%| F|  |TAMS 0x00000000b5d00000| PB 0x00000000b5d00000| Untracked 
| 862|0x00000000b5e00000, 0x00000000b5e00000, 0x00000000b5f00000|  0%| F|  |TAMS 0x00000000b5e00000| PB 0x00000000b5e00000| Untracked 
| 863|0x00000000b5f00000, 0x00000000b5f00000, 0x00000000b6000000|  0%| F|  |TAMS 0x00000000b5f00000| PB 0x00000000b5f00000| Untracked 
| 864|0x00000000b6000000, 0x00000000b6000000, 0x00000000b6100000|  0%| F|  |TAMS 0x00000000b6000000| PB 0x00000000b6000000| Untracked 
| 865|0x00000000b6100000, 0x00000000b6100000, 0x00000000b6200000|  0%| F|  |TAMS 0x00000000b6100000| PB 0x00000000b6100000| Untracked 
| 866|0x00000000b6200000, 0x00000000b6200000, 0x00000000b6300000|  0%| F|  |TAMS 0x00000000b6200000| PB 0x00000000b6200000| Untracked 
| 867|0x00000000b6300000, 0x00000000b6300000, 0x00000000b6400000|  0%| F|  |TAMS 0x00000000b6300000| PB 0x00000000b6300000| Untracked 
| 868|0x00000000b6400000, 0x00000000b6400000, 0x00000000b6500000|  0%| F|  |TAMS 0x00000000b6400000| PB 0x00000000b6400000| Untracked 
| 869|0x00000000b6500000, 0x00000000b6500000, 0x00000000b6600000|  0%| F|  |TAMS 0x00000000b6500000| PB 0x00000000b6500000| Untracked 
| 870|0x00000000b6600000, 0x00000000b6600000, 0x00000000b6700000|  0%| F|  |TAMS 0x00000000b6600000| PB 0x00000000b6600000| Untracked 
| 871|0x00000000b6700000, 0x00000000b6700000, 0x00000000b6800000|  0%| F|  |TAMS 0x00000000b6700000| PB 0x00000000b6700000| Untracked 
| 872|0x00000000b6800000, 0x00000000b6800000, 0x00000000b6900000|  0%| F|  |TAMS 0x00000000b6800000| PB 0x00000000b6800000| Untracked 
| 873|0x00000000b6900000, 0x00000000b6900000, 0x00000000b6a00000|  0%| F|  |TAMS 0x00000000b6900000| PB 0x00000000b6900000| Untracked 
| 874|0x00000000b6a00000, 0x00000000b6a00000, 0x00000000b6b00000|  0%| F|  |TAMS 0x00000000b6a00000| PB 0x00000000b6a00000| Untracked 
| 875|0x00000000b6b00000, 0x00000000b6b00000, 0x00000000b6c00000|  0%| F|  |TAMS 0x00000000b6b00000| PB 0x00000000b6b00000| Untracked 
| 876|0x00000000b6c00000, 0x00000000b6c00000, 0x00000000b6d00000|  0%| F|  |TAMS 0x00000000b6c00000| PB 0x00000000b6c00000| Untracked 
| 877|0x00000000b6d00000, 0x00000000b6d00000, 0x00000000b6e00000|  0%| F|  |TAMS 0x00000000b6d00000| PB 0x00000000b6d00000| Untracked 
| 878|0x00000000b6e00000, 0x00000000b6e00000, 0x00000000b6f00000|  0%| F|  |TAMS 0x00000000b6e00000| PB 0x00000000b6e00000| Untracked 
| 879|0x00000000b6f00000, 0x00000000b6f00000, 0x00000000b7000000|  0%| F|  |TAMS 0x00000000b6f00000| PB 0x00000000b6f00000| Untracked 
| 880|0x00000000b7000000, 0x00000000b7000000, 0x00000000b7100000|  0%| F|  |TAMS 0x00000000b7000000| PB 0x00000000b7000000| Untracked 
| 881|0x00000000b7100000, 0x00000000b7100000, 0x00000000b7200000|  0%| F|  |TAMS 0x00000000b7100000| PB 0x00000000b7100000| Untracked 
| 882|0x00000000b7200000, 0x00000000b7200000, 0x00000000b7300000|  0%| F|  |TAMS 0x00000000b7200000| PB 0x00000000b7200000| Untracked 
| 883|0x00000000b7300000, 0x00000000b7300000, 0x00000000b7400000|  0%| F|  |TAMS 0x00000000b7300000| PB 0x00000000b7300000| Untracked 
| 884|0x00000000b7400000, 0x00000000b7400000, 0x00000000b7500000|  0%| F|  |TAMS 0x00000000b7400000| PB 0x00000000b7400000| Untracked 
| 885|0x00000000b7500000, 0x00000000b7500000, 0x00000000b7600000|  0%| F|  |TAMS 0x00000000b7500000| PB 0x00000000b7500000| Untracked 
| 886|0x00000000b7600000, 0x00000000b7600000, 0x00000000b7700000|  0%| F|  |TAMS 0x00000000b7600000| PB 0x00000000b7600000| Untracked 
| 887|0x00000000b7700000, 0x00000000b7700000, 0x00000000b7800000|  0%| F|  |TAMS 0x00000000b7700000| PB 0x00000000b7700000| Untracked 
| 888|0x00000000b7800000, 0x00000000b7800000, 0x00000000b7900000|  0%| F|  |TAMS 0x00000000b7800000| PB 0x00000000b7800000| Untracked 
| 889|0x00000000b7900000, 0x00000000b7900000, 0x00000000b7a00000|  0%| F|  |TAMS 0x00000000b7900000| PB 0x00000000b7900000| Untracked 
| 890|0x00000000b7a00000, 0x00000000b7a00000, 0x00000000b7b00000|  0%| F|  |TAMS 0x00000000b7a00000| PB 0x00000000b7a00000| Untracked 
| 891|0x00000000b7b00000, 0x00000000b7b00000, 0x00000000b7c00000|  0%| F|  |TAMS 0x00000000b7b00000| PB 0x00000000b7b00000| Untracked 
| 892|0x00000000b7c00000, 0x00000000b7c00000, 0x00000000b7d00000|  0%| F|  |TAMS 0x00000000b7c00000| PB 0x00000000b7c00000| Untracked 
| 893|0x00000000b7d00000, 0x00000000b7d00000, 0x00000000b7e00000|  0%| F|  |TAMS 0x00000000b7d00000| PB 0x00000000b7d00000| Untracked 
| 894|0x00000000b7e00000, 0x00000000b7e00000, 0x00000000b7f00000|  0%| F|  |TAMS 0x00000000b7e00000| PB 0x00000000b7e00000| Untracked 
| 895|0x00000000b7f00000, 0x00000000b7f00000, 0x00000000b8000000|  0%| F|  |TAMS 0x00000000b7f00000| PB 0x00000000b7f00000| Untracked 
| 896|0x00000000b8000000, 0x00000000b8000000, 0x00000000b8100000|  0%| F|  |TAMS 0x00000000b8000000| PB 0x00000000b8000000| Untracked 
| 897|0x00000000b8100000, 0x00000000b8100000, 0x00000000b8200000|  0%| F|  |TAMS 0x00000000b8100000| PB 0x00000000b8100000| Untracked 
| 898|0x00000000b8200000, 0x00000000b8200000, 0x00000000b8300000|  0%| F|  |TAMS 0x00000000b8200000| PB 0x00000000b8200000| Untracked 
| 899|0x00000000b8300000, 0x00000000b8300000, 0x00000000b8400000|  0%| F|  |TAMS 0x00000000b8300000| PB 0x00000000b8300000| Untracked 
| 900|0x00000000b8400000, 0x00000000b8400000, 0x00000000b8500000|  0%| F|  |TAMS 0x00000000b8400000| PB 0x00000000b8400000| Untracked 
| 901|0x00000000b8500000, 0x00000000b8500000, 0x00000000b8600000|  0%| F|  |TAMS 0x00000000b8500000| PB 0x00000000b8500000| Untracked 
| 902|0x00000000b8600000, 0x00000000b8600000, 0x00000000b8700000|  0%| F|  |TAMS 0x00000000b8600000| PB 0x00000000b8600000| Untracked 
| 903|0x00000000b8700000, 0x00000000b8700000, 0x00000000b8800000|  0%| F|  |TAMS 0x00000000b8700000| PB 0x00000000b8700000| Untracked 
| 904|0x00000000b8800000, 0x00000000b8800000, 0x00000000b8900000|  0%| F|  |TAMS 0x00000000b8800000| PB 0x00000000b8800000| Untracked 
| 905|0x00000000b8900000, 0x00000000b8900000, 0x00000000b8a00000|  0%| F|  |TAMS 0x00000000b8900000| PB 0x00000000b8900000| Untracked 
| 906|0x00000000b8a00000, 0x00000000b8a00000, 0x00000000b8b00000|  0%| F|  |TAMS 0x00000000b8a00000| PB 0x00000000b8a00000| Untracked 
| 907|0x00000000b8b00000, 0x00000000b8b00000, 0x00000000b8c00000|  0%| F|  |TAMS 0x00000000b8b00000| PB 0x00000000b8b00000| Untracked 
| 908|0x00000000b8c00000, 0x00000000b8c00000, 0x00000000b8d00000|  0%| F|  |TAMS 0x00000000b8c00000| PB 0x00000000b8c00000| Untracked 
| 909|0x00000000b8d00000, 0x00000000b8d00000, 0x00000000b8e00000|  0%| F|  |TAMS 0x00000000b8d00000| PB 0x00000000b8d00000| Untracked 
| 910|0x00000000b8e00000, 0x00000000b8e00000, 0x00000000b8f00000|  0%| F|  |TAMS 0x00000000b8e00000| PB 0x00000000b8e00000| Untracked 
| 911|0x00000000b8f00000, 0x00000000b8f00000, 0x00000000b9000000|  0%| F|  |TAMS 0x00000000b8f00000| PB 0x00000000b8f00000| Untracked 
| 912|0x00000000b9000000, 0x00000000b9000000, 0x00000000b9100000|  0%| F|  |TAMS 0x00000000b9000000| PB 0x00000000b9000000| Untracked 
| 913|0x00000000b9100000, 0x00000000b9100000, 0x00000000b9200000|  0%| F|  |TAMS 0x00000000b9100000| PB 0x00000000b9100000| Untracked 
| 914|0x00000000b9200000, 0x00000000b9200000, 0x00000000b9300000|  0%| F|  |TAMS 0x00000000b9200000| PB 0x00000000b9200000| Untracked 
| 915|0x00000000b9300000, 0x00000000b9300000, 0x00000000b9400000|  0%| F|  |TAMS 0x00000000b9300000| PB 0x00000000b9300000| Untracked 
| 916|0x00000000b9400000, 0x00000000b9400000, 0x00000000b9500000|  0%| F|  |TAMS 0x00000000b9400000| PB 0x00000000b9400000| Untracked 
| 917|0x00000000b9500000, 0x00000000b9500000, 0x00000000b9600000|  0%| F|  |TAMS 0x00000000b9500000| PB 0x00000000b9500000| Untracked 
| 918|0x00000000b9600000, 0x00000000b9600000, 0x00000000b9700000|  0%| F|  |TAMS 0x00000000b9600000| PB 0x00000000b9600000| Untracked 
| 919|0x00000000b9700000, 0x00000000b9700000, 0x00000000b9800000|  0%| F|  |TAMS 0x00000000b9700000| PB 0x00000000b9700000| Untracked 
| 920|0x00000000b9800000, 0x00000000b9800000, 0x00000000b9900000|  0%| F|  |TAMS 0x00000000b9800000| PB 0x00000000b9800000| Untracked 
| 921|0x00000000b9900000, 0x00000000b9900000, 0x00000000b9a00000|  0%| F|  |TAMS 0x00000000b9900000| PB 0x00000000b9900000| Untracked 
| 922|0x00000000b9a00000, 0x00000000b9a00000, 0x00000000b9b00000|  0%| F|  |TAMS 0x00000000b9a00000| PB 0x00000000b9a00000| Untracked 
| 923|0x00000000b9b00000, 0x00000000b9b00000, 0x00000000b9c00000|  0%| F|  |TAMS 0x00000000b9b00000| PB 0x00000000b9b00000| Untracked 
| 924|0x00000000b9c00000, 0x00000000b9c00000, 0x00000000b9d00000|  0%| F|  |TAMS 0x00000000b9c00000| PB 0x00000000b9c00000| Untracked 
| 925|0x00000000b9d00000, 0x00000000b9d00000, 0x00000000b9e00000|  0%| F|  |TAMS 0x00000000b9d00000| PB 0x00000000b9d00000| Untracked 
| 926|0x00000000b9e00000, 0x00000000b9e00000, 0x00000000b9f00000|  0%| F|  |TAMS 0x00000000b9e00000| PB 0x00000000b9e00000| Untracked 
| 927|0x00000000b9f00000, 0x00000000b9f00000, 0x00000000ba000000|  0%| F|  |TAMS 0x00000000b9f00000| PB 0x00000000b9f00000| Untracked 
| 928|0x00000000ba000000, 0x00000000ba000000, 0x00000000ba100000|  0%| F|  |TAMS 0x00000000ba000000| PB 0x00000000ba000000| Untracked 
| 929|0x00000000ba100000, 0x00000000ba100000, 0x00000000ba200000|  0%| F|  |TAMS 0x00000000ba100000| PB 0x00000000ba100000| Untracked 
| 930|0x00000000ba200000, 0x00000000ba200000, 0x00000000ba300000|  0%| F|  |TAMS 0x00000000ba200000| PB 0x00000000ba200000| Untracked 
| 931|0x00000000ba300000, 0x00000000ba300000, 0x00000000ba400000|  0%| F|  |TAMS 0x00000000ba300000| PB 0x00000000ba300000| Untracked 
| 932|0x00000000ba400000, 0x00000000ba400000, 0x00000000ba500000|  0%| F|  |TAMS 0x00000000ba400000| PB 0x00000000ba400000| Untracked 
| 933|0x00000000ba500000, 0x00000000ba500000, 0x00000000ba600000|  0%| F|  |TAMS 0x00000000ba500000| PB 0x00000000ba500000| Untracked 
| 934|0x00000000ba600000, 0x00000000ba600000, 0x00000000ba700000|  0%| F|  |TAMS 0x00000000ba600000| PB 0x00000000ba600000| Untracked 
| 935|0x00000000ba700000, 0x00000000ba700000, 0x00000000ba800000|  0%| F|  |TAMS 0x00000000ba700000| PB 0x00000000ba700000| Untracked 
| 936|0x00000000ba800000, 0x00000000ba800000, 0x00000000ba900000|  0%| F|  |TAMS 0x00000000ba800000| PB 0x00000000ba800000| Untracked 
| 937|0x00000000ba900000, 0x00000000ba900000, 0x00000000baa00000|  0%| F|  |TAMS 0x00000000ba900000| PB 0x00000000ba900000| Untracked 
| 938|0x00000000baa00000, 0x00000000baa00000, 0x00000000bab00000|  0%| F|  |TAMS 0x00000000baa00000| PB 0x00000000baa00000| Untracked 
| 939|0x00000000bab00000, 0x00000000bab00000, 0x00000000bac00000|  0%| F|  |TAMS 0x00000000bab00000| PB 0x00000000bab00000| Untracked 
| 940|0x00000000bac00000, 0x00000000bac00000, 0x00000000bad00000|  0%| F|  |TAMS 0x00000000bac00000| PB 0x00000000bac00000| Untracked 
| 941|0x00000000bad00000, 0x00000000bad00000, 0x00000000bae00000|  0%| F|  |TAMS 0x00000000bad00000| PB 0x00000000bad00000| Untracked 
| 942|0x00000000bae00000, 0x00000000bae00000, 0x00000000baf00000|  0%| F|  |TAMS 0x00000000bae00000| PB 0x00000000bae00000| Untracked 
| 943|0x00000000baf00000, 0x00000000baf00000, 0x00000000bb000000|  0%| F|  |TAMS 0x00000000baf00000| PB 0x00000000baf00000| Untracked 
| 944|0x00000000bb000000, 0x00000000bb000000, 0x00000000bb100000|  0%| F|  |TAMS 0x00000000bb000000| PB 0x00000000bb000000| Untracked 
| 945|0x00000000bb100000, 0x00000000bb100000, 0x00000000bb200000|  0%| F|  |TAMS 0x00000000bb100000| PB 0x00000000bb100000| Untracked 
| 946|0x00000000bb200000, 0x00000000bb200000, 0x00000000bb300000|  0%| F|  |TAMS 0x00000000bb200000| PB 0x00000000bb200000| Untracked 
| 947|0x00000000bb300000, 0x00000000bb300000, 0x00000000bb400000|  0%| F|  |TAMS 0x00000000bb300000| PB 0x00000000bb300000| Untracked 
| 948|0x00000000bb400000, 0x00000000bb400000, 0x00000000bb500000|  0%| F|  |TAMS 0x00000000bb400000| PB 0x00000000bb400000| Untracked 
| 949|0x00000000bb500000, 0x00000000bb500000, 0x00000000bb600000|  0%| F|  |TAMS 0x00000000bb500000| PB 0x00000000bb500000| Untracked 
| 950|0x00000000bb600000, 0x00000000bb600000, 0x00000000bb700000|  0%| F|  |TAMS 0x00000000bb600000| PB 0x00000000bb600000| Untracked 
| 951|0x00000000bb700000, 0x00000000bb700000, 0x00000000bb800000|  0%| F|  |TAMS 0x00000000bb700000| PB 0x00000000bb700000| Untracked 
| 952|0x00000000bb800000, 0x00000000bb800000, 0x00000000bb900000|  0%| F|  |TAMS 0x00000000bb800000| PB 0x00000000bb800000| Untracked 
| 953|0x00000000bb900000, 0x00000000bb900000, 0x00000000bba00000|  0%| F|  |TAMS 0x00000000bb900000| PB 0x00000000bb900000| Untracked 
| 954|0x00000000bba00000, 0x00000000bba00000, 0x00000000bbb00000|  0%| F|  |TAMS 0x00000000bba00000| PB 0x00000000bba00000| Untracked 
| 955|0x00000000bbb00000, 0x00000000bbb00000, 0x00000000bbc00000|  0%| F|  |TAMS 0x00000000bbb00000| PB 0x00000000bbb00000| Untracked 
| 956|0x00000000bbc00000, 0x00000000bbc00000, 0x00000000bbd00000|  0%| F|  |TAMS 0x00000000bbc00000| PB 0x00000000bbc00000| Untracked 
| 957|0x00000000bbd00000, 0x00000000bbd00000, 0x00000000bbe00000|  0%| F|  |TAMS 0x00000000bbd00000| PB 0x00000000bbd00000| Untracked 
| 958|0x00000000bbe00000, 0x00000000bbe00000, 0x00000000bbf00000|  0%| F|  |TAMS 0x00000000bbe00000| PB 0x00000000bbe00000| Untracked 
| 959|0x00000000bbf00000, 0x00000000bbf00000, 0x00000000bc000000|  0%| F|  |TAMS 0x00000000bbf00000| PB 0x00000000bbf00000| Untracked 
| 960|0x00000000bc000000, 0x00000000bc000000, 0x00000000bc100000|  0%| F|  |TAMS 0x00000000bc000000| PB 0x00000000bc000000| Untracked 
| 961|0x00000000bc100000, 0x00000000bc100000, 0x00000000bc200000|  0%| F|  |TAMS 0x00000000bc100000| PB 0x00000000bc100000| Untracked 
| 962|0x00000000bc200000, 0x00000000bc200000, 0x00000000bc300000|  0%| F|  |TAMS 0x00000000bc200000| PB 0x00000000bc200000| Untracked 
| 963|0x00000000bc300000, 0x00000000bc300000, 0x00000000bc400000|  0%| F|  |TAMS 0x00000000bc300000| PB 0x00000000bc300000| Untracked 
| 964|0x00000000bc400000, 0x00000000bc400000, 0x00000000bc500000|  0%| F|  |TAMS 0x00000000bc400000| PB 0x00000000bc400000| Untracked 
| 965|0x00000000bc500000, 0x00000000bc500000, 0x00000000bc600000|  0%| F|  |TAMS 0x00000000bc500000| PB 0x00000000bc500000| Untracked 
| 966|0x00000000bc600000, 0x00000000bc600000, 0x00000000bc700000|  0%| F|  |TAMS 0x00000000bc600000| PB 0x00000000bc600000| Untracked 
| 967|0x00000000bc700000, 0x00000000bc700000, 0x00000000bc800000|  0%| F|  |TAMS 0x00000000bc700000| PB 0x00000000bc700000| Untracked 
| 968|0x00000000bc800000, 0x00000000bc800000, 0x00000000bc900000|  0%| F|  |TAMS 0x00000000bc800000| PB 0x00000000bc800000| Untracked 
| 969|0x00000000bc900000, 0x00000000bc900000, 0x00000000bca00000|  0%| F|  |TAMS 0x00000000bc900000| PB 0x00000000bc900000| Untracked 
| 970|0x00000000bca00000, 0x00000000bca00000, 0x00000000bcb00000|  0%| F|  |TAMS 0x00000000bca00000| PB 0x00000000bca00000| Untracked 
| 971|0x00000000bcb00000, 0x00000000bcb00000, 0x00000000bcc00000|  0%| F|  |TAMS 0x00000000bcb00000| PB 0x00000000bcb00000| Untracked 
| 972|0x00000000bcc00000, 0x00000000bcc00000, 0x00000000bcd00000|  0%| F|  |TAMS 0x00000000bcc00000| PB 0x00000000bcc00000| Untracked 
| 973|0x00000000bcd00000, 0x00000000bcd00000, 0x00000000bce00000|  0%| F|  |TAMS 0x00000000bcd00000| PB 0x00000000bcd00000| Untracked 
| 974|0x00000000bce00000, 0x00000000bce00000, 0x00000000bcf00000|  0%| F|  |TAMS 0x00000000bce00000| PB 0x00000000bce00000| Untracked 
| 975|0x00000000bcf00000, 0x00000000bcf00000, 0x00000000bd000000|  0%| F|  |TAMS 0x00000000bcf00000| PB 0x00000000bcf00000| Untracked 
| 976|0x00000000bd000000, 0x00000000bd000000, 0x00000000bd100000|  0%| F|  |TAMS 0x00000000bd000000| PB 0x00000000bd000000| Untracked 
| 977|0x00000000bd100000, 0x00000000bd100000, 0x00000000bd200000|  0%| F|  |TAMS 0x00000000bd100000| PB 0x00000000bd100000| Untracked 
| 978|0x00000000bd200000, 0x00000000bd200000, 0x00000000bd300000|  0%| F|  |TAMS 0x00000000bd200000| PB 0x00000000bd200000| Untracked 
| 979|0x00000000bd300000, 0x00000000bd300000, 0x00000000bd400000|  0%| F|  |TAMS 0x00000000bd300000| PB 0x00000000bd300000| Untracked 
| 980|0x00000000bd400000, 0x00000000bd400000, 0x00000000bd500000|  0%| F|  |TAMS 0x00000000bd400000| PB 0x00000000bd400000| Untracked 
| 981|0x00000000bd500000, 0x00000000bd500000, 0x00000000bd600000|  0%| F|  |TAMS 0x00000000bd500000| PB 0x00000000bd500000| Untracked 
| 982|0x00000000bd600000, 0x00000000bd600000, 0x00000000bd700000|  0%| F|  |TAMS 0x00000000bd600000| PB 0x00000000bd600000| Untracked 
| 983|0x00000000bd700000, 0x00000000bd700000, 0x00000000bd800000|  0%| F|  |TAMS 0x00000000bd700000| PB 0x00000000bd700000| Untracked 
| 984|0x00000000bd800000, 0x00000000bd800000, 0x00000000bd900000|  0%| F|  |TAMS 0x00000000bd800000| PB 0x00000000bd800000| Untracked 
| 985|0x00000000bd900000, 0x00000000bd900000, 0x00000000bda00000|  0%| F|  |TAMS 0x00000000bd900000| PB 0x00000000bd900000| Untracked 
| 986|0x00000000bda00000, 0x00000000bda00000, 0x00000000bdb00000|  0%| F|  |TAMS 0x00000000bda00000| PB 0x00000000bda00000| Untracked 
| 987|0x00000000bdb00000, 0x00000000bdb00000, 0x00000000bdc00000|  0%| F|  |TAMS 0x00000000bdb00000| PB 0x00000000bdb00000| Untracked 
| 988|0x00000000bdc00000, 0x00000000bdc00000, 0x00000000bdd00000|  0%| F|  |TAMS 0x00000000bdc00000| PB 0x00000000bdc00000| Untracked 
| 989|0x00000000bdd00000, 0x00000000bdd00000, 0x00000000bde00000|  0%| F|  |TAMS 0x00000000bdd00000| PB 0x00000000bdd00000| Untracked 
| 990|0x00000000bde00000, 0x00000000bde00000, 0x00000000bdf00000|  0%| F|  |TAMS 0x00000000bde00000| PB 0x00000000bde00000| Untracked 
| 991|0x00000000bdf00000, 0x00000000bdf00000, 0x00000000be000000|  0%| F|  |TAMS 0x00000000bdf00000| PB 0x00000000bdf00000| Untracked 
| 992|0x00000000be000000, 0x00000000be000000, 0x00000000be100000|  0%| F|  |TAMS 0x00000000be000000| PB 0x00000000be000000| Untracked 
| 993|0x00000000be100000, 0x00000000be100000, 0x00000000be200000|  0%| F|  |TAMS 0x00000000be100000| PB 0x00000000be100000| Untracked 
| 994|0x00000000be200000, 0x00000000be200000, 0x00000000be300000|  0%| F|  |TAMS 0x00000000be200000| PB 0x00000000be200000| Untracked 
| 995|0x00000000be300000, 0x00000000be300000, 0x00000000be400000|  0%| F|  |TAMS 0x00000000be300000| PB 0x00000000be300000| Untracked 
| 996|0x00000000be400000, 0x00000000be400000, 0x00000000be500000|  0%| F|  |TAMS 0x00000000be400000| PB 0x00000000be400000| Untracked 
| 997|0x00000000be500000, 0x00000000be500000, 0x00000000be600000|  0%| F|  |TAMS 0x00000000be500000| PB 0x00000000be500000| Untracked 
| 998|0x00000000be600000, 0x00000000be600000, 0x00000000be700000|  0%| F|  |TAMS 0x00000000be600000| PB 0x00000000be600000| Untracked 
| 999|0x00000000be700000, 0x00000000be700000, 0x00000000be800000|  0%| F|  |TAMS 0x00000000be700000| PB 0x00000000be700000| Untracked 
|1000|0x00000000be800000, 0x00000000be800000, 0x00000000be900000|  0%| F|  |TAMS 0x00000000be800000| PB 0x00000000be800000| Untracked 
|1001|0x00000000be900000, 0x00000000be900000, 0x00000000bea00000|  0%| F|  |TAMS 0x00000000be900000| PB 0x00000000be900000| Untracked 
|1002|0x00000000bea00000, 0x00000000bea00000, 0x00000000beb00000|  0%| F|  |TAMS 0x00000000bea00000| PB 0x00000000bea00000| Untracked 
|1003|0x00000000beb00000, 0x00000000beb00000, 0x00000000bec00000|  0%| F|  |TAMS 0x00000000beb00000| PB 0x00000000beb00000| Untracked 
|1004|0x00000000bec00000, 0x00000000bec00000, 0x00000000bed00000|  0%| F|  |TAMS 0x00000000bec00000| PB 0x00000000bec00000| Untracked 
|1005|0x00000000bed00000, 0x00000000bed00000, 0x00000000bee00000|  0%| F|  |TAMS 0x00000000bed00000| PB 0x00000000bed00000| Untracked 
|1006|0x00000000bee00000, 0x00000000bee00000, 0x00000000bef00000|  0%| F|  |TAMS 0x00000000bee00000| PB 0x00000000bee00000| Untracked 
|1007|0x00000000bef00000, 0x00000000bef00000, 0x00000000bf000000|  0%| F|  |TAMS 0x00000000bef00000| PB 0x00000000bef00000| Untracked 
|1008|0x00000000bf000000, 0x00000000bf000000, 0x00000000bf100000|  0%| F|  |TAMS 0x00000000bf000000| PB 0x00000000bf000000| Untracked 
|1009|0x00000000bf100000, 0x00000000bf100000, 0x00000000bf200000|  0%| F|  |TAMS 0x00000000bf100000| PB 0x00000000bf100000| Untracked 
|1010|0x00000000bf200000, 0x00000000bf200000, 0x00000000bf300000|  0%| F|  |TAMS 0x00000000bf200000| PB 0x00000000bf200000| Untracked 
|1011|0x00000000bf300000, 0x00000000bf300000, 0x00000000bf400000|  0%| F|  |TAMS 0x00000000bf300000| PB 0x00000000bf300000| Untracked 
|1012|0x00000000bf400000, 0x00000000bf400000, 0x00000000bf500000|  0%| F|  |TAMS 0x00000000bf400000| PB 0x00000000bf400000| Untracked 
|1013|0x00000000bf500000, 0x00000000bf500000, 0x00000000bf600000|  0%| F|  |TAMS 0x00000000bf500000| PB 0x00000000bf500000| Untracked 
|1014|0x00000000bf600000, 0x00000000bf600000, 0x00000000bf700000|  0%| F|  |TAMS 0x00000000bf600000| PB 0x00000000bf600000| Untracked 
|1015|0x00000000bf700000, 0x00000000bf700000, 0x00000000bf800000|  0%| F|  |TAMS 0x00000000bf700000| PB 0x00000000bf700000| Untracked 
|1016|0x00000000bf800000, 0x00000000bf800000, 0x00000000bf900000|  0%| F|  |TAMS 0x00000000bf800000| PB 0x00000000bf800000| Untracked 
|1017|0x00000000bf900000, 0x00000000bf900000, 0x00000000bfa00000|  0%| F|  |TAMS 0x00000000bf900000| PB 0x00000000bf900000| Untracked 
|1018|0x00000000bfa00000, 0x00000000bfa00000, 0x00000000bfb00000|  0%| F|  |TAMS 0x00000000bfa00000| PB 0x00000000bfa00000| Untracked 
|1019|0x00000000bfb00000, 0x00000000bfb00000, 0x00000000bfc00000|  0%| F|  |TAMS 0x00000000bfb00000| PB 0x00000000bfb00000| Untracked 
|1020|0x00000000bfc00000, 0x00000000bfc00000, 0x00000000bfd00000|  0%| F|  |TAMS 0x00000000bfc00000| PB 0x00000000bfc00000| Untracked 
|1021|0x00000000bfd00000, 0x00000000bfd00000, 0x00000000bfe00000|  0%| F|  |TAMS 0x00000000bfd00000| PB 0x00000000bfd00000| Untracked 
|1022|0x00000000bfe00000, 0x00000000bfe00000, 0x00000000bff00000|  0%| F|  |TAMS 0x00000000bfe00000| PB 0x00000000bfe00000| Untracked 
|1023|0x00000000bff00000, 0x00000000bff00000, 0x00000000c0000000|  0%| F|  |TAMS 0x00000000bff00000| PB 0x00000000bff00000| Untracked 
|1024|0x00000000c0000000, 0x00000000c0000000, 0x00000000c0100000|  0%| F|  |TAMS 0x00000000c0000000| PB 0x00000000c0000000| Untracked 
|1025|0x00000000c0100000, 0x00000000c0100000, 0x00000000c0200000|  0%| F|  |TAMS 0x00000000c0100000| PB 0x00000000c0100000| Untracked 
|1026|0x00000000c0200000, 0x00000000c0200000, 0x00000000c0300000|  0%| F|  |TAMS 0x00000000c0200000| PB 0x00000000c0200000| Untracked 
|1027|0x00000000c0300000, 0x00000000c0300000, 0x00000000c0400000|  0%| F|  |TAMS 0x00000000c0300000| PB 0x00000000c0300000| Untracked 
|1028|0x00000000c0400000, 0x00000000c0400000, 0x00000000c0500000|  0%| F|  |TAMS 0x00000000c0400000| PB 0x00000000c0400000| Untracked 
|1029|0x00000000c0500000, 0x00000000c0500000, 0x00000000c0600000|  0%| F|  |TAMS 0x00000000c0500000| PB 0x00000000c0500000| Untracked 
|1030|0x00000000c0600000, 0x00000000c0600000, 0x00000000c0700000|  0%| F|  |TAMS 0x00000000c0600000| PB 0x00000000c0600000| Untracked 
|1031|0x00000000c0700000, 0x00000000c0700000, 0x00000000c0800000|  0%| F|  |TAMS 0x00000000c0700000| PB 0x00000000c0700000| Untracked 
|1032|0x00000000c0800000, 0x00000000c0800000, 0x00000000c0900000|  0%| F|  |TAMS 0x00000000c0800000| PB 0x00000000c0800000| Untracked 
|1033|0x00000000c0900000, 0x00000000c0900000, 0x00000000c0a00000|  0%| F|  |TAMS 0x00000000c0900000| PB 0x00000000c0900000| Untracked 
|1034|0x00000000c0a00000, 0x00000000c0a00000, 0x00000000c0b00000|  0%| F|  |TAMS 0x00000000c0a00000| PB 0x00000000c0a00000| Untracked 
|1035|0x00000000c0b00000, 0x00000000c0b00000, 0x00000000c0c00000|  0%| F|  |TAMS 0x00000000c0b00000| PB 0x00000000c0b00000| Untracked 
|1036|0x00000000c0c00000, 0x00000000c0c00000, 0x00000000c0d00000|  0%| F|  |TAMS 0x00000000c0c00000| PB 0x00000000c0c00000| Untracked 
|1037|0x00000000c0d00000, 0x00000000c0d00000, 0x00000000c0e00000|  0%| F|  |TAMS 0x00000000c0d00000| PB 0x00000000c0d00000| Untracked 
|1038|0x00000000c0e00000, 0x00000000c0e00000, 0x00000000c0f00000|  0%| F|  |TAMS 0x00000000c0e00000| PB 0x00000000c0e00000| Untracked 
|1039|0x00000000c0f00000, 0x00000000c0f00000, 0x00000000c1000000|  0%| F|  |TAMS 0x00000000c0f00000| PB 0x00000000c0f00000| Untracked 
|1040|0x00000000c1000000, 0x00000000c1000000, 0x00000000c1100000|  0%| F|  |TAMS 0x00000000c1000000| PB 0x00000000c1000000| Untracked 
|1041|0x00000000c1100000, 0x00000000c1100000, 0x00000000c1200000|  0%| F|  |TAMS 0x00000000c1100000| PB 0x00000000c1100000| Untracked 
|1042|0x00000000c1200000, 0x00000000c1200000, 0x00000000c1300000|  0%| F|  |TAMS 0x00000000c1200000| PB 0x00000000c1200000| Untracked 
|1043|0x00000000c1300000, 0x00000000c1300000, 0x00000000c1400000|  0%| F|  |TAMS 0x00000000c1300000| PB 0x00000000c1300000| Untracked 
|1044|0x00000000c1400000, 0x00000000c1400000, 0x00000000c1500000|  0%| F|  |TAMS 0x00000000c1400000| PB 0x00000000c1400000| Untracked 
|1045|0x00000000c1500000, 0x00000000c1500000, 0x00000000c1600000|  0%| F|  |TAMS 0x00000000c1500000| PB 0x00000000c1500000| Untracked 
|1046|0x00000000c1600000, 0x00000000c1600000, 0x00000000c1700000|  0%| F|  |TAMS 0x00000000c1600000| PB 0x00000000c1600000| Untracked 
|1047|0x00000000c1700000, 0x00000000c1700000, 0x00000000c1800000|  0%| F|  |TAMS 0x00000000c1700000| PB 0x00000000c1700000| Untracked 
|1048|0x00000000c1800000, 0x00000000c1800000, 0x00000000c1900000|  0%| F|  |TAMS 0x00000000c1800000| PB 0x00000000c1800000| Untracked 
|1049|0x00000000c1900000, 0x00000000c1900000, 0x00000000c1a00000|  0%| F|  |TAMS 0x00000000c1900000| PB 0x00000000c1900000| Untracked 
|1050|0x00000000c1a00000, 0x00000000c1a00000, 0x00000000c1b00000|  0%| F|  |TAMS 0x00000000c1a00000| PB 0x00000000c1a00000| Untracked 
|1051|0x00000000c1b00000, 0x00000000c1b00000, 0x00000000c1c00000|  0%| F|  |TAMS 0x00000000c1b00000| PB 0x00000000c1b00000| Untracked 
|1052|0x00000000c1c00000, 0x00000000c1c00000, 0x00000000c1d00000|  0%| F|  |TAMS 0x00000000c1c00000| PB 0x00000000c1c00000| Untracked 
|1053|0x00000000c1d00000, 0x00000000c1d00000, 0x00000000c1e00000|  0%| F|  |TAMS 0x00000000c1d00000| PB 0x00000000c1d00000| Untracked 
|1054|0x00000000c1e00000, 0x00000000c1e00000, 0x00000000c1f00000|  0%| F|  |TAMS 0x00000000c1e00000| PB 0x00000000c1e00000| Untracked 
|1055|0x00000000c1f00000, 0x00000000c1f00000, 0x00000000c2000000|  0%| F|  |TAMS 0x00000000c1f00000| PB 0x00000000c1f00000| Untracked 
|1056|0x00000000c2000000, 0x00000000c2000000, 0x00000000c2100000|  0%| F|  |TAMS 0x00000000c2000000| PB 0x00000000c2000000| Untracked 
|1057|0x00000000c2100000, 0x00000000c2100000, 0x00000000c2200000|  0%| F|  |TAMS 0x00000000c2100000| PB 0x00000000c2100000| Untracked 
|1058|0x00000000c2200000, 0x00000000c2200000, 0x00000000c2300000|  0%| F|  |TAMS 0x00000000c2200000| PB 0x00000000c2200000| Untracked 
|1059|0x00000000c2300000, 0x00000000c2300000, 0x00000000c2400000|  0%| F|  |TAMS 0x00000000c2300000| PB 0x00000000c2300000| Untracked 
|1060|0x00000000c2400000, 0x00000000c2400000, 0x00000000c2500000|  0%| F|  |TAMS 0x00000000c2400000| PB 0x00000000c2400000| Untracked 
|1061|0x00000000c2500000, 0x00000000c2500000, 0x00000000c2600000|  0%| F|  |TAMS 0x00000000c2500000| PB 0x00000000c2500000| Untracked 
|1062|0x00000000c2600000, 0x00000000c2600000, 0x00000000c2700000|  0%| F|  |TAMS 0x00000000c2600000| PB 0x00000000c2600000| Untracked 
|1063|0x00000000c2700000, 0x00000000c2700000, 0x00000000c2800000|  0%| F|  |TAMS 0x00000000c2700000| PB 0x00000000c2700000| Untracked 
|1064|0x00000000c2800000, 0x00000000c2800000, 0x00000000c2900000|  0%| F|  |TAMS 0x00000000c2800000| PB 0x00000000c2800000| Untracked 
|1065|0x00000000c2900000, 0x00000000c2900000, 0x00000000c2a00000|  0%| F|  |TAMS 0x00000000c2900000| PB 0x00000000c2900000| Untracked 
|1066|0x00000000c2a00000, 0x00000000c2a00000, 0x00000000c2b00000|  0%| F|  |TAMS 0x00000000c2a00000| PB 0x00000000c2a00000| Untracked 
|1067|0x00000000c2b00000, 0x00000000c2b00000, 0x00000000c2c00000|  0%| F|  |TAMS 0x00000000c2b00000| PB 0x00000000c2b00000| Untracked 
|1068|0x00000000c2c00000, 0x00000000c2c00000, 0x00000000c2d00000|  0%| F|  |TAMS 0x00000000c2c00000| PB 0x00000000c2c00000| Untracked 
|1069|0x00000000c2d00000, 0x00000000c2d00000, 0x00000000c2e00000|  0%| F|  |TAMS 0x00000000c2d00000| PB 0x00000000c2d00000| Untracked 
|1070|0x00000000c2e00000, 0x00000000c2e00000, 0x00000000c2f00000|  0%| F|  |TAMS 0x00000000c2e00000| PB 0x00000000c2e00000| Untracked 
|1071|0x00000000c2f00000, 0x00000000c2f00000, 0x00000000c3000000|  0%| F|  |TAMS 0x00000000c2f00000| PB 0x00000000c2f00000| Untracked 
|1072|0x00000000c3000000, 0x00000000c3000000, 0x00000000c3100000|  0%| F|  |TAMS 0x00000000c3000000| PB 0x00000000c3000000| Untracked 
|1073|0x00000000c3100000, 0x00000000c3100000, 0x00000000c3200000|  0%| F|  |TAMS 0x00000000c3100000| PB 0x00000000c3100000| Untracked 
|1074|0x00000000c3200000, 0x00000000c3200000, 0x00000000c3300000|  0%| F|  |TAMS 0x00000000c3200000| PB 0x00000000c3200000| Untracked 
|1075|0x00000000c3300000, 0x00000000c3300000, 0x00000000c3400000|  0%| F|  |TAMS 0x00000000c3300000| PB 0x00000000c3300000| Untracked 
|1076|0x00000000c3400000, 0x00000000c3400000, 0x00000000c3500000|  0%| F|  |TAMS 0x00000000c3400000| PB 0x00000000c3400000| Untracked 
|1077|0x00000000c3500000, 0x00000000c3500000, 0x00000000c3600000|  0%| F|  |TAMS 0x00000000c3500000| PB 0x00000000c3500000| Untracked 
|1078|0x00000000c3600000, 0x00000000c3600000, 0x00000000c3700000|  0%| F|  |TAMS 0x00000000c3600000| PB 0x00000000c3600000| Untracked 
|1079|0x00000000c3700000, 0x00000000c3700000, 0x00000000c3800000|  0%| F|  |TAMS 0x00000000c3700000| PB 0x00000000c3700000| Untracked 
|1080|0x00000000c3800000, 0x00000000c3800000, 0x00000000c3900000|  0%| F|  |TAMS 0x00000000c3800000| PB 0x00000000c3800000| Untracked 
|1081|0x00000000c3900000, 0x00000000c3900000, 0x00000000c3a00000|  0%| F|  |TAMS 0x00000000c3900000| PB 0x00000000c3900000| Untracked 
|1082|0x00000000c3a00000, 0x00000000c3a00000, 0x00000000c3b00000|  0%| F|  |TAMS 0x00000000c3a00000| PB 0x00000000c3a00000| Untracked 
|1083|0x00000000c3b00000, 0x00000000c3b00000, 0x00000000c3c00000|  0%| F|  |TAMS 0x00000000c3b00000| PB 0x00000000c3b00000| Untracked 
|1084|0x00000000c3c00000, 0x00000000c3c00000, 0x00000000c3d00000|  0%| F|  |TAMS 0x00000000c3c00000| PB 0x00000000c3c00000| Untracked 
|1085|0x00000000c3d00000, 0x00000000c3d00000, 0x00000000c3e00000|  0%| F|  |TAMS 0x00000000c3d00000| PB 0x00000000c3d00000| Untracked 
|1086|0x00000000c3e00000, 0x00000000c3e00000, 0x00000000c3f00000|  0%| F|  |TAMS 0x00000000c3e00000| PB 0x00000000c3e00000| Untracked 
|1087|0x00000000c3f00000, 0x00000000c3f00000, 0x00000000c4000000|  0%| F|  |TAMS 0x00000000c3f00000| PB 0x00000000c3f00000| Untracked 
|1088|0x00000000c4000000, 0x00000000c4000000, 0x00000000c4100000|  0%| F|  |TAMS 0x00000000c4000000| PB 0x00000000c4000000| Untracked 
|1089|0x00000000c4100000, 0x00000000c4100000, 0x00000000c4200000|  0%| F|  |TAMS 0x00000000c4100000| PB 0x00000000c4100000| Untracked 
|1090|0x00000000c4200000, 0x00000000c4200000, 0x00000000c4300000|  0%| F|  |TAMS 0x00000000c4200000| PB 0x00000000c4200000| Untracked 
|1091|0x00000000c4300000, 0x00000000c4300000, 0x00000000c4400000|  0%| F|  |TAMS 0x00000000c4300000| PB 0x00000000c4300000| Untracked 
|1092|0x00000000c4400000, 0x00000000c4400000, 0x00000000c4500000|  0%| F|  |TAMS 0x00000000c4400000| PB 0x00000000c4400000| Untracked 
|1093|0x00000000c4500000, 0x00000000c4500000, 0x00000000c4600000|  0%| F|  |TAMS 0x00000000c4500000| PB 0x00000000c4500000| Untracked 
|1094|0x00000000c4600000, 0x00000000c4600000, 0x00000000c4700000|  0%| F|  |TAMS 0x00000000c4600000| PB 0x00000000c4600000| Untracked 
|1095|0x00000000c4700000, 0x00000000c4700000, 0x00000000c4800000|  0%| F|  |TAMS 0x00000000c4700000| PB 0x00000000c4700000| Untracked 
|1096|0x00000000c4800000, 0x00000000c4800000, 0x00000000c4900000|  0%| F|  |TAMS 0x00000000c4800000| PB 0x00000000c4800000| Untracked 
|1097|0x00000000c4900000, 0x00000000c4900000, 0x00000000c4a00000|  0%| F|  |TAMS 0x00000000c4900000| PB 0x00000000c4900000| Untracked 
|1098|0x00000000c4a00000, 0x00000000c4a00000, 0x00000000c4b00000|  0%| F|  |TAMS 0x00000000c4a00000| PB 0x00000000c4a00000| Untracked 
|1099|0x00000000c4b00000, 0x00000000c4b00000, 0x00000000c4c00000|  0%| F|  |TAMS 0x00000000c4b00000| PB 0x00000000c4b00000| Untracked 
|1100|0x00000000c4c00000, 0x00000000c4c00000, 0x00000000c4d00000|  0%| F|  |TAMS 0x00000000c4c00000| PB 0x00000000c4c00000| Untracked 
|1101|0x00000000c4d00000, 0x00000000c4d00000, 0x00000000c4e00000|  0%| F|  |TAMS 0x00000000c4d00000| PB 0x00000000c4d00000| Untracked 
|1102|0x00000000c4e00000, 0x00000000c4e00000, 0x00000000c4f00000|  0%| F|  |TAMS 0x00000000c4e00000| PB 0x00000000c4e00000| Untracked 
|1103|0x00000000c4f00000, 0x00000000c4f00000, 0x00000000c5000000|  0%| F|  |TAMS 0x00000000c4f00000| PB 0x00000000c4f00000| Untracked 
|1104|0x00000000c5000000, 0x00000000c5000000, 0x00000000c5100000|  0%| F|  |TAMS 0x00000000c5000000| PB 0x00000000c5000000| Untracked 
|1105|0x00000000c5100000, 0x00000000c5100000, 0x00000000c5200000|  0%| F|  |TAMS 0x00000000c5100000| PB 0x00000000c5100000| Untracked 
|1106|0x00000000c5200000, 0x00000000c5200000, 0x00000000c5300000|  0%| F|  |TAMS 0x00000000c5200000| PB 0x00000000c5200000| Untracked 
|1107|0x00000000c5300000, 0x00000000c5300000, 0x00000000c5400000|  0%| F|  |TAMS 0x00000000c5300000| PB 0x00000000c5300000| Untracked 
|1108|0x00000000c5400000, 0x00000000c5400000, 0x00000000c5500000|  0%| F|  |TAMS 0x00000000c5400000| PB 0x00000000c5400000| Untracked 
|1109|0x00000000c5500000, 0x00000000c5500000, 0x00000000c5600000|  0%| F|  |TAMS 0x00000000c5500000| PB 0x00000000c5500000| Untracked 
|1110|0x00000000c5600000, 0x00000000c5600000, 0x00000000c5700000|  0%| F|  |TAMS 0x00000000c5600000| PB 0x00000000c5600000| Untracked 
|1111|0x00000000c5700000, 0x00000000c5700000, 0x00000000c5800000|  0%| F|  |TAMS 0x00000000c5700000| PB 0x00000000c5700000| Untracked 
|1112|0x00000000c5800000, 0x00000000c5800000, 0x00000000c5900000|  0%| F|  |TAMS 0x00000000c5800000| PB 0x00000000c5800000| Untracked 
|1113|0x00000000c5900000, 0x00000000c5900000, 0x00000000c5a00000|  0%| F|  |TAMS 0x00000000c5900000| PB 0x00000000c5900000| Untracked 
|1114|0x00000000c5a00000, 0x00000000c5a00000, 0x00000000c5b00000|  0%| F|  |TAMS 0x00000000c5a00000| PB 0x00000000c5a00000| Untracked 
|1115|0x00000000c5b00000, 0x00000000c5b00000, 0x00000000c5c00000|  0%| F|  |TAMS 0x00000000c5b00000| PB 0x00000000c5b00000| Untracked 
|1116|0x00000000c5c00000, 0x00000000c5c00000, 0x00000000c5d00000|  0%| F|  |TAMS 0x00000000c5c00000| PB 0x00000000c5c00000| Untracked 
|1117|0x00000000c5d00000, 0x00000000c5d00000, 0x00000000c5e00000|  0%| F|  |TAMS 0x00000000c5d00000| PB 0x00000000c5d00000| Untracked 
|1118|0x00000000c5e00000, 0x00000000c5e00000, 0x00000000c5f00000|  0%| F|  |TAMS 0x00000000c5e00000| PB 0x00000000c5e00000| Untracked 
|1119|0x00000000c5f00000, 0x00000000c5f00000, 0x00000000c6000000|  0%| F|  |TAMS 0x00000000c5f00000| PB 0x00000000c5f00000| Untracked 
|1120|0x00000000c6000000, 0x00000000c6000000, 0x00000000c6100000|  0%| F|  |TAMS 0x00000000c6000000| PB 0x00000000c6000000| Untracked 
|1121|0x00000000c6100000, 0x00000000c6100000, 0x00000000c6200000|  0%| F|  |TAMS 0x00000000c6100000| PB 0x00000000c6100000| Untracked 
|1122|0x00000000c6200000, 0x00000000c6200000, 0x00000000c6300000|  0%| F|  |TAMS 0x00000000c6200000| PB 0x00000000c6200000| Untracked 
|1123|0x00000000c6300000, 0x00000000c6300000, 0x00000000c6400000|  0%| F|  |TAMS 0x00000000c6300000| PB 0x00000000c6300000| Untracked 
|1124|0x00000000c6400000, 0x00000000c6400000, 0x00000000c6500000|  0%| F|  |TAMS 0x00000000c6400000| PB 0x00000000c6400000| Untracked 
|1125|0x00000000c6500000, 0x00000000c6500000, 0x00000000c6600000|  0%| F|  |TAMS 0x00000000c6500000| PB 0x00000000c6500000| Untracked 
|1126|0x00000000c6600000, 0x00000000c6600000, 0x00000000c6700000|  0%| F|  |TAMS 0x00000000c6600000| PB 0x00000000c6600000| Untracked 
|1127|0x00000000c6700000, 0x00000000c6700000, 0x00000000c6800000|  0%| F|  |TAMS 0x00000000c6700000| PB 0x00000000c6700000| Untracked 
|1128|0x00000000c6800000, 0x00000000c6800000, 0x00000000c6900000|  0%| F|  |TAMS 0x00000000c6800000| PB 0x00000000c6800000| Untracked 
|1129|0x00000000c6900000, 0x00000000c6900000, 0x00000000c6a00000|  0%| F|  |TAMS 0x00000000c6900000| PB 0x00000000c6900000| Untracked 
|1130|0x00000000c6a00000, 0x00000000c6a00000, 0x00000000c6b00000|  0%| F|  |TAMS 0x00000000c6a00000| PB 0x00000000c6a00000| Untracked 
|1131|0x00000000c6b00000, 0x00000000c6b00000, 0x00000000c6c00000|  0%| F|  |TAMS 0x00000000c6b00000| PB 0x00000000c6b00000| Untracked 
|1132|0x00000000c6c00000, 0x00000000c6c00000, 0x00000000c6d00000|  0%| F|  |TAMS 0x00000000c6c00000| PB 0x00000000c6c00000| Untracked 
|1133|0x00000000c6d00000, 0x00000000c6d00000, 0x00000000c6e00000|  0%| F|  |TAMS 0x00000000c6d00000| PB 0x00000000c6d00000| Untracked 
|1134|0x00000000c6e00000, 0x00000000c6e00000, 0x00000000c6f00000|  0%| F|  |TAMS 0x00000000c6e00000| PB 0x00000000c6e00000| Untracked 
|1135|0x00000000c6f00000, 0x00000000c6f00000, 0x00000000c7000000|  0%| F|  |TAMS 0x00000000c6f00000| PB 0x00000000c6f00000| Untracked 
|1136|0x00000000c7000000, 0x00000000c7000000, 0x00000000c7100000|  0%| F|  |TAMS 0x00000000c7000000| PB 0x00000000c7000000| Untracked 
|1137|0x00000000c7100000, 0x00000000c7100000, 0x00000000c7200000|  0%| F|  |TAMS 0x00000000c7100000| PB 0x00000000c7100000| Untracked 
|1138|0x00000000c7200000, 0x00000000c7200000, 0x00000000c7300000|  0%| F|  |TAMS 0x00000000c7200000| PB 0x00000000c7200000| Untracked 
|1139|0x00000000c7300000, 0x00000000c7300000, 0x00000000c7400000|  0%| F|  |TAMS 0x00000000c7300000| PB 0x00000000c7300000| Untracked 
|1140|0x00000000c7400000, 0x00000000c7400000, 0x00000000c7500000|  0%| F|  |TAMS 0x00000000c7400000| PB 0x00000000c7400000| Untracked 
|1141|0x00000000c7500000, 0x00000000c7500000, 0x00000000c7600000|  0%| F|  |TAMS 0x00000000c7500000| PB 0x00000000c7500000| Untracked 
|1142|0x00000000c7600000, 0x00000000c7600000, 0x00000000c7700000|  0%| F|  |TAMS 0x00000000c7600000| PB 0x00000000c7600000| Untracked 
|1143|0x00000000c7700000, 0x00000000c7700000, 0x00000000c7800000|  0%| F|  |TAMS 0x00000000c7700000| PB 0x00000000c7700000| Untracked 
|1144|0x00000000c7800000, 0x00000000c7800000, 0x00000000c7900000|  0%| F|  |TAMS 0x00000000c7800000| PB 0x00000000c7800000| Untracked 
|1145|0x00000000c7900000, 0x00000000c7900000, 0x00000000c7a00000|  0%| F|  |TAMS 0x00000000c7900000| PB 0x00000000c7900000| Untracked 
|1146|0x00000000c7a00000, 0x00000000c7a00000, 0x00000000c7b00000|  0%| F|  |TAMS 0x00000000c7a00000| PB 0x00000000c7a00000| Untracked 
|1147|0x00000000c7b00000, 0x00000000c7b00000, 0x00000000c7c00000|  0%| F|  |TAMS 0x00000000c7b00000| PB 0x00000000c7b00000| Untracked 
|1148|0x00000000c7c00000, 0x00000000c7c00000, 0x00000000c7d00000|  0%| F|  |TAMS 0x00000000c7c00000| PB 0x00000000c7c00000| Untracked 
|1149|0x00000000c7d00000, 0x00000000c7d00000, 0x00000000c7e00000|  0%| F|  |TAMS 0x00000000c7d00000| PB 0x00000000c7d00000| Untracked 
|1150|0x00000000c7e00000, 0x00000000c7e00000, 0x00000000c7f00000|  0%| F|  |TAMS 0x00000000c7e00000| PB 0x00000000c7e00000| Untracked 
|1151|0x00000000c7f00000, 0x00000000c7f00000, 0x00000000c8000000|  0%| F|  |TAMS 0x00000000c7f00000| PB 0x00000000c7f00000| Untracked 
|1152|0x00000000c8000000, 0x00000000c8000000, 0x00000000c8100000|  0%| F|  |TAMS 0x00000000c8000000| PB 0x00000000c8000000| Untracked 
|1153|0x00000000c8100000, 0x00000000c8100000, 0x00000000c8200000|  0%| F|  |TAMS 0x00000000c8100000| PB 0x00000000c8100000| Untracked 
|1154|0x00000000c8200000, 0x00000000c8200000, 0x00000000c8300000|  0%| F|  |TAMS 0x00000000c8200000| PB 0x00000000c8200000| Untracked 
|1155|0x00000000c8300000, 0x00000000c8300000, 0x00000000c8400000|  0%| F|  |TAMS 0x00000000c8300000| PB 0x00000000c8300000| Untracked 
|1156|0x00000000c8400000, 0x00000000c8400000, 0x00000000c8500000|  0%| F|  |TAMS 0x00000000c8400000| PB 0x00000000c8400000| Untracked 
|1157|0x00000000c8500000, 0x00000000c8500000, 0x00000000c8600000|  0%| F|  |TAMS 0x00000000c8500000| PB 0x00000000c8500000| Untracked 
|1158|0x00000000c8600000, 0x00000000c8600000, 0x00000000c8700000|  0%| F|  |TAMS 0x00000000c8600000| PB 0x00000000c8600000| Untracked 
|1159|0x00000000c8700000, 0x00000000c8700000, 0x00000000c8800000|  0%| F|  |TAMS 0x00000000c8700000| PB 0x00000000c8700000| Untracked 
|1160|0x00000000c8800000, 0x00000000c8800000, 0x00000000c8900000|  0%| F|  |TAMS 0x00000000c8800000| PB 0x00000000c8800000| Untracked 
|1161|0x00000000c8900000, 0x00000000c8900000, 0x00000000c8a00000|  0%| F|  |TAMS 0x00000000c8900000| PB 0x00000000c8900000| Untracked 
|1162|0x00000000c8a00000, 0x00000000c8a00000, 0x00000000c8b00000|  0%| F|  |TAMS 0x00000000c8a00000| PB 0x00000000c8a00000| Untracked 
|1163|0x00000000c8b00000, 0x00000000c8b00000, 0x00000000c8c00000|  0%| F|  |TAMS 0x00000000c8b00000| PB 0x00000000c8b00000| Untracked 
|1164|0x00000000c8c00000, 0x00000000c8c00000, 0x00000000c8d00000|  0%| F|  |TAMS 0x00000000c8c00000| PB 0x00000000c8c00000| Untracked 
|1165|0x00000000c8d00000, 0x00000000c8d00000, 0x00000000c8e00000|  0%| F|  |TAMS 0x00000000c8d00000| PB 0x00000000c8d00000| Untracked 
|1166|0x00000000c8e00000, 0x00000000c8e00000, 0x00000000c8f00000|  0%| F|  |TAMS 0x00000000c8e00000| PB 0x00000000c8e00000| Untracked 
|1167|0x00000000c8f00000, 0x00000000c8f00000, 0x00000000c9000000|  0%| F|  |TAMS 0x00000000c8f00000| PB 0x00000000c8f00000| Untracked 
|1168|0x00000000c9000000, 0x00000000c9000000, 0x00000000c9100000|  0%| F|  |TAMS 0x00000000c9000000| PB 0x00000000c9000000| Untracked 
|1169|0x00000000c9100000, 0x00000000c9100000, 0x00000000c9200000|  0%| F|  |TAMS 0x00000000c9100000| PB 0x00000000c9100000| Untracked 
|1170|0x00000000c9200000, 0x00000000c9200000, 0x00000000c9300000|  0%| F|  |TAMS 0x00000000c9200000| PB 0x00000000c9200000| Untracked 
|1171|0x00000000c9300000, 0x00000000c9300000, 0x00000000c9400000|  0%| F|  |TAMS 0x00000000c9300000| PB 0x00000000c9300000| Untracked 
|1172|0x00000000c9400000, 0x00000000c9400000, 0x00000000c9500000|  0%| F|  |TAMS 0x00000000c9400000| PB 0x00000000c9400000| Untracked 
|1173|0x00000000c9500000, 0x00000000c9500000, 0x00000000c9600000|  0%| F|  |TAMS 0x00000000c9500000| PB 0x00000000c9500000| Untracked 
|1174|0x00000000c9600000, 0x00000000c9600000, 0x00000000c9700000|  0%| F|  |TAMS 0x00000000c9600000| PB 0x00000000c9600000| Untracked 
|1175|0x00000000c9700000, 0x00000000c9700000, 0x00000000c9800000|  0%| F|  |TAMS 0x00000000c9700000| PB 0x00000000c9700000| Untracked 
|1176|0x00000000c9800000, 0x00000000c9800000, 0x00000000c9900000|  0%| F|  |TAMS 0x00000000c9800000| PB 0x00000000c9800000| Untracked 
|1177|0x00000000c9900000, 0x00000000c9900000, 0x00000000c9a00000|  0%| F|  |TAMS 0x00000000c9900000| PB 0x00000000c9900000| Untracked 
|1178|0x00000000c9a00000, 0x00000000c9a00000, 0x00000000c9b00000|  0%| F|  |TAMS 0x00000000c9a00000| PB 0x00000000c9a00000| Untracked 
|1179|0x00000000c9b00000, 0x00000000c9b00000, 0x00000000c9c00000|  0%| F|  |TAMS 0x00000000c9b00000| PB 0x00000000c9b00000| Untracked 
|1180|0x00000000c9c00000, 0x00000000c9c00000, 0x00000000c9d00000|  0%| F|  |TAMS 0x00000000c9c00000| PB 0x00000000c9c00000| Untracked 
|1181|0x00000000c9d00000, 0x00000000c9d00000, 0x00000000c9e00000|  0%| F|  |TAMS 0x00000000c9d00000| PB 0x00000000c9d00000| Untracked 
|1182|0x00000000c9e00000, 0x00000000c9e00000, 0x00000000c9f00000|  0%| F|  |TAMS 0x00000000c9e00000| PB 0x00000000c9e00000| Untracked 
|1183|0x00000000c9f00000, 0x00000000c9f00000, 0x00000000ca000000|  0%| F|  |TAMS 0x00000000c9f00000| PB 0x00000000c9f00000| Untracked 
|1184|0x00000000ca000000, 0x00000000ca000000, 0x00000000ca100000|  0%| F|  |TAMS 0x00000000ca000000| PB 0x00000000ca000000| Untracked 
|1185|0x00000000ca100000, 0x00000000ca100000, 0x00000000ca200000|  0%| F|  |TAMS 0x00000000ca100000| PB 0x00000000ca100000| Untracked 
|1186|0x00000000ca200000, 0x00000000ca200000, 0x00000000ca300000|  0%| F|  |TAMS 0x00000000ca200000| PB 0x00000000ca200000| Untracked 
|1187|0x00000000ca300000, 0x00000000ca300000, 0x00000000ca400000|  0%| F|  |TAMS 0x00000000ca300000| PB 0x00000000ca300000| Untracked 
|1188|0x00000000ca400000, 0x00000000ca400000, 0x00000000ca500000|  0%| F|  |TAMS 0x00000000ca400000| PB 0x00000000ca400000| Untracked 
|1189|0x00000000ca500000, 0x00000000ca500000, 0x00000000ca600000|  0%| F|  |TAMS 0x00000000ca500000| PB 0x00000000ca500000| Untracked 
|1190|0x00000000ca600000, 0x00000000ca600000, 0x00000000ca700000|  0%| F|  |TAMS 0x00000000ca600000| PB 0x00000000ca600000| Untracked 
|1191|0x00000000ca700000, 0x00000000ca700000, 0x00000000ca800000|  0%| F|  |TAMS 0x00000000ca700000| PB 0x00000000ca700000| Untracked 
|1192|0x00000000ca800000, 0x00000000ca800000, 0x00000000ca900000|  0%| F|  |TAMS 0x00000000ca800000| PB 0x00000000ca800000| Untracked 
|1193|0x00000000ca900000, 0x00000000ca900000, 0x00000000caa00000|  0%| F|  |TAMS 0x00000000ca900000| PB 0x00000000ca900000| Untracked 
|1194|0x00000000caa00000, 0x00000000caa00000, 0x00000000cab00000|  0%| F|  |TAMS 0x00000000caa00000| PB 0x00000000caa00000| Untracked 
|1195|0x00000000cab00000, 0x00000000cab00000, 0x00000000cac00000|  0%| F|  |TAMS 0x00000000cab00000| PB 0x00000000cab00000| Untracked 
|1196|0x00000000cac00000, 0x00000000cac00000, 0x00000000cad00000|  0%| F|  |TAMS 0x00000000cac00000| PB 0x00000000cac00000| Untracked 
|1197|0x00000000cad00000, 0x00000000cad00000, 0x00000000cae00000|  0%| F|  |TAMS 0x00000000cad00000| PB 0x00000000cad00000| Untracked 
|1198|0x00000000cae00000, 0x00000000cae00000, 0x00000000caf00000|  0%| F|  |TAMS 0x00000000cae00000| PB 0x00000000cae00000| Untracked 
|1199|0x00000000caf00000, 0x00000000caf00000, 0x00000000cb000000|  0%| F|  |TAMS 0x00000000caf00000| PB 0x00000000caf00000| Untracked 
|1200|0x00000000cb000000, 0x00000000cb000000, 0x00000000cb100000|  0%| F|  |TAMS 0x00000000cb000000| PB 0x00000000cb000000| Untracked 
|1201|0x00000000cb100000, 0x00000000cb100000, 0x00000000cb200000|  0%| F|  |TAMS 0x00000000cb100000| PB 0x00000000cb100000| Untracked 
|1202|0x00000000cb200000, 0x00000000cb200000, 0x00000000cb300000|  0%| F|  |TAMS 0x00000000cb200000| PB 0x00000000cb200000| Untracked 
|1203|0x00000000cb300000, 0x00000000cb300000, 0x00000000cb400000|  0%| F|  |TAMS 0x00000000cb300000| PB 0x00000000cb300000| Untracked 
|1204|0x00000000cb400000, 0x00000000cb400000, 0x00000000cb500000|  0%| F|  |TAMS 0x00000000cb400000| PB 0x00000000cb400000| Untracked 
|1205|0x00000000cb500000, 0x00000000cb500000, 0x00000000cb600000|  0%| F|  |TAMS 0x00000000cb500000| PB 0x00000000cb500000| Untracked 
|1206|0x00000000cb600000, 0x00000000cb600000, 0x00000000cb700000|  0%| F|  |TAMS 0x00000000cb600000| PB 0x00000000cb600000| Untracked 
|1207|0x00000000cb700000, 0x00000000cb700000, 0x00000000cb800000|  0%| F|  |TAMS 0x00000000cb700000| PB 0x00000000cb700000| Untracked 
|1208|0x00000000cb800000, 0x00000000cb800000, 0x00000000cb900000|  0%| F|  |TAMS 0x00000000cb800000| PB 0x00000000cb800000| Untracked 
|1209|0x00000000cb900000, 0x00000000cb900000, 0x00000000cba00000|  0%| F|  |TAMS 0x00000000cb900000| PB 0x00000000cb900000| Untracked 
|1210|0x00000000cba00000, 0x00000000cba00000, 0x00000000cbb00000|  0%| F|  |TAMS 0x00000000cba00000| PB 0x00000000cba00000| Untracked 
|1211|0x00000000cbb00000, 0x00000000cbb00000, 0x00000000cbc00000|  0%| F|  |TAMS 0x00000000cbb00000| PB 0x00000000cbb00000| Untracked 
|1212|0x00000000cbc00000, 0x00000000cbc00000, 0x00000000cbd00000|  0%| F|  |TAMS 0x00000000cbc00000| PB 0x00000000cbc00000| Untracked 
|1213|0x00000000cbd00000, 0x00000000cbd00000, 0x00000000cbe00000|  0%| F|  |TAMS 0x00000000cbd00000| PB 0x00000000cbd00000| Untracked 
|1214|0x00000000cbe00000, 0x00000000cbe00000, 0x00000000cbf00000|  0%| F|  |TAMS 0x00000000cbe00000| PB 0x00000000cbe00000| Untracked 
|1215|0x00000000cbf00000, 0x00000000cbf00000, 0x00000000cc000000|  0%| F|  |TAMS 0x00000000cbf00000| PB 0x00000000cbf00000| Untracked 
|1216|0x00000000cc000000, 0x00000000cc000000, 0x00000000cc100000|  0%| F|  |TAMS 0x00000000cc000000| PB 0x00000000cc000000| Untracked 
|1217|0x00000000cc100000, 0x00000000cc100000, 0x00000000cc200000|  0%| F|  |TAMS 0x00000000cc100000| PB 0x00000000cc100000| Untracked 
|1218|0x00000000cc200000, 0x00000000cc200000, 0x00000000cc300000|  0%| F|  |TAMS 0x00000000cc200000| PB 0x00000000cc200000| Untracked 
|1219|0x00000000cc300000, 0x00000000cc300000, 0x00000000cc400000|  0%| F|  |TAMS 0x00000000cc300000| PB 0x00000000cc300000| Untracked 
|1220|0x00000000cc400000, 0x00000000cc400000, 0x00000000cc500000|  0%| F|  |TAMS 0x00000000cc400000| PB 0x00000000cc400000| Untracked 
|1221|0x00000000cc500000, 0x00000000cc500000, 0x00000000cc600000|  0%| F|  |TAMS 0x00000000cc500000| PB 0x00000000cc500000| Untracked 
|1222|0x00000000cc600000, 0x00000000cc600000, 0x00000000cc700000|  0%| F|  |TAMS 0x00000000cc600000| PB 0x00000000cc600000| Untracked 
|1223|0x00000000cc700000, 0x00000000cc700000, 0x00000000cc800000|  0%| F|  |TAMS 0x00000000cc700000| PB 0x00000000cc700000| Untracked 
|1224|0x00000000cc800000, 0x00000000cc800000, 0x00000000cc900000|  0%| F|  |TAMS 0x00000000cc800000| PB 0x00000000cc800000| Untracked 
|1225|0x00000000cc900000, 0x00000000cc900000, 0x00000000cca00000|  0%| F|  |TAMS 0x00000000cc900000| PB 0x00000000cc900000| Untracked 
|1226|0x00000000cca00000, 0x00000000cca00000, 0x00000000ccb00000|  0%| F|  |TAMS 0x00000000cca00000| PB 0x00000000cca00000| Untracked 
|1227|0x00000000ccb00000, 0x00000000ccb00000, 0x00000000ccc00000|  0%| F|  |TAMS 0x00000000ccb00000| PB 0x00000000ccb00000| Untracked 
|1228|0x00000000ccc00000, 0x00000000ccc00000, 0x00000000ccd00000|  0%| F|  |TAMS 0x00000000ccc00000| PB 0x00000000ccc00000| Untracked 
|1229|0x00000000ccd00000, 0x00000000ccd00000, 0x00000000cce00000|  0%| F|  |TAMS 0x00000000ccd00000| PB 0x00000000ccd00000| Untracked 
|1230|0x00000000cce00000, 0x00000000cce00000, 0x00000000ccf00000|  0%| F|  |TAMS 0x00000000cce00000| PB 0x00000000cce00000| Untracked 
|1231|0x00000000ccf00000, 0x00000000ccf00000, 0x00000000cd000000|  0%| F|  |TAMS 0x00000000ccf00000| PB 0x00000000ccf00000| Untracked 
|1232|0x00000000cd000000, 0x00000000cd000000, 0x00000000cd100000|  0%| F|  |TAMS 0x00000000cd000000| PB 0x00000000cd000000| Untracked 
|1233|0x00000000cd100000, 0x00000000cd100000, 0x00000000cd200000|  0%| F|  |TAMS 0x00000000cd100000| PB 0x00000000cd100000| Untracked 
|1234|0x00000000cd200000, 0x00000000cd200000, 0x00000000cd300000|  0%| F|  |TAMS 0x00000000cd200000| PB 0x00000000cd200000| Untracked 
|1235|0x00000000cd300000, 0x00000000cd300000, 0x00000000cd400000|  0%| F|  |TAMS 0x00000000cd300000| PB 0x00000000cd300000| Untracked 
|1236|0x00000000cd400000, 0x00000000cd400000, 0x00000000cd500000|  0%| F|  |TAMS 0x00000000cd400000| PB 0x00000000cd400000| Untracked 
|1237|0x00000000cd500000, 0x00000000cd500000, 0x00000000cd600000|  0%| F|  |TAMS 0x00000000cd500000| PB 0x00000000cd500000| Untracked 
|1238|0x00000000cd600000, 0x00000000cd600000, 0x00000000cd700000|  0%| F|  |TAMS 0x00000000cd600000| PB 0x00000000cd600000| Untracked 
|1239|0x00000000cd700000, 0x00000000cd700000, 0x00000000cd800000|  0%| F|  |TAMS 0x00000000cd700000| PB 0x00000000cd700000| Untracked 
|1240|0x00000000cd800000, 0x00000000cd800000, 0x00000000cd900000|  0%| F|  |TAMS 0x00000000cd800000| PB 0x00000000cd800000| Untracked 
|1241|0x00000000cd900000, 0x00000000cd900000, 0x00000000cda00000|  0%| F|  |TAMS 0x00000000cd900000| PB 0x00000000cd900000| Untracked 
|1242|0x00000000cda00000, 0x00000000cda00000, 0x00000000cdb00000|  0%| F|  |TAMS 0x00000000cda00000| PB 0x00000000cda00000| Untracked 
|1243|0x00000000cdb00000, 0x00000000cdb00000, 0x00000000cdc00000|  0%| F|  |TAMS 0x00000000cdb00000| PB 0x00000000cdb00000| Untracked 
|1244|0x00000000cdc00000, 0x00000000cdc00000, 0x00000000cdd00000|  0%| F|  |TAMS 0x00000000cdc00000| PB 0x00000000cdc00000| Untracked 
|1245|0x00000000cdd00000, 0x00000000cdd00000, 0x00000000cde00000|  0%| F|  |TAMS 0x00000000cdd00000| PB 0x00000000cdd00000| Untracked 
|1246|0x00000000cde00000, 0x00000000cde00000, 0x00000000cdf00000|  0%| F|  |TAMS 0x00000000cde00000| PB 0x00000000cde00000| Untracked 
|1247|0x00000000cdf00000, 0x00000000cdf00000, 0x00000000ce000000|  0%| F|  |TAMS 0x00000000cdf00000| PB 0x00000000cdf00000| Untracked 
|1248|0x00000000ce000000, 0x00000000ce000000, 0x00000000ce100000|  0%| F|  |TAMS 0x00000000ce000000| PB 0x00000000ce000000| Untracked 
|1249|0x00000000ce100000, 0x00000000ce100000, 0x00000000ce200000|  0%| F|  |TAMS 0x00000000ce100000| PB 0x00000000ce100000| Untracked 
|1250|0x00000000ce200000, 0x00000000ce200000, 0x00000000ce300000|  0%| F|  |TAMS 0x00000000ce200000| PB 0x00000000ce200000| Untracked 
|1251|0x00000000ce300000, 0x00000000ce300000, 0x00000000ce400000|  0%| F|  |TAMS 0x00000000ce300000| PB 0x00000000ce300000| Untracked 
|1252|0x00000000ce400000, 0x00000000ce400000, 0x00000000ce500000|  0%| F|  |TAMS 0x00000000ce400000| PB 0x00000000ce400000| Untracked 
|1253|0x00000000ce500000, 0x00000000ce500000, 0x00000000ce600000|  0%| F|  |TAMS 0x00000000ce500000| PB 0x00000000ce500000| Untracked 
|1254|0x00000000ce600000, 0x00000000ce600000, 0x00000000ce700000|  0%| F|  |TAMS 0x00000000ce600000| PB 0x00000000ce600000| Untracked 
|1255|0x00000000ce700000, 0x00000000ce700000, 0x00000000ce800000|  0%| F|  |TAMS 0x00000000ce700000| PB 0x00000000ce700000| Untracked 
|1256|0x00000000ce800000, 0x00000000ce800000, 0x00000000ce900000|  0%| F|  |TAMS 0x00000000ce800000| PB 0x00000000ce800000| Untracked 
|1257|0x00000000ce900000, 0x00000000ce900000, 0x00000000cea00000|  0%| F|  |TAMS 0x00000000ce900000| PB 0x00000000ce900000| Untracked 
|1258|0x00000000cea00000, 0x00000000cea00000, 0x00000000ceb00000|  0%| F|  |TAMS 0x00000000cea00000| PB 0x00000000cea00000| Untracked 
|1259|0x00000000ceb00000, 0x00000000ceb00000, 0x00000000cec00000|  0%| F|  |TAMS 0x00000000ceb00000| PB 0x00000000ceb00000| Untracked 
|1260|0x00000000cec00000, 0x00000000cec00000, 0x00000000ced00000|  0%| F|  |TAMS 0x00000000cec00000| PB 0x00000000cec00000| Untracked 
|1261|0x00000000ced00000, 0x00000000ced00000, 0x00000000cee00000|  0%| F|  |TAMS 0x00000000ced00000| PB 0x00000000ced00000| Untracked 
|1262|0x00000000cee00000, 0x00000000cee00000, 0x00000000cef00000|  0%| F|  |TAMS 0x00000000cee00000| PB 0x00000000cee00000| Untracked 
|1263|0x00000000cef00000, 0x00000000cef00000, 0x00000000cf000000|  0%| F|  |TAMS 0x00000000cef00000| PB 0x00000000cef00000| Untracked 
|1264|0x00000000cf000000, 0x00000000cf000000, 0x00000000cf100000|  0%| F|  |TAMS 0x00000000cf000000| PB 0x00000000cf000000| Untracked 
|1265|0x00000000cf100000, 0x00000000cf100000, 0x00000000cf200000|  0%| F|  |TAMS 0x00000000cf100000| PB 0x00000000cf100000| Untracked 
|1266|0x00000000cf200000, 0x00000000cf200000, 0x00000000cf300000|  0%| F|  |TAMS 0x00000000cf200000| PB 0x00000000cf200000| Untracked 
|1267|0x00000000cf300000, 0x00000000cf300000, 0x00000000cf400000|  0%| F|  |TAMS 0x00000000cf300000| PB 0x00000000cf300000| Untracked 
|1268|0x00000000cf400000, 0x00000000cf400000, 0x00000000cf500000|  0%| F|  |TAMS 0x00000000cf400000| PB 0x00000000cf400000| Untracked 
|1269|0x00000000cf500000, 0x00000000cf500000, 0x00000000cf600000|  0%| F|  |TAMS 0x00000000cf500000| PB 0x00000000cf500000| Untracked 
|1270|0x00000000cf600000, 0x00000000cf600000, 0x00000000cf700000|  0%| F|  |TAMS 0x00000000cf600000| PB 0x00000000cf600000| Untracked 
|1271|0x00000000cf700000, 0x00000000cf700000, 0x00000000cf800000|  0%| F|  |TAMS 0x00000000cf700000| PB 0x00000000cf700000| Untracked 
|1272|0x00000000cf800000, 0x00000000cf800000, 0x00000000cf900000|  0%| F|  |TAMS 0x00000000cf800000| PB 0x00000000cf800000| Untracked 
|1273|0x00000000cf900000, 0x00000000cf900000, 0x00000000cfa00000|  0%| F|  |TAMS 0x00000000cf900000| PB 0x00000000cf900000| Untracked 
|1274|0x00000000cfa00000, 0x00000000cfa00000, 0x00000000cfb00000|  0%| F|  |TAMS 0x00000000cfa00000| PB 0x00000000cfa00000| Untracked 
|1275|0x00000000cfb00000, 0x00000000cfb00000, 0x00000000cfc00000|  0%| F|  |TAMS 0x00000000cfb00000| PB 0x00000000cfb00000| Untracked 
|1276|0x00000000cfc00000, 0x00000000cfc00000, 0x00000000cfd00000|  0%| F|  |TAMS 0x00000000cfc00000| PB 0x00000000cfc00000| Untracked 
|1277|0x00000000cfd00000, 0x00000000cfd00000, 0x00000000cfe00000|  0%| F|  |TAMS 0x00000000cfd00000| PB 0x00000000cfd00000| Untracked 
|1278|0x00000000cfe00000, 0x00000000cfe00000, 0x00000000cff00000|  0%| F|  |TAMS 0x00000000cfe00000| PB 0x00000000cfe00000| Untracked 
|1279|0x00000000cff00000, 0x00000000cff00000, 0x00000000d0000000|  0%| F|  |TAMS 0x00000000cff00000| PB 0x00000000cff00000| Untracked 
|1280|0x00000000d0000000, 0x00000000d0000000, 0x00000000d0100000|  0%| F|  |TAMS 0x00000000d0000000| PB 0x00000000d0000000| Untracked 
|1281|0x00000000d0100000, 0x00000000d0100000, 0x00000000d0200000|  0%| F|  |TAMS 0x00000000d0100000| PB 0x00000000d0100000| Untracked 
|1282|0x00000000d0200000, 0x00000000d0200000, 0x00000000d0300000|  0%| F|  |TAMS 0x00000000d0200000| PB 0x00000000d0200000| Untracked 
|1283|0x00000000d0300000, 0x00000000d0300000, 0x00000000d0400000|  0%| F|  |TAMS 0x00000000d0300000| PB 0x00000000d0300000| Untracked 
|1284|0x00000000d0400000, 0x00000000d0400000, 0x00000000d0500000|  0%| F|  |TAMS 0x00000000d0400000| PB 0x00000000d0400000| Untracked 
|1285|0x00000000d0500000, 0x00000000d0500000, 0x00000000d0600000|  0%| F|  |TAMS 0x00000000d0500000| PB 0x00000000d0500000| Untracked 
|1286|0x00000000d0600000, 0x00000000d0600000, 0x00000000d0700000|  0%| F|  |TAMS 0x00000000d0600000| PB 0x00000000d0600000| Untracked 
|1287|0x00000000d0700000, 0x00000000d0700000, 0x00000000d0800000|  0%| F|  |TAMS 0x00000000d0700000| PB 0x00000000d0700000| Untracked 
|1288|0x00000000d0800000, 0x00000000d0800000, 0x00000000d0900000|  0%| F|  |TAMS 0x00000000d0800000| PB 0x00000000d0800000| Untracked 
|1289|0x00000000d0900000, 0x00000000d0900000, 0x00000000d0a00000|  0%| F|  |TAMS 0x00000000d0900000| PB 0x00000000d0900000| Untracked 
|1290|0x00000000d0a00000, 0x00000000d0a00000, 0x00000000d0b00000|  0%| F|  |TAMS 0x00000000d0a00000| PB 0x00000000d0a00000| Untracked 
|1291|0x00000000d0b00000, 0x00000000d0b00000, 0x00000000d0c00000|  0%| F|  |TAMS 0x00000000d0b00000| PB 0x00000000d0b00000| Untracked 
|1292|0x00000000d0c00000, 0x00000000d0c00000, 0x00000000d0d00000|  0%| F|  |TAMS 0x00000000d0c00000| PB 0x00000000d0c00000| Untracked 
|1293|0x00000000d0d00000, 0x00000000d0d00000, 0x00000000d0e00000|  0%| F|  |TAMS 0x00000000d0d00000| PB 0x00000000d0d00000| Untracked 
|1294|0x00000000d0e00000, 0x00000000d0e00000, 0x00000000d0f00000|  0%| F|  |TAMS 0x00000000d0e00000| PB 0x00000000d0e00000| Untracked 
|1295|0x00000000d0f00000, 0x00000000d0f00000, 0x00000000d1000000|  0%| F|  |TAMS 0x00000000d0f00000| PB 0x00000000d0f00000| Untracked 
|1296|0x00000000d1000000, 0x00000000d1000000, 0x00000000d1100000|  0%| F|  |TAMS 0x00000000d1000000| PB 0x00000000d1000000| Untracked 
|1297|0x00000000d1100000, 0x00000000d1100000, 0x00000000d1200000|  0%| F|  |TAMS 0x00000000d1100000| PB 0x00000000d1100000| Untracked 
|1298|0x00000000d1200000, 0x00000000d1200000, 0x00000000d1300000|  0%| F|  |TAMS 0x00000000d1200000| PB 0x00000000d1200000| Untracked 
|1299|0x00000000d1300000, 0x00000000d1300000, 0x00000000d1400000|  0%| F|  |TAMS 0x00000000d1300000| PB 0x00000000d1300000| Untracked 
|1300|0x00000000d1400000, 0x00000000d1400000, 0x00000000d1500000|  0%| F|  |TAMS 0x00000000d1400000| PB 0x00000000d1400000| Untracked 
|1301|0x00000000d1500000, 0x00000000d1500000, 0x00000000d1600000|  0%| F|  |TAMS 0x00000000d1500000| PB 0x00000000d1500000| Untracked 
|1302|0x00000000d1600000, 0x00000000d1600000, 0x00000000d1700000|  0%| F|  |TAMS 0x00000000d1600000| PB 0x00000000d1600000| Untracked 
|1303|0x00000000d1700000, 0x00000000d1700000, 0x00000000d1800000|  0%| F|  |TAMS 0x00000000d1700000| PB 0x00000000d1700000| Untracked 
|1304|0x00000000d1800000, 0x00000000d1800000, 0x00000000d1900000|  0%| F|  |TAMS 0x00000000d1800000| PB 0x00000000d1800000| Untracked 
|1305|0x00000000d1900000, 0x00000000d1900000, 0x00000000d1a00000|  0%| F|  |TAMS 0x00000000d1900000| PB 0x00000000d1900000| Untracked 
|1306|0x00000000d1a00000, 0x00000000d1a00000, 0x00000000d1b00000|  0%| F|  |TAMS 0x00000000d1a00000| PB 0x00000000d1a00000| Untracked 
|1307|0x00000000d1b00000, 0x00000000d1b00000, 0x00000000d1c00000|  0%| F|  |TAMS 0x00000000d1b00000| PB 0x00000000d1b00000| Untracked 
|1308|0x00000000d1c00000, 0x00000000d1c00000, 0x00000000d1d00000|  0%| F|  |TAMS 0x00000000d1c00000| PB 0x00000000d1c00000| Untracked 
|1309|0x00000000d1d00000, 0x00000000d1d00000, 0x00000000d1e00000|  0%| F|  |TAMS 0x00000000d1d00000| PB 0x00000000d1d00000| Untracked 
|1310|0x00000000d1e00000, 0x00000000d1e00000, 0x00000000d1f00000|  0%| F|  |TAMS 0x00000000d1e00000| PB 0x00000000d1e00000| Untracked 
|1311|0x00000000d1f00000, 0x00000000d1f00000, 0x00000000d2000000|  0%| F|  |TAMS 0x00000000d1f00000| PB 0x00000000d1f00000| Untracked 
|1312|0x00000000d2000000, 0x00000000d2000000, 0x00000000d2100000|  0%| F|  |TAMS 0x00000000d2000000| PB 0x00000000d2000000| Untracked 
|1313|0x00000000d2100000, 0x00000000d2100000, 0x00000000d2200000|  0%| F|  |TAMS 0x00000000d2100000| PB 0x00000000d2100000| Untracked 
|1314|0x00000000d2200000, 0x00000000d2200000, 0x00000000d2300000|  0%| F|  |TAMS 0x00000000d2200000| PB 0x00000000d2200000| Untracked 
|1315|0x00000000d2300000, 0x00000000d2300000, 0x00000000d2400000|  0%| F|  |TAMS 0x00000000d2300000| PB 0x00000000d2300000| Untracked 
|1316|0x00000000d2400000, 0x00000000d2400000, 0x00000000d2500000|  0%| F|  |TAMS 0x00000000d2400000| PB 0x00000000d2400000| Untracked 
|1317|0x00000000d2500000, 0x00000000d2500000, 0x00000000d2600000|  0%| F|  |TAMS 0x00000000d2500000| PB 0x00000000d2500000| Untracked 
|1318|0x00000000d2600000, 0x00000000d2600000, 0x00000000d2700000|  0%| F|  |TAMS 0x00000000d2600000| PB 0x00000000d2600000| Untracked 
|1319|0x00000000d2700000, 0x00000000d2700000, 0x00000000d2800000|  0%| F|  |TAMS 0x00000000d2700000| PB 0x00000000d2700000| Untracked 
|1320|0x00000000d2800000, 0x00000000d2800000, 0x00000000d2900000|  0%| F|  |TAMS 0x00000000d2800000| PB 0x00000000d2800000| Untracked 
|1321|0x00000000d2900000, 0x00000000d2900000, 0x00000000d2a00000|  0%| F|  |TAMS 0x00000000d2900000| PB 0x00000000d2900000| Untracked 
|1322|0x00000000d2a00000, 0x00000000d2a00000, 0x00000000d2b00000|  0%| F|  |TAMS 0x00000000d2a00000| PB 0x00000000d2a00000| Untracked 
|1323|0x00000000d2b00000, 0x00000000d2b00000, 0x00000000d2c00000|  0%| F|  |TAMS 0x00000000d2b00000| PB 0x00000000d2b00000| Untracked 
|1324|0x00000000d2c00000, 0x00000000d2c00000, 0x00000000d2d00000|  0%| F|  |TAMS 0x00000000d2c00000| PB 0x00000000d2c00000| Untracked 
|1325|0x00000000d2d00000, 0x00000000d2d00000, 0x00000000d2e00000|  0%| F|  |TAMS 0x00000000d2d00000| PB 0x00000000d2d00000| Untracked 
|1326|0x00000000d2e00000, 0x00000000d2e00000, 0x00000000d2f00000|  0%| F|  |TAMS 0x00000000d2e00000| PB 0x00000000d2e00000| Untracked 
|1327|0x00000000d2f00000, 0x00000000d2f00000, 0x00000000d3000000|  0%| F|  |TAMS 0x00000000d2f00000| PB 0x00000000d2f00000| Untracked 
|1328|0x00000000d3000000, 0x00000000d3000000, 0x00000000d3100000|  0%| F|  |TAMS 0x00000000d3000000| PB 0x00000000d3000000| Untracked 
|1329|0x00000000d3100000, 0x00000000d3100000, 0x00000000d3200000|  0%| F|  |TAMS 0x00000000d3100000| PB 0x00000000d3100000| Untracked 
|1330|0x00000000d3200000, 0x00000000d3200000, 0x00000000d3300000|  0%| F|  |TAMS 0x00000000d3200000| PB 0x00000000d3200000| Untracked 
|1331|0x00000000d3300000, 0x00000000d3300000, 0x00000000d3400000|  0%| F|  |TAMS 0x00000000d3300000| PB 0x00000000d3300000| Untracked 
|1332|0x00000000d3400000, 0x00000000d3400000, 0x00000000d3500000|  0%| F|  |TAMS 0x00000000d3400000| PB 0x00000000d3400000| Untracked 
|1333|0x00000000d3500000, 0x00000000d3500000, 0x00000000d3600000|  0%| F|  |TAMS 0x00000000d3500000| PB 0x00000000d3500000| Untracked 
|1334|0x00000000d3600000, 0x00000000d3600000, 0x00000000d3700000|  0%| F|  |TAMS 0x00000000d3600000| PB 0x00000000d3600000| Untracked 
|1335|0x00000000d3700000, 0x00000000d3700000, 0x00000000d3800000|  0%| F|  |TAMS 0x00000000d3700000| PB 0x00000000d3700000| Untracked 
|1336|0x00000000d3800000, 0x00000000d3800000, 0x00000000d3900000|  0%| F|  |TAMS 0x00000000d3800000| PB 0x00000000d3800000| Untracked 
|1337|0x00000000d3900000, 0x00000000d3900000, 0x00000000d3a00000|  0%| F|  |TAMS 0x00000000d3900000| PB 0x00000000d3900000| Untracked 
|1338|0x00000000d3a00000, 0x00000000d3a00000, 0x00000000d3b00000|  0%| F|  |TAMS 0x00000000d3a00000| PB 0x00000000d3a00000| Untracked 
|1339|0x00000000d3b00000, 0x00000000d3b00000, 0x00000000d3c00000|  0%| F|  |TAMS 0x00000000d3b00000| PB 0x00000000d3b00000| Untracked 
|1340|0x00000000d3c00000, 0x00000000d3c00000, 0x00000000d3d00000|  0%| F|  |TAMS 0x00000000d3c00000| PB 0x00000000d3c00000| Untracked 
|1341|0x00000000d3d00000, 0x00000000d3d00000, 0x00000000d3e00000|  0%| F|  |TAMS 0x00000000d3d00000| PB 0x00000000d3d00000| Untracked 
|1342|0x00000000d3e00000, 0x00000000d3e00000, 0x00000000d3f00000|  0%| F|  |TAMS 0x00000000d3e00000| PB 0x00000000d3e00000| Untracked 
|1343|0x00000000d3f00000, 0x00000000d3f00000, 0x00000000d4000000|  0%| F|  |TAMS 0x00000000d3f00000| PB 0x00000000d3f00000| Untracked 
|1344|0x00000000d4000000, 0x00000000d4000000, 0x00000000d4100000|  0%| F|  |TAMS 0x00000000d4000000| PB 0x00000000d4000000| Untracked 
|1345|0x00000000d4100000, 0x00000000d4100000, 0x00000000d4200000|  0%| F|  |TAMS 0x00000000d4100000| PB 0x00000000d4100000| Untracked 
|1346|0x00000000d4200000, 0x00000000d4200000, 0x00000000d4300000|  0%| F|  |TAMS 0x00000000d4200000| PB 0x00000000d4200000| Untracked 
|1347|0x00000000d4300000, 0x00000000d4300000, 0x00000000d4400000|  0%| F|  |TAMS 0x00000000d4300000| PB 0x00000000d4300000| Untracked 
|1348|0x00000000d4400000, 0x00000000d4400000, 0x00000000d4500000|  0%| F|  |TAMS 0x00000000d4400000| PB 0x00000000d4400000| Untracked 
|1349|0x00000000d4500000, 0x00000000d4500000, 0x00000000d4600000|  0%| F|  |TAMS 0x00000000d4500000| PB 0x00000000d4500000| Untracked 
|1350|0x00000000d4600000, 0x00000000d4600000, 0x00000000d4700000|  0%| F|  |TAMS 0x00000000d4600000| PB 0x00000000d4600000| Untracked 
|1351|0x00000000d4700000, 0x00000000d4700000, 0x00000000d4800000|  0%| F|  |TAMS 0x00000000d4700000| PB 0x00000000d4700000| Untracked 
|1352|0x00000000d4800000, 0x00000000d4800000, 0x00000000d4900000|  0%| F|  |TAMS 0x00000000d4800000| PB 0x00000000d4800000| Untracked 
|1353|0x00000000d4900000, 0x00000000d4900000, 0x00000000d4a00000|  0%| F|  |TAMS 0x00000000d4900000| PB 0x00000000d4900000| Untracked 
|1354|0x00000000d4a00000, 0x00000000d4a00000, 0x00000000d4b00000|  0%| F|  |TAMS 0x00000000d4a00000| PB 0x00000000d4a00000| Untracked 
|1355|0x00000000d4b00000, 0x00000000d4b00000, 0x00000000d4c00000|  0%| F|  |TAMS 0x00000000d4b00000| PB 0x00000000d4b00000| Untracked 
|1356|0x00000000d4c00000, 0x00000000d4c00000, 0x00000000d4d00000|  0%| F|  |TAMS 0x00000000d4c00000| PB 0x00000000d4c00000| Untracked 
|1357|0x00000000d4d00000, 0x00000000d4d00000, 0x00000000d4e00000|  0%| F|  |TAMS 0x00000000d4d00000| PB 0x00000000d4d00000| Untracked 
|1358|0x00000000d4e00000, 0x00000000d4e00000, 0x00000000d4f00000|  0%| F|  |TAMS 0x00000000d4e00000| PB 0x00000000d4e00000| Untracked 
|1359|0x00000000d4f00000, 0x00000000d4f00000, 0x00000000d5000000|  0%| F|  |TAMS 0x00000000d4f00000| PB 0x00000000d4f00000| Untracked 
|1360|0x00000000d5000000, 0x00000000d5000000, 0x00000000d5100000|  0%| F|  |TAMS 0x00000000d5000000| PB 0x00000000d5000000| Untracked 
|1361|0x00000000d5100000, 0x00000000d5100000, 0x00000000d5200000|  0%| F|  |TAMS 0x00000000d5100000| PB 0x00000000d5100000| Untracked 
|1362|0x00000000d5200000, 0x00000000d5200000, 0x00000000d5300000|  0%| F|  |TAMS 0x00000000d5200000| PB 0x00000000d5200000| Untracked 
|1363|0x00000000d5300000, 0x00000000d5300000, 0x00000000d5400000|  0%| F|  |TAMS 0x00000000d5300000| PB 0x00000000d5300000| Untracked 
|1364|0x00000000d5400000, 0x00000000d5400000, 0x00000000d5500000|  0%| F|  |TAMS 0x00000000d5400000| PB 0x00000000d5400000| Untracked 
|1365|0x00000000d5500000, 0x00000000d5500000, 0x00000000d5600000|  0%| F|  |TAMS 0x00000000d5500000| PB 0x00000000d5500000| Untracked 
|1366|0x00000000d5600000, 0x00000000d5600000, 0x00000000d5700000|  0%| F|  |TAMS 0x00000000d5600000| PB 0x00000000d5600000| Untracked 
|1367|0x00000000d5700000, 0x00000000d5700000, 0x00000000d5800000|  0%| F|  |TAMS 0x00000000d5700000| PB 0x00000000d5700000| Untracked 
|1368|0x00000000d5800000, 0x00000000d5800000, 0x00000000d5900000|  0%| F|  |TAMS 0x00000000d5800000| PB 0x00000000d5800000| Untracked 
|1369|0x00000000d5900000, 0x00000000d5900000, 0x00000000d5a00000|  0%| F|  |TAMS 0x00000000d5900000| PB 0x00000000d5900000| Untracked 
|1370|0x00000000d5a00000, 0x00000000d5a00000, 0x00000000d5b00000|  0%| F|  |TAMS 0x00000000d5a00000| PB 0x00000000d5a00000| Untracked 
|1371|0x00000000d5b00000, 0x00000000d5b00000, 0x00000000d5c00000|  0%| F|  |TAMS 0x00000000d5b00000| PB 0x00000000d5b00000| Untracked 
|1372|0x00000000d5c00000, 0x00000000d5c00000, 0x00000000d5d00000|  0%| F|  |TAMS 0x00000000d5c00000| PB 0x00000000d5c00000| Untracked 
|1373|0x00000000d5d00000, 0x00000000d5d00000, 0x00000000d5e00000|  0%| F|  |TAMS 0x00000000d5d00000| PB 0x00000000d5d00000| Untracked 
|1374|0x00000000d5e00000, 0x00000000d5e00000, 0x00000000d5f00000|  0%| F|  |TAMS 0x00000000d5e00000| PB 0x00000000d5e00000| Untracked 
|1375|0x00000000d5f00000, 0x00000000d5f00000, 0x00000000d6000000|  0%| F|  |TAMS 0x00000000d5f00000| PB 0x00000000d5f00000| Untracked 
|1376|0x00000000d6000000, 0x00000000d6000000, 0x00000000d6100000|  0%| F|  |TAMS 0x00000000d6000000| PB 0x00000000d6000000| Untracked 
|1377|0x00000000d6100000, 0x00000000d6100000, 0x00000000d6200000|  0%| F|  |TAMS 0x00000000d6100000| PB 0x00000000d6100000| Untracked 
|1378|0x00000000d6200000, 0x00000000d6200000, 0x00000000d6300000|  0%| F|  |TAMS 0x00000000d6200000| PB 0x00000000d6200000| Untracked 
|1379|0x00000000d6300000, 0x00000000d6300000, 0x00000000d6400000|  0%| F|  |TAMS 0x00000000d6300000| PB 0x00000000d6300000| Untracked 
|1380|0x00000000d6400000, 0x00000000d6400000, 0x00000000d6500000|  0%| F|  |TAMS 0x00000000d6400000| PB 0x00000000d6400000| Untracked 
|1381|0x00000000d6500000, 0x00000000d6500000, 0x00000000d6600000|  0%| F|  |TAMS 0x00000000d6500000| PB 0x00000000d6500000| Untracked 
|1382|0x00000000d6600000, 0x00000000d6600000, 0x00000000d6700000|  0%| F|  |TAMS 0x00000000d6600000| PB 0x00000000d6600000| Untracked 
|1383|0x00000000d6700000, 0x00000000d6700000, 0x00000000d6800000|  0%| F|  |TAMS 0x00000000d6700000| PB 0x00000000d6700000| Untracked 
|1384|0x00000000d6800000, 0x00000000d6800000, 0x00000000d6900000|  0%| F|  |TAMS 0x00000000d6800000| PB 0x00000000d6800000| Untracked 
|1385|0x00000000d6900000, 0x00000000d6900000, 0x00000000d6a00000|  0%| F|  |TAMS 0x00000000d6900000| PB 0x00000000d6900000| Untracked 
|1386|0x00000000d6a00000, 0x00000000d6a00000, 0x00000000d6b00000|  0%| F|  |TAMS 0x00000000d6a00000| PB 0x00000000d6a00000| Untracked 
|1387|0x00000000d6b00000, 0x00000000d6b00000, 0x00000000d6c00000|  0%| F|  |TAMS 0x00000000d6b00000| PB 0x00000000d6b00000| Untracked 
|1388|0x00000000d6c00000, 0x00000000d6c00000, 0x00000000d6d00000|  0%| F|  |TAMS 0x00000000d6c00000| PB 0x00000000d6c00000| Untracked 
|1389|0x00000000d6d00000, 0x00000000d6d00000, 0x00000000d6e00000|  0%| F|  |TAMS 0x00000000d6d00000| PB 0x00000000d6d00000| Untracked 
|1390|0x00000000d6e00000, 0x00000000d6e00000, 0x00000000d6f00000|  0%| F|  |TAMS 0x00000000d6e00000| PB 0x00000000d6e00000| Untracked 
|1391|0x00000000d6f00000, 0x00000000d6f00000, 0x00000000d7000000|  0%| F|  |TAMS 0x00000000d6f00000| PB 0x00000000d6f00000| Untracked 
|1392|0x00000000d7000000, 0x00000000d7000000, 0x00000000d7100000|  0%| F|  |TAMS 0x00000000d7000000| PB 0x00000000d7000000| Untracked 
|1393|0x00000000d7100000, 0x00000000d7100000, 0x00000000d7200000|  0%| F|  |TAMS 0x00000000d7100000| PB 0x00000000d7100000| Untracked 
|1394|0x00000000d7200000, 0x00000000d7200000, 0x00000000d7300000|  0%| F|  |TAMS 0x00000000d7200000| PB 0x00000000d7200000| Untracked 
|1395|0x00000000d7300000, 0x00000000d7300000, 0x00000000d7400000|  0%| F|  |TAMS 0x00000000d7300000| PB 0x00000000d7300000| Untracked 
|1396|0x00000000d7400000, 0x00000000d7400000, 0x00000000d7500000|  0%| F|  |TAMS 0x00000000d7400000| PB 0x00000000d7400000| Untracked 
|1397|0x00000000d7500000, 0x00000000d7500000, 0x00000000d7600000|  0%| F|  |TAMS 0x00000000d7500000| PB 0x00000000d7500000| Untracked 
|1398|0x00000000d7600000, 0x00000000d7600000, 0x00000000d7700000|  0%| F|  |TAMS 0x00000000d7600000| PB 0x00000000d7600000| Untracked 
|1399|0x00000000d7700000, 0x00000000d7700000, 0x00000000d7800000|  0%| F|  |TAMS 0x00000000d7700000| PB 0x00000000d7700000| Untracked 
|1400|0x00000000d7800000, 0x00000000d7800000, 0x00000000d7900000|  0%| F|  |TAMS 0x00000000d7800000| PB 0x00000000d7800000| Untracked 
|1401|0x00000000d7900000, 0x00000000d7900000, 0x00000000d7a00000|  0%| F|  |TAMS 0x00000000d7900000| PB 0x00000000d7900000| Untracked 
|1402|0x00000000d7a00000, 0x00000000d7a00000, 0x00000000d7b00000|  0%| F|  |TAMS 0x00000000d7a00000| PB 0x00000000d7a00000| Untracked 
|1403|0x00000000d7b00000, 0x00000000d7b00000, 0x00000000d7c00000|  0%| F|  |TAMS 0x00000000d7b00000| PB 0x00000000d7b00000| Untracked 
|1404|0x00000000d7c00000, 0x00000000d7c00000, 0x00000000d7d00000|  0%| F|  |TAMS 0x00000000d7c00000| PB 0x00000000d7c00000| Untracked 
|1405|0x00000000d7d00000, 0x00000000d7d00000, 0x00000000d7e00000|  0%| F|  |TAMS 0x00000000d7d00000| PB 0x00000000d7d00000| Untracked 
|1406|0x00000000d7e00000, 0x00000000d7e00000, 0x00000000d7f00000|  0%| F|  |TAMS 0x00000000d7e00000| PB 0x00000000d7e00000| Untracked 
|1407|0x00000000d7f00000, 0x00000000d7f00000, 0x00000000d8000000|  0%| F|  |TAMS 0x00000000d7f00000| PB 0x00000000d7f00000| Untracked 
|1408|0x00000000d8000000, 0x00000000d8000000, 0x00000000d8100000|  0%| F|  |TAMS 0x00000000d8000000| PB 0x00000000d8000000| Untracked 
|1409|0x00000000d8100000, 0x00000000d8100000, 0x00000000d8200000|  0%| F|  |TAMS 0x00000000d8100000| PB 0x00000000d8100000| Untracked 
|1410|0x00000000d8200000, 0x00000000d8200000, 0x00000000d8300000|  0%| F|  |TAMS 0x00000000d8200000| PB 0x00000000d8200000| Untracked 
|1411|0x00000000d8300000, 0x00000000d8300000, 0x00000000d8400000|  0%| F|  |TAMS 0x00000000d8300000| PB 0x00000000d8300000| Untracked 
|1412|0x00000000d8400000, 0x00000000d8400000, 0x00000000d8500000|  0%| F|  |TAMS 0x00000000d8400000| PB 0x00000000d8400000| Untracked 
|1413|0x00000000d8500000, 0x00000000d8500000, 0x00000000d8600000|  0%| F|  |TAMS 0x00000000d8500000| PB 0x00000000d8500000| Untracked 
|1414|0x00000000d8600000, 0x00000000d8600000, 0x00000000d8700000|  0%| F|  |TAMS 0x00000000d8600000| PB 0x00000000d8600000| Untracked 
|1415|0x00000000d8700000, 0x00000000d8700000, 0x00000000d8800000|  0%| F|  |TAMS 0x00000000d8700000| PB 0x00000000d8700000| Untracked 
|1416|0x00000000d8800000, 0x00000000d8800000, 0x00000000d8900000|  0%| F|  |TAMS 0x00000000d8800000| PB 0x00000000d8800000| Untracked 
|1417|0x00000000d8900000, 0x00000000d8900000, 0x00000000d8a00000|  0%| F|  |TAMS 0x00000000d8900000| PB 0x00000000d8900000| Untracked 
|1418|0x00000000d8a00000, 0x00000000d8a00000, 0x00000000d8b00000|  0%| F|  |TAMS 0x00000000d8a00000| PB 0x00000000d8a00000| Untracked 
|1419|0x00000000d8b00000, 0x00000000d8b00000, 0x00000000d8c00000|  0%| F|  |TAMS 0x00000000d8b00000| PB 0x00000000d8b00000| Untracked 
|1420|0x00000000d8c00000, 0x00000000d8c00000, 0x00000000d8d00000|  0%| F|  |TAMS 0x00000000d8c00000| PB 0x00000000d8c00000| Untracked 
|1421|0x00000000d8d00000, 0x00000000d8d00000, 0x00000000d8e00000|  0%| F|  |TAMS 0x00000000d8d00000| PB 0x00000000d8d00000| Untracked 
|1422|0x00000000d8e00000, 0x00000000d8e00000, 0x00000000d8f00000|  0%| F|  |TAMS 0x00000000d8e00000| PB 0x00000000d8e00000| Untracked 
|1423|0x00000000d8f00000, 0x00000000d8f00000, 0x00000000d9000000|  0%| F|  |TAMS 0x00000000d8f00000| PB 0x00000000d8f00000| Untracked 
|1424|0x00000000d9000000, 0x00000000d9000000, 0x00000000d9100000|  0%| F|  |TAMS 0x00000000d9000000| PB 0x00000000d9000000| Untracked 
|1425|0x00000000d9100000, 0x00000000d9100000, 0x00000000d9200000|  0%| F|  |TAMS 0x00000000d9100000| PB 0x00000000d9100000| Untracked 
|1426|0x00000000d9200000, 0x00000000d9200000, 0x00000000d9300000|  0%| F|  |TAMS 0x00000000d9200000| PB 0x00000000d9200000| Untracked 
|1427|0x00000000d9300000, 0x00000000d9300000, 0x00000000d9400000|  0%| F|  |TAMS 0x00000000d9300000| PB 0x00000000d9300000| Untracked 
|1428|0x00000000d9400000, 0x00000000d9400000, 0x00000000d9500000|  0%| F|  |TAMS 0x00000000d9400000| PB 0x00000000d9400000| Untracked 
|1429|0x00000000d9500000, 0x00000000d9500000, 0x00000000d9600000|  0%| F|  |TAMS 0x00000000d9500000| PB 0x00000000d9500000| Untracked 
|1430|0x00000000d9600000, 0x00000000d9600000, 0x00000000d9700000|  0%| F|  |TAMS 0x00000000d9600000| PB 0x00000000d9600000| Untracked 
|1431|0x00000000d9700000, 0x00000000d9700000, 0x00000000d9800000|  0%| F|  |TAMS 0x00000000d9700000| PB 0x00000000d9700000| Untracked 
|1432|0x00000000d9800000, 0x00000000d9800000, 0x00000000d9900000|  0%| F|  |TAMS 0x00000000d9800000| PB 0x00000000d9800000| Untracked 
|1433|0x00000000d9900000, 0x00000000d9900000, 0x00000000d9a00000|  0%| F|  |TAMS 0x00000000d9900000| PB 0x00000000d9900000| Untracked 
|1434|0x00000000d9a00000, 0x00000000d9a00000, 0x00000000d9b00000|  0%| F|  |TAMS 0x00000000d9a00000| PB 0x00000000d9a00000| Untracked 
|1435|0x00000000d9b00000, 0x00000000d9b00000, 0x00000000d9c00000|  0%| F|  |TAMS 0x00000000d9b00000| PB 0x00000000d9b00000| Untracked 
|1436|0x00000000d9c00000, 0x00000000d9c00000, 0x00000000d9d00000|  0%| F|  |TAMS 0x00000000d9c00000| PB 0x00000000d9c00000| Untracked 
|1437|0x00000000d9d00000, 0x00000000d9d00000, 0x00000000d9e00000|  0%| F|  |TAMS 0x00000000d9d00000| PB 0x00000000d9d00000| Untracked 
|1438|0x00000000d9e00000, 0x00000000d9e00000, 0x00000000d9f00000|  0%| F|  |TAMS 0x00000000d9e00000| PB 0x00000000d9e00000| Untracked 
|1439|0x00000000d9f00000, 0x00000000d9f00000, 0x00000000da000000|  0%| F|  |TAMS 0x00000000d9f00000| PB 0x00000000d9f00000| Untracked 
|1440|0x00000000da000000, 0x00000000da000000, 0x00000000da100000|  0%| F|  |TAMS 0x00000000da000000| PB 0x00000000da000000| Untracked 
|1441|0x00000000da100000, 0x00000000da100000, 0x00000000da200000|  0%| F|  |TAMS 0x00000000da100000| PB 0x00000000da100000| Untracked 
|1442|0x00000000da200000, 0x00000000da200000, 0x00000000da300000|  0%| F|  |TAMS 0x00000000da200000| PB 0x00000000da200000| Untracked 
|1443|0x00000000da300000, 0x00000000da300000, 0x00000000da400000|  0%| F|  |TAMS 0x00000000da300000| PB 0x00000000da300000| Untracked 
|1444|0x00000000da400000, 0x00000000da400000, 0x00000000da500000|  0%| F|  |TAMS 0x00000000da400000| PB 0x00000000da400000| Untracked 
|1445|0x00000000da500000, 0x00000000da500000, 0x00000000da600000|  0%| F|  |TAMS 0x00000000da500000| PB 0x00000000da500000| Untracked 
|1446|0x00000000da600000, 0x00000000da600000, 0x00000000da700000|  0%| F|  |TAMS 0x00000000da600000| PB 0x00000000da600000| Untracked 
|1447|0x00000000da700000, 0x00000000da700000, 0x00000000da800000|  0%| F|  |TAMS 0x00000000da700000| PB 0x00000000da700000| Untracked 
|1448|0x00000000da800000, 0x00000000da800000, 0x00000000da900000|  0%| F|  |TAMS 0x00000000da800000| PB 0x00000000da800000| Untracked 
|1449|0x00000000da900000, 0x00000000da900000, 0x00000000daa00000|  0%| F|  |TAMS 0x00000000da900000| PB 0x00000000da900000| Untracked 
|1450|0x00000000daa00000, 0x00000000daa00000, 0x00000000dab00000|  0%| F|  |TAMS 0x00000000daa00000| PB 0x00000000daa00000| Untracked 
|1451|0x00000000dab00000, 0x00000000dab00000, 0x00000000dac00000|  0%| F|  |TAMS 0x00000000dab00000| PB 0x00000000dab00000| Untracked 
|1452|0x00000000dac00000, 0x00000000dac00000, 0x00000000dad00000|  0%| F|  |TAMS 0x00000000dac00000| PB 0x00000000dac00000| Untracked 
|1453|0x00000000dad00000, 0x00000000dad00000, 0x00000000dae00000|  0%| F|  |TAMS 0x00000000dad00000| PB 0x00000000dad00000| Untracked 
|1454|0x00000000dae00000, 0x00000000dae00000, 0x00000000daf00000|  0%| F|  |TAMS 0x00000000dae00000| PB 0x00000000dae00000| Untracked 
|1455|0x00000000daf00000, 0x00000000daf00000, 0x00000000db000000|  0%| F|  |TAMS 0x00000000daf00000| PB 0x00000000daf00000| Untracked 
|1456|0x00000000db000000, 0x00000000db000000, 0x00000000db100000|  0%| F|  |TAMS 0x00000000db000000| PB 0x00000000db000000| Untracked 
|1457|0x00000000db100000, 0x00000000db100000, 0x00000000db200000|  0%| F|  |TAMS 0x00000000db100000| PB 0x00000000db100000| Untracked 
|1458|0x00000000db200000, 0x00000000db200000, 0x00000000db300000|  0%| F|  |TAMS 0x00000000db200000| PB 0x00000000db200000| Untracked 
|1459|0x00000000db300000, 0x00000000db300000, 0x00000000db400000|  0%| F|  |TAMS 0x00000000db300000| PB 0x00000000db300000| Untracked 
|1460|0x00000000db400000, 0x00000000db400000, 0x00000000db500000|  0%| F|  |TAMS 0x00000000db400000| PB 0x00000000db400000| Untracked 
|1461|0x00000000db500000, 0x00000000db500000, 0x00000000db600000|  0%| F|  |TAMS 0x00000000db500000| PB 0x00000000db500000| Untracked 
|1462|0x00000000db600000, 0x00000000db600000, 0x00000000db700000|  0%| F|  |TAMS 0x00000000db600000| PB 0x00000000db600000| Untracked 
|1463|0x00000000db700000, 0x00000000db700000, 0x00000000db800000|  0%| F|  |TAMS 0x00000000db700000| PB 0x00000000db700000| Untracked 
|1464|0x00000000db800000, 0x00000000db800000, 0x00000000db900000|  0%| F|  |TAMS 0x00000000db800000| PB 0x00000000db800000| Untracked 
|1465|0x00000000db900000, 0x00000000db900000, 0x00000000dba00000|  0%| F|  |TAMS 0x00000000db900000| PB 0x00000000db900000| Untracked 
|1466|0x00000000dba00000, 0x00000000dba00000, 0x00000000dbb00000|  0%| F|  |TAMS 0x00000000dba00000| PB 0x00000000dba00000| Untracked 
|1467|0x00000000dbb00000, 0x00000000dbb00000, 0x00000000dbc00000|  0%| F|  |TAMS 0x00000000dbb00000| PB 0x00000000dbb00000| Untracked 
|1468|0x00000000dbc00000, 0x00000000dbc00000, 0x00000000dbd00000|  0%| F|  |TAMS 0x00000000dbc00000| PB 0x00000000dbc00000| Untracked 
|1469|0x00000000dbd00000, 0x00000000dbd00000, 0x00000000dbe00000|  0%| F|  |TAMS 0x00000000dbd00000| PB 0x00000000dbd00000| Untracked 
|1470|0x00000000dbe00000, 0x00000000dbe00000, 0x00000000dbf00000|  0%| F|  |TAMS 0x00000000dbe00000| PB 0x00000000dbe00000| Untracked 
|1471|0x00000000dbf00000, 0x00000000dbf00000, 0x00000000dc000000|  0%| F|  |TAMS 0x00000000dbf00000| PB 0x00000000dbf00000| Untracked 
|1472|0x00000000dc000000, 0x00000000dc000000, 0x00000000dc100000|  0%| F|  |TAMS 0x00000000dc000000| PB 0x00000000dc000000| Untracked 
|1473|0x00000000dc100000, 0x00000000dc100000, 0x00000000dc200000|  0%| F|  |TAMS 0x00000000dc100000| PB 0x00000000dc100000| Untracked 
|1474|0x00000000dc200000, 0x00000000dc200000, 0x00000000dc300000|  0%| F|  |TAMS 0x00000000dc200000| PB 0x00000000dc200000| Untracked 
|1475|0x00000000dc300000, 0x00000000dc300000, 0x00000000dc400000|  0%| F|  |TAMS 0x00000000dc300000| PB 0x00000000dc300000| Untracked 
|1476|0x00000000dc400000, 0x00000000dc400000, 0x00000000dc500000|  0%| F|  |TAMS 0x00000000dc400000| PB 0x00000000dc400000| Untracked 
|1477|0x00000000dc500000, 0x00000000dc500000, 0x00000000dc600000|  0%| F|  |TAMS 0x00000000dc500000| PB 0x00000000dc500000| Untracked 
|1478|0x00000000dc600000, 0x00000000dc600000, 0x00000000dc700000|  0%| F|  |TAMS 0x00000000dc600000| PB 0x00000000dc600000| Untracked 
|1479|0x00000000dc700000, 0x00000000dc700000, 0x00000000dc800000|  0%| F|  |TAMS 0x00000000dc700000| PB 0x00000000dc700000| Untracked 
|1480|0x00000000dc800000, 0x00000000dc800000, 0x00000000dc900000|  0%| F|  |TAMS 0x00000000dc800000| PB 0x00000000dc800000| Untracked 
|1481|0x00000000dc900000, 0x00000000dc900000, 0x00000000dca00000|  0%| F|  |TAMS 0x00000000dc900000| PB 0x00000000dc900000| Untracked 
|1482|0x00000000dca00000, 0x00000000dca00000, 0x00000000dcb00000|  0%| F|  |TAMS 0x00000000dca00000| PB 0x00000000dca00000| Untracked 
|1483|0x00000000dcb00000, 0x00000000dcb00000, 0x00000000dcc00000|  0%| F|  |TAMS 0x00000000dcb00000| PB 0x00000000dcb00000| Untracked 
|1484|0x00000000dcc00000, 0x00000000dcc00000, 0x00000000dcd00000|  0%| F|  |TAMS 0x00000000dcc00000| PB 0x00000000dcc00000| Untracked 
|1485|0x00000000dcd00000, 0x00000000dcd00000, 0x00000000dce00000|  0%| F|  |TAMS 0x00000000dcd00000| PB 0x00000000dcd00000| Untracked 
|1486|0x00000000dce00000, 0x00000000dce00000, 0x00000000dcf00000|  0%| F|  |TAMS 0x00000000dce00000| PB 0x00000000dce00000| Untracked 
|1487|0x00000000dcf00000, 0x00000000dcf00000, 0x00000000dd000000|  0%| F|  |TAMS 0x00000000dcf00000| PB 0x00000000dcf00000| Untracked 
|1488|0x00000000dd000000, 0x00000000dd000000, 0x00000000dd100000|  0%| F|  |TAMS 0x00000000dd000000| PB 0x00000000dd000000| Untracked 
|1489|0x00000000dd100000, 0x00000000dd100000, 0x00000000dd200000|  0%| F|  |TAMS 0x00000000dd100000| PB 0x00000000dd100000| Untracked 
|1490|0x00000000dd200000, 0x00000000dd200000, 0x00000000dd300000|  0%| F|  |TAMS 0x00000000dd200000| PB 0x00000000dd200000| Untracked 
|1491|0x00000000dd300000, 0x00000000dd300000, 0x00000000dd400000|  0%| F|  |TAMS 0x00000000dd300000| PB 0x00000000dd300000| Untracked 
|1492|0x00000000dd400000, 0x00000000dd400000, 0x00000000dd500000|  0%| F|  |TAMS 0x00000000dd400000| PB 0x00000000dd400000| Untracked 
|1493|0x00000000dd500000, 0x00000000dd500000, 0x00000000dd600000|  0%| F|  |TAMS 0x00000000dd500000| PB 0x00000000dd500000| Untracked 
|1494|0x00000000dd600000, 0x00000000dd600000, 0x00000000dd700000|  0%| F|  |TAMS 0x00000000dd600000| PB 0x00000000dd600000| Untracked 
|1495|0x00000000dd700000, 0x00000000dd700000, 0x00000000dd800000|  0%| F|  |TAMS 0x00000000dd700000| PB 0x00000000dd700000| Untracked 
|1496|0x00000000dd800000, 0x00000000dd800000, 0x00000000dd900000|  0%| F|  |TAMS 0x00000000dd800000| PB 0x00000000dd800000| Untracked 
|1497|0x00000000dd900000, 0x00000000dd900000, 0x00000000dda00000|  0%| F|  |TAMS 0x00000000dd900000| PB 0x00000000dd900000| Untracked 
|1498|0x00000000dda00000, 0x00000000dda00000, 0x00000000ddb00000|  0%| F|  |TAMS 0x00000000dda00000| PB 0x00000000dda00000| Untracked 
|1499|0x00000000ddb00000, 0x00000000ddb00000, 0x00000000ddc00000|  0%| F|  |TAMS 0x00000000ddb00000| PB 0x00000000ddb00000| Untracked 
|1500|0x00000000ddc00000, 0x00000000ddc00000, 0x00000000ddd00000|  0%| F|  |TAMS 0x00000000ddc00000| PB 0x00000000ddc00000| Untracked 
|1501|0x00000000ddd00000, 0x00000000ddd00000, 0x00000000dde00000|  0%| F|  |TAMS 0x00000000ddd00000| PB 0x00000000ddd00000| Untracked 
|1502|0x00000000dde00000, 0x00000000dde00000, 0x00000000ddf00000|  0%| F|  |TAMS 0x00000000dde00000| PB 0x00000000dde00000| Untracked 
|1503|0x00000000ddf00000, 0x00000000ddf00000, 0x00000000de000000|  0%| F|  |TAMS 0x00000000ddf00000| PB 0x00000000ddf00000| Untracked 
|1504|0x00000000de000000, 0x00000000de000000, 0x00000000de100000|  0%| F|  |TAMS 0x00000000de000000| PB 0x00000000de000000| Untracked 
|1505|0x00000000de100000, 0x00000000de100000, 0x00000000de200000|  0%| F|  |TAMS 0x00000000de100000| PB 0x00000000de100000| Untracked 
|1506|0x00000000de200000, 0x00000000de200000, 0x00000000de300000|  0%| F|  |TAMS 0x00000000de200000| PB 0x00000000de200000| Untracked 
|1507|0x00000000de300000, 0x00000000de300000, 0x00000000de400000|  0%| F|  |TAMS 0x00000000de300000| PB 0x00000000de300000| Untracked 
|1508|0x00000000de400000, 0x00000000de400000, 0x00000000de500000|  0%| F|  |TAMS 0x00000000de400000| PB 0x00000000de400000| Untracked 
|1509|0x00000000de500000, 0x00000000de500000, 0x00000000de600000|  0%| F|  |TAMS 0x00000000de500000| PB 0x00000000de500000| Untracked 
|1510|0x00000000de600000, 0x00000000de600000, 0x00000000de700000|  0%| F|  |TAMS 0x00000000de600000| PB 0x00000000de600000| Untracked 
|1511|0x00000000de700000, 0x00000000de700000, 0x00000000de800000|  0%| F|  |TAMS 0x00000000de700000| PB 0x00000000de700000| Untracked 
|1512|0x00000000de800000, 0x00000000de800000, 0x00000000de900000|  0%| F|  |TAMS 0x00000000de800000| PB 0x00000000de800000| Untracked 
|1513|0x00000000de900000, 0x00000000de900000, 0x00000000dea00000|  0%| F|  |TAMS 0x00000000de900000| PB 0x00000000de900000| Untracked 
|1514|0x00000000dea00000, 0x00000000dea00000, 0x00000000deb00000|  0%| F|  |TAMS 0x00000000dea00000| PB 0x00000000dea00000| Untracked 
|1515|0x00000000deb00000, 0x00000000deb00000, 0x00000000dec00000|  0%| F|  |TAMS 0x00000000deb00000| PB 0x00000000deb00000| Untracked 
|1516|0x00000000dec00000, 0x00000000dec00000, 0x00000000ded00000|  0%| F|  |TAMS 0x00000000dec00000| PB 0x00000000dec00000| Untracked 
|1517|0x00000000ded00000, 0x00000000ded00000, 0x00000000dee00000|  0%| F|  |TAMS 0x00000000ded00000| PB 0x00000000ded00000| Untracked 
|1518|0x00000000dee00000, 0x00000000dee00000, 0x00000000def00000|  0%| F|  |TAMS 0x00000000dee00000| PB 0x00000000dee00000| Untracked 
|1519|0x00000000def00000, 0x00000000def00000, 0x00000000df000000|  0%| F|  |TAMS 0x00000000def00000| PB 0x00000000def00000| Untracked 
|1520|0x00000000df000000, 0x00000000df000000, 0x00000000df100000|  0%| F|  |TAMS 0x00000000df000000| PB 0x00000000df000000| Untracked 
|1521|0x00000000df100000, 0x00000000df100000, 0x00000000df200000|  0%| F|  |TAMS 0x00000000df100000| PB 0x00000000df100000| Untracked 
|1522|0x00000000df200000, 0x00000000df200000, 0x00000000df300000|  0%| F|  |TAMS 0x00000000df200000| PB 0x00000000df200000| Untracked 
|1523|0x00000000df300000, 0x00000000df300000, 0x00000000df400000|  0%| F|  |TAMS 0x00000000df300000| PB 0x00000000df300000| Untracked 
|1524|0x00000000df400000, 0x00000000df400000, 0x00000000df500000|  0%| F|  |TAMS 0x00000000df400000| PB 0x00000000df400000| Untracked 
|1525|0x00000000df500000, 0x00000000df500000, 0x00000000df600000|  0%| F|  |TAMS 0x00000000df500000| PB 0x00000000df500000| Untracked 
|1526|0x00000000df600000, 0x00000000df600000, 0x00000000df700000|  0%| F|  |TAMS 0x00000000df600000| PB 0x00000000df600000| Untracked 
|1527|0x00000000df700000, 0x00000000df700000, 0x00000000df800000|  0%| F|  |TAMS 0x00000000df700000| PB 0x00000000df700000| Untracked 
|1528|0x00000000df800000, 0x00000000df800000, 0x00000000df900000|  0%| F|  |TAMS 0x00000000df800000| PB 0x00000000df800000| Untracked 
|1529|0x00000000df900000, 0x00000000df900000, 0x00000000dfa00000|  0%| F|  |TAMS 0x00000000df900000| PB 0x00000000df900000| Untracked 
|1530|0x00000000dfa00000, 0x00000000dfa00000, 0x00000000dfb00000|  0%| F|  |TAMS 0x00000000dfa00000| PB 0x00000000dfa00000| Untracked 
|1531|0x00000000dfb00000, 0x00000000dfb00000, 0x00000000dfc00000|  0%| F|  |TAMS 0x00000000dfb00000| PB 0x00000000dfb00000| Untracked 
|1532|0x00000000dfc00000, 0x00000000dfc00000, 0x00000000dfd00000|  0%| F|  |TAMS 0x00000000dfc00000| PB 0x00000000dfc00000| Untracked 
|1533|0x00000000dfd00000, 0x00000000dfd00000, 0x00000000dfe00000|  0%| F|  |TAMS 0x00000000dfd00000| PB 0x00000000dfd00000| Untracked 
|1534|0x00000000dfe00000, 0x00000000dfe00000, 0x00000000dff00000|  0%| F|  |TAMS 0x00000000dfe00000| PB 0x00000000dfe00000| Untracked 
|1535|0x00000000dff00000, 0x00000000dff00000, 0x00000000e0000000|  0%| F|  |TAMS 0x00000000dff00000| PB 0x00000000dff00000| Untracked 
|1536|0x00000000e0000000, 0x00000000e0000000, 0x00000000e0100000|  0%| F|  |TAMS 0x00000000e0000000| PB 0x00000000e0000000| Untracked 
|1537|0x00000000e0100000, 0x00000000e0100000, 0x00000000e0200000|  0%| F|  |TAMS 0x00000000e0100000| PB 0x00000000e0100000| Untracked 
|1538|0x00000000e0200000, 0x00000000e0200000, 0x00000000e0300000|  0%| F|  |TAMS 0x00000000e0200000| PB 0x00000000e0200000| Untracked 
|1539|0x00000000e0300000, 0x00000000e0300000, 0x00000000e0400000|  0%| F|  |TAMS 0x00000000e0300000| PB 0x00000000e0300000| Untracked 
|1540|0x00000000e0400000, 0x00000000e0400000, 0x00000000e0500000|  0%| F|  |TAMS 0x00000000e0400000| PB 0x00000000e0400000| Untracked 
|1541|0x00000000e0500000, 0x00000000e0500000, 0x00000000e0600000|  0%| F|  |TAMS 0x00000000e0500000| PB 0x00000000e0500000| Untracked 
|1542|0x00000000e0600000, 0x00000000e0600000, 0x00000000e0700000|  0%| F|  |TAMS 0x00000000e0600000| PB 0x00000000e0600000| Untracked 
|1543|0x00000000e0700000, 0x00000000e0700000, 0x00000000e0800000|  0%| F|  |TAMS 0x00000000e0700000| PB 0x00000000e0700000| Untracked 
|1544|0x00000000e0800000, 0x00000000e0800000, 0x00000000e0900000|  0%| F|  |TAMS 0x00000000e0800000| PB 0x00000000e0800000| Untracked 
|1545|0x00000000e0900000, 0x00000000e0900000, 0x00000000e0a00000|  0%| F|  |TAMS 0x00000000e0900000| PB 0x00000000e0900000| Untracked 
|1546|0x00000000e0a00000, 0x00000000e0a00000, 0x00000000e0b00000|  0%| F|  |TAMS 0x00000000e0a00000| PB 0x00000000e0a00000| Untracked 
|1547|0x00000000e0b00000, 0x00000000e0b00000, 0x00000000e0c00000|  0%| F|  |TAMS 0x00000000e0b00000| PB 0x00000000e0b00000| Untracked 
|1548|0x00000000e0c00000, 0x00000000e0c00000, 0x00000000e0d00000|  0%| F|  |TAMS 0x00000000e0c00000| PB 0x00000000e0c00000| Untracked 
|1549|0x00000000e0d00000, 0x00000000e0d00000, 0x00000000e0e00000|  0%| F|  |TAMS 0x00000000e0d00000| PB 0x00000000e0d00000| Untracked 
|1550|0x00000000e0e00000, 0x00000000e0e00000, 0x00000000e0f00000|  0%| F|  |TAMS 0x00000000e0e00000| PB 0x00000000e0e00000| Untracked 
|1551|0x00000000e0f00000, 0x00000000e0f00000, 0x00000000e1000000|  0%| F|  |TAMS 0x00000000e0f00000| PB 0x00000000e0f00000| Untracked 
|1552|0x00000000e1000000, 0x00000000e1000000, 0x00000000e1100000|  0%| F|  |TAMS 0x00000000e1000000| PB 0x00000000e1000000| Untracked 
|1553|0x00000000e1100000, 0x00000000e1100000, 0x00000000e1200000|  0%| F|  |TAMS 0x00000000e1100000| PB 0x00000000e1100000| Untracked 
|1554|0x00000000e1200000, 0x00000000e1200000, 0x00000000e1300000|  0%| F|  |TAMS 0x00000000e1200000| PB 0x00000000e1200000| Untracked 
|1555|0x00000000e1300000, 0x00000000e1300000, 0x00000000e1400000|  0%| F|  |TAMS 0x00000000e1300000| PB 0x00000000e1300000| Untracked 
|1556|0x00000000e1400000, 0x00000000e1400000, 0x00000000e1500000|  0%| F|  |TAMS 0x00000000e1400000| PB 0x00000000e1400000| Untracked 
|1557|0x00000000e1500000, 0x00000000e1500000, 0x00000000e1600000|  0%| F|  |TAMS 0x00000000e1500000| PB 0x00000000e1500000| Untracked 
|1558|0x00000000e1600000, 0x00000000e1600000, 0x00000000e1700000|  0%| F|  |TAMS 0x00000000e1600000| PB 0x00000000e1600000| Untracked 
|1559|0x00000000e1700000, 0x00000000e1700000, 0x00000000e1800000|  0%| F|  |TAMS 0x00000000e1700000| PB 0x00000000e1700000| Untracked 
|1560|0x00000000e1800000, 0x00000000e1800000, 0x00000000e1900000|  0%| F|  |TAMS 0x00000000e1800000| PB 0x00000000e1800000| Untracked 
|1561|0x00000000e1900000, 0x00000000e1900000, 0x00000000e1a00000|  0%| F|  |TAMS 0x00000000e1900000| PB 0x00000000e1900000| Untracked 
|1562|0x00000000e1a00000, 0x00000000e1a00000, 0x00000000e1b00000|  0%| F|  |TAMS 0x00000000e1a00000| PB 0x00000000e1a00000| Untracked 
|1563|0x00000000e1b00000, 0x00000000e1b00000, 0x00000000e1c00000|  0%| F|  |TAMS 0x00000000e1b00000| PB 0x00000000e1b00000| Untracked 
|1564|0x00000000e1c00000, 0x00000000e1c00000, 0x00000000e1d00000|  0%| F|  |TAMS 0x00000000e1c00000| PB 0x00000000e1c00000| Untracked 
|1565|0x00000000e1d00000, 0x00000000e1d00000, 0x00000000e1e00000|  0%| F|  |TAMS 0x00000000e1d00000| PB 0x00000000e1d00000| Untracked 
|1566|0x00000000e1e00000, 0x00000000e1e00000, 0x00000000e1f00000|  0%| F|  |TAMS 0x00000000e1e00000| PB 0x00000000e1e00000| Untracked 
|1567|0x00000000e1f00000, 0x00000000e1f00000, 0x00000000e2000000|  0%| F|  |TAMS 0x00000000e1f00000| PB 0x00000000e1f00000| Untracked 
|1568|0x00000000e2000000, 0x00000000e2000000, 0x00000000e2100000|  0%| F|  |TAMS 0x00000000e2000000| PB 0x00000000e2000000| Untracked 
|1569|0x00000000e2100000, 0x00000000e2100000, 0x00000000e2200000|  0%| F|  |TAMS 0x00000000e2100000| PB 0x00000000e2100000| Untracked 
|1570|0x00000000e2200000, 0x00000000e2200000, 0x00000000e2300000|  0%| F|  |TAMS 0x00000000e2200000| PB 0x00000000e2200000| Untracked 
|1571|0x00000000e2300000, 0x00000000e2300000, 0x00000000e2400000|  0%| F|  |TAMS 0x00000000e2300000| PB 0x00000000e2300000| Untracked 
|1572|0x00000000e2400000, 0x00000000e2400000, 0x00000000e2500000|  0%| F|  |TAMS 0x00000000e2400000| PB 0x00000000e2400000| Untracked 
|1573|0x00000000e2500000, 0x00000000e2500000, 0x00000000e2600000|  0%| F|  |TAMS 0x00000000e2500000| PB 0x00000000e2500000| Untracked 
|1574|0x00000000e2600000, 0x00000000e2600000, 0x00000000e2700000|  0%| F|  |TAMS 0x00000000e2600000| PB 0x00000000e2600000| Untracked 
|1575|0x00000000e2700000, 0x00000000e2700000, 0x00000000e2800000|  0%| F|  |TAMS 0x00000000e2700000| PB 0x00000000e2700000| Untracked 
|1576|0x00000000e2800000, 0x00000000e2800000, 0x00000000e2900000|  0%| F|  |TAMS 0x00000000e2800000| PB 0x00000000e2800000| Untracked 
|1577|0x00000000e2900000, 0x00000000e2900000, 0x00000000e2a00000|  0%| F|  |TAMS 0x00000000e2900000| PB 0x00000000e2900000| Untracked 
|1578|0x00000000e2a00000, 0x00000000e2a00000, 0x00000000e2b00000|  0%| F|  |TAMS 0x00000000e2a00000| PB 0x00000000e2a00000| Untracked 
|1579|0x00000000e2b00000, 0x00000000e2b00000, 0x00000000e2c00000|  0%| F|  |TAMS 0x00000000e2b00000| PB 0x00000000e2b00000| Untracked 
|1580|0x00000000e2c00000, 0x00000000e2c00000, 0x00000000e2d00000|  0%| F|  |TAMS 0x00000000e2c00000| PB 0x00000000e2c00000| Untracked 
|1581|0x00000000e2d00000, 0x00000000e2d00000, 0x00000000e2e00000|  0%| F|  |TAMS 0x00000000e2d00000| PB 0x00000000e2d00000| Untracked 
|1582|0x00000000e2e00000, 0x00000000e2e00000, 0x00000000e2f00000|  0%| F|  |TAMS 0x00000000e2e00000| PB 0x00000000e2e00000| Untracked 
|1583|0x00000000e2f00000, 0x00000000e2f00000, 0x00000000e3000000|  0%| F|  |TAMS 0x00000000e2f00000| PB 0x00000000e2f00000| Untracked 
|1584|0x00000000e3000000, 0x00000000e3000000, 0x00000000e3100000|  0%| F|  |TAMS 0x00000000e3000000| PB 0x00000000e3000000| Untracked 
|1585|0x00000000e3100000, 0x00000000e3100000, 0x00000000e3200000|  0%| F|  |TAMS 0x00000000e3100000| PB 0x00000000e3100000| Untracked 
|1586|0x00000000e3200000, 0x00000000e3200000, 0x00000000e3300000|  0%| F|  |TAMS 0x00000000e3200000| PB 0x00000000e3200000| Untracked 
|1587|0x00000000e3300000, 0x00000000e3300000, 0x00000000e3400000|  0%| F|  |TAMS 0x00000000e3300000| PB 0x00000000e3300000| Untracked 
|1588|0x00000000e3400000, 0x00000000e3400000, 0x00000000e3500000|  0%| F|  |TAMS 0x00000000e3400000| PB 0x00000000e3400000| Untracked 
|1589|0x00000000e3500000, 0x00000000e3500000, 0x00000000e3600000|  0%| F|  |TAMS 0x00000000e3500000| PB 0x00000000e3500000| Untracked 
|1590|0x00000000e3600000, 0x00000000e3600000, 0x00000000e3700000|  0%| F|  |TAMS 0x00000000e3600000| PB 0x00000000e3600000| Untracked 
|1591|0x00000000e3700000, 0x00000000e3700000, 0x00000000e3800000|  0%| F|  |TAMS 0x00000000e3700000| PB 0x00000000e3700000| Untracked 
|1592|0x00000000e3800000, 0x00000000e3800000, 0x00000000e3900000|  0%| F|  |TAMS 0x00000000e3800000| PB 0x00000000e3800000| Untracked 
|1593|0x00000000e3900000, 0x00000000e3900000, 0x00000000e3a00000|  0%| F|  |TAMS 0x00000000e3900000| PB 0x00000000e3900000| Untracked 
|1594|0x00000000e3a00000, 0x00000000e3a00000, 0x00000000e3b00000|  0%| F|  |TAMS 0x00000000e3a00000| PB 0x00000000e3a00000| Untracked 
|1595|0x00000000e3b00000, 0x00000000e3b00000, 0x00000000e3c00000|  0%| F|  |TAMS 0x00000000e3b00000| PB 0x00000000e3b00000| Untracked 
|1596|0x00000000e3c00000, 0x00000000e3c00000, 0x00000000e3d00000|  0%| F|  |TAMS 0x00000000e3c00000| PB 0x00000000e3c00000| Untracked 
|1597|0x00000000e3d00000, 0x00000000e3d00000, 0x00000000e3e00000|  0%| F|  |TAMS 0x00000000e3d00000| PB 0x00000000e3d00000| Untracked 
|1598|0x00000000e3e00000, 0x00000000e3e00000, 0x00000000e3f00000|  0%| F|  |TAMS 0x00000000e3e00000| PB 0x00000000e3e00000| Untracked 
|1599|0x00000000e3f00000, 0x00000000e3f00000, 0x00000000e4000000|  0%| F|  |TAMS 0x00000000e3f00000| PB 0x00000000e3f00000| Untracked 
|1600|0x00000000e4000000, 0x00000000e4000000, 0x00000000e4100000|  0%| F|  |TAMS 0x00000000e4000000| PB 0x00000000e4000000| Untracked 
|1601|0x00000000e4100000, 0x00000000e4100000, 0x00000000e4200000|  0%| F|  |TAMS 0x00000000e4100000| PB 0x00000000e4100000| Untracked 
|1602|0x00000000e4200000, 0x00000000e4200000, 0x00000000e4300000|  0%| F|  |TAMS 0x00000000e4200000| PB 0x00000000e4200000| Untracked 
|1603|0x00000000e4300000, 0x00000000e4300000, 0x00000000e4400000|  0%| F|  |TAMS 0x00000000e4300000| PB 0x00000000e4300000| Untracked 
|1604|0x00000000e4400000, 0x00000000e4400000, 0x00000000e4500000|  0%| F|  |TAMS 0x00000000e4400000| PB 0x00000000e4400000| Untracked 
|1605|0x00000000e4500000, 0x00000000e4500000, 0x00000000e4600000|  0%| F|  |TAMS 0x00000000e4500000| PB 0x00000000e4500000| Untracked 
|1606|0x00000000e4600000, 0x00000000e4600000, 0x00000000e4700000|  0%| F|  |TAMS 0x00000000e4600000| PB 0x00000000e4600000| Untracked 
|1607|0x00000000e4700000, 0x00000000e4700000, 0x00000000e4800000|  0%| F|  |TAMS 0x00000000e4700000| PB 0x00000000e4700000| Untracked 
|1608|0x00000000e4800000, 0x00000000e4800000, 0x00000000e4900000|  0%| F|  |TAMS 0x00000000e4800000| PB 0x00000000e4800000| Untracked 
|1609|0x00000000e4900000, 0x00000000e4900000, 0x00000000e4a00000|  0%| F|  |TAMS 0x00000000e4900000| PB 0x00000000e4900000| Untracked 
|1610|0x00000000e4a00000, 0x00000000e4a00000, 0x00000000e4b00000|  0%| F|  |TAMS 0x00000000e4a00000| PB 0x00000000e4a00000| Untracked 
|1611|0x00000000e4b00000, 0x00000000e4b00000, 0x00000000e4c00000|  0%| F|  |TAMS 0x00000000e4b00000| PB 0x00000000e4b00000| Untracked 
|1612|0x00000000e4c00000, 0x00000000e4c00000, 0x00000000e4d00000|  0%| F|  |TAMS 0x00000000e4c00000| PB 0x00000000e4c00000| Untracked 
|1613|0x00000000e4d00000, 0x00000000e4d00000, 0x00000000e4e00000|  0%| F|  |TAMS 0x00000000e4d00000| PB 0x00000000e4d00000| Untracked 
|1614|0x00000000e4e00000, 0x00000000e4e00000, 0x00000000e4f00000|  0%| F|  |TAMS 0x00000000e4e00000| PB 0x00000000e4e00000| Untracked 
|1615|0x00000000e4f00000, 0x00000000e4f00000, 0x00000000e5000000|  0%| F|  |TAMS 0x00000000e4f00000| PB 0x00000000e4f00000| Untracked 
|1616|0x00000000e5000000, 0x00000000e5000000, 0x00000000e5100000|  0%| F|  |TAMS 0x00000000e5000000| PB 0x00000000e5000000| Untracked 
|1617|0x00000000e5100000, 0x00000000e5100000, 0x00000000e5200000|  0%| F|  |TAMS 0x00000000e5100000| PB 0x00000000e5100000| Untracked 
|1618|0x00000000e5200000, 0x00000000e5200000, 0x00000000e5300000|  0%| F|  |TAMS 0x00000000e5200000| PB 0x00000000e5200000| Untracked 
|1619|0x00000000e5300000, 0x00000000e5300000, 0x00000000e5400000|  0%| F|  |TAMS 0x00000000e5300000| PB 0x00000000e5300000| Untracked 
|1620|0x00000000e5400000, 0x00000000e5400000, 0x00000000e5500000|  0%| F|  |TAMS 0x00000000e5400000| PB 0x00000000e5400000| Untracked 
|1621|0x00000000e5500000, 0x00000000e5500000, 0x00000000e5600000|  0%| F|  |TAMS 0x00000000e5500000| PB 0x00000000e5500000| Untracked 
|1622|0x00000000e5600000, 0x00000000e5600000, 0x00000000e5700000|  0%| F|  |TAMS 0x00000000e5600000| PB 0x00000000e5600000| Untracked 
|1623|0x00000000e5700000, 0x00000000e5700000, 0x00000000e5800000|  0%| F|  |TAMS 0x00000000e5700000| PB 0x00000000e5700000| Untracked 
|1624|0x00000000e5800000, 0x00000000e5800000, 0x00000000e5900000|  0%| F|  |TAMS 0x00000000e5800000| PB 0x00000000e5800000| Untracked 
|1625|0x00000000e5900000, 0x00000000e5900000, 0x00000000e5a00000|  0%| F|  |TAMS 0x00000000e5900000| PB 0x00000000e5900000| Untracked 
|1626|0x00000000e5a00000, 0x00000000e5a00000, 0x00000000e5b00000|  0%| F|  |TAMS 0x00000000e5a00000| PB 0x00000000e5a00000| Untracked 
|1627|0x00000000e5b00000, 0x00000000e5b00000, 0x00000000e5c00000|  0%| F|  |TAMS 0x00000000e5b00000| PB 0x00000000e5b00000| Untracked 
|1628|0x00000000e5c00000, 0x00000000e5c00000, 0x00000000e5d00000|  0%| F|  |TAMS 0x00000000e5c00000| PB 0x00000000e5c00000| Untracked 
|1629|0x00000000e5d00000, 0x00000000e5d00000, 0x00000000e5e00000|  0%| F|  |TAMS 0x00000000e5d00000| PB 0x00000000e5d00000| Untracked 
|1630|0x00000000e5e00000, 0x00000000e5e00000, 0x00000000e5f00000|  0%| F|  |TAMS 0x00000000e5e00000| PB 0x00000000e5e00000| Untracked 
|1631|0x00000000e5f00000, 0x00000000e5f00000, 0x00000000e6000000|  0%| F|  |TAMS 0x00000000e5f00000| PB 0x00000000e5f00000| Untracked 
|1632|0x00000000e6000000, 0x00000000e6000000, 0x00000000e6100000|  0%| F|  |TAMS 0x00000000e6000000| PB 0x00000000e6000000| Untracked 
|1633|0x00000000e6100000, 0x00000000e6100000, 0x00000000e6200000|  0%| F|  |TAMS 0x00000000e6100000| PB 0x00000000e6100000| Untracked 
|1634|0x00000000e6200000, 0x00000000e6200000, 0x00000000e6300000|  0%| F|  |TAMS 0x00000000e6200000| PB 0x00000000e6200000| Untracked 
|1635|0x00000000e6300000, 0x00000000e6300000, 0x00000000e6400000|  0%| F|  |TAMS 0x00000000e6300000| PB 0x00000000e6300000| Untracked 
|1636|0x00000000e6400000, 0x00000000e6400000, 0x00000000e6500000|  0%| F|  |TAMS 0x00000000e6400000| PB 0x00000000e6400000| Untracked 
|1637|0x00000000e6500000, 0x00000000e6500000, 0x00000000e6600000|  0%| F|  |TAMS 0x00000000e6500000| PB 0x00000000e6500000| Untracked 
|1638|0x00000000e6600000, 0x00000000e6600000, 0x00000000e6700000|  0%| F|  |TAMS 0x00000000e6600000| PB 0x00000000e6600000| Untracked 
|1639|0x00000000e6700000, 0x00000000e6700000, 0x00000000e6800000|  0%| F|  |TAMS 0x00000000e6700000| PB 0x00000000e6700000| Untracked 
|1640|0x00000000e6800000, 0x00000000e6800000, 0x00000000e6900000|  0%| F|  |TAMS 0x00000000e6800000| PB 0x00000000e6800000| Untracked 
|1641|0x00000000e6900000, 0x00000000e6900000, 0x00000000e6a00000|  0%| F|  |TAMS 0x00000000e6900000| PB 0x00000000e6900000| Untracked 
|1642|0x00000000e6a00000, 0x00000000e6a00000, 0x00000000e6b00000|  0%| F|  |TAMS 0x00000000e6a00000| PB 0x00000000e6a00000| Untracked 
|1643|0x00000000e6b00000, 0x00000000e6b00000, 0x00000000e6c00000|  0%| F|  |TAMS 0x00000000e6b00000| PB 0x00000000e6b00000| Untracked 
|1644|0x00000000e6c00000, 0x00000000e6c00000, 0x00000000e6d00000|  0%| F|  |TAMS 0x00000000e6c00000| PB 0x00000000e6c00000| Untracked 
|1645|0x00000000e6d00000, 0x00000000e6d00000, 0x00000000e6e00000|  0%| F|  |TAMS 0x00000000e6d00000| PB 0x00000000e6d00000| Untracked 
|1646|0x00000000e6e00000, 0x00000000e6e00000, 0x00000000e6f00000|  0%| F|  |TAMS 0x00000000e6e00000| PB 0x00000000e6e00000| Untracked 
|1647|0x00000000e6f00000, 0x00000000e6f00000, 0x00000000e7000000|  0%| F|  |TAMS 0x00000000e6f00000| PB 0x00000000e6f00000| Untracked 
|1648|0x00000000e7000000, 0x00000000e7000000, 0x00000000e7100000|  0%| F|  |TAMS 0x00000000e7000000| PB 0x00000000e7000000| Untracked 
|1649|0x00000000e7100000, 0x00000000e7100000, 0x00000000e7200000|  0%| F|  |TAMS 0x00000000e7100000| PB 0x00000000e7100000| Untracked 
|1650|0x00000000e7200000, 0x00000000e7200000, 0x00000000e7300000|  0%| F|  |TAMS 0x00000000e7200000| PB 0x00000000e7200000| Untracked 
|1651|0x00000000e7300000, 0x00000000e7300000, 0x00000000e7400000|  0%| F|  |TAMS 0x00000000e7300000| PB 0x00000000e7300000| Untracked 
|1652|0x00000000e7400000, 0x00000000e7400000, 0x00000000e7500000|  0%| F|  |TAMS 0x00000000e7400000| PB 0x00000000e7400000| Untracked 
|1653|0x00000000e7500000, 0x00000000e7500000, 0x00000000e7600000|  0%| F|  |TAMS 0x00000000e7500000| PB 0x00000000e7500000| Untracked 
|1654|0x00000000e7600000, 0x00000000e7600000, 0x00000000e7700000|  0%| F|  |TAMS 0x00000000e7600000| PB 0x00000000e7600000| Untracked 
|1655|0x00000000e7700000, 0x00000000e7700000, 0x00000000e7800000|  0%| F|  |TAMS 0x00000000e7700000| PB 0x00000000e7700000| Untracked 
|1656|0x00000000e7800000, 0x00000000e7800000, 0x00000000e7900000|  0%| F|  |TAMS 0x00000000e7800000| PB 0x00000000e7800000| Untracked 
|1657|0x00000000e7900000, 0x00000000e7900000, 0x00000000e7a00000|  0%| F|  |TAMS 0x00000000e7900000| PB 0x00000000e7900000| Untracked 
|1658|0x00000000e7a00000, 0x00000000e7a00000, 0x00000000e7b00000|  0%| F|  |TAMS 0x00000000e7a00000| PB 0x00000000e7a00000| Untracked 
|1659|0x00000000e7b00000, 0x00000000e7b00000, 0x00000000e7c00000|  0%| F|  |TAMS 0x00000000e7b00000| PB 0x00000000e7b00000| Untracked 
|1660|0x00000000e7c00000, 0x00000000e7c00000, 0x00000000e7d00000|  0%| F|  |TAMS 0x00000000e7c00000| PB 0x00000000e7c00000| Untracked 
|1661|0x00000000e7d00000, 0x00000000e7d00000, 0x00000000e7e00000|  0%| F|  |TAMS 0x00000000e7d00000| PB 0x00000000e7d00000| Untracked 
|1662|0x00000000e7e00000, 0x00000000e7e00000, 0x00000000e7f00000|  0%| F|  |TAMS 0x00000000e7e00000| PB 0x00000000e7e00000| Untracked 
|1663|0x00000000e7f00000, 0x00000000e7f00000, 0x00000000e8000000|  0%| F|  |TAMS 0x00000000e7f00000| PB 0x00000000e7f00000| Untracked 
|1664|0x00000000e8000000, 0x00000000e8000000, 0x00000000e8100000|  0%| F|  |TAMS 0x00000000e8000000| PB 0x00000000e8000000| Untracked 
|1665|0x00000000e8100000, 0x00000000e8100000, 0x00000000e8200000|  0%| F|  |TAMS 0x00000000e8100000| PB 0x00000000e8100000| Untracked 
|1666|0x00000000e8200000, 0x00000000e8200000, 0x00000000e8300000|  0%| F|  |TAMS 0x00000000e8200000| PB 0x00000000e8200000| Untracked 
|1667|0x00000000e8300000, 0x00000000e8300000, 0x00000000e8400000|  0%| F|  |TAMS 0x00000000e8300000| PB 0x00000000e8300000| Untracked 
|1668|0x00000000e8400000, 0x00000000e8400000, 0x00000000e8500000|  0%| F|  |TAMS 0x00000000e8400000| PB 0x00000000e8400000| Untracked 
|1669|0x00000000e8500000, 0x00000000e8500000, 0x00000000e8600000|  0%| F|  |TAMS 0x00000000e8500000| PB 0x00000000e8500000| Untracked 
|1670|0x00000000e8600000, 0x00000000e8600000, 0x00000000e8700000|  0%| F|  |TAMS 0x00000000e8600000| PB 0x00000000e8600000| Untracked 
|1671|0x00000000e8700000, 0x00000000e8700000, 0x00000000e8800000|  0%| F|  |TAMS 0x00000000e8700000| PB 0x00000000e8700000| Untracked 
|1672|0x00000000e8800000, 0x00000000e8800000, 0x00000000e8900000|  0%| F|  |TAMS 0x00000000e8800000| PB 0x00000000e8800000| Untracked 
|1673|0x00000000e8900000, 0x00000000e8900000, 0x00000000e8a00000|  0%| F|  |TAMS 0x00000000e8900000| PB 0x00000000e8900000| Untracked 
|1674|0x00000000e8a00000, 0x00000000e8a00000, 0x00000000e8b00000|  0%| F|  |TAMS 0x00000000e8a00000| PB 0x00000000e8a00000| Untracked 
|1675|0x00000000e8b00000, 0x00000000e8b00000, 0x00000000e8c00000|  0%| F|  |TAMS 0x00000000e8b00000| PB 0x00000000e8b00000| Untracked 
|1676|0x00000000e8c00000, 0x00000000e8c00000, 0x00000000e8d00000|  0%| F|  |TAMS 0x00000000e8c00000| PB 0x00000000e8c00000| Untracked 
|1677|0x00000000e8d00000, 0x00000000e8d00000, 0x00000000e8e00000|  0%| F|  |TAMS 0x00000000e8d00000| PB 0x00000000e8d00000| Untracked 
|1678|0x00000000e8e00000, 0x00000000e8e00000, 0x00000000e8f00000|  0%| F|  |TAMS 0x00000000e8e00000| PB 0x00000000e8e00000| Untracked 
|1679|0x00000000e8f00000, 0x00000000e8f00000, 0x00000000e9000000|  0%| F|  |TAMS 0x00000000e8f00000| PB 0x00000000e8f00000| Untracked 
|1680|0x00000000e9000000, 0x00000000e9000000, 0x00000000e9100000|  0%| F|  |TAMS 0x00000000e9000000| PB 0x00000000e9000000| Untracked 
|1681|0x00000000e9100000, 0x00000000e9100000, 0x00000000e9200000|  0%| F|  |TAMS 0x00000000e9100000| PB 0x00000000e9100000| Untracked 
|1682|0x00000000e9200000, 0x00000000e9200000, 0x00000000e9300000|  0%| F|  |TAMS 0x00000000e9200000| PB 0x00000000e9200000| Untracked 
|1683|0x00000000e9300000, 0x00000000e9300000, 0x00000000e9400000|  0%| F|  |TAMS 0x00000000e9300000| PB 0x00000000e9300000| Untracked 
|1684|0x00000000e9400000, 0x00000000e9400000, 0x00000000e9500000|  0%| F|  |TAMS 0x00000000e9400000| PB 0x00000000e9400000| Untracked 
|1685|0x00000000e9500000, 0x00000000e9500000, 0x00000000e9600000|  0%| F|  |TAMS 0x00000000e9500000| PB 0x00000000e9500000| Untracked 
|1686|0x00000000e9600000, 0x00000000e9600000, 0x00000000e9700000|  0%| F|  |TAMS 0x00000000e9600000| PB 0x00000000e9600000| Untracked 
|1687|0x00000000e9700000, 0x00000000e9700000, 0x00000000e9800000|  0%| F|  |TAMS 0x00000000e9700000| PB 0x00000000e9700000| Untracked 
|1688|0x00000000e9800000, 0x00000000e9800000, 0x00000000e9900000|  0%| F|  |TAMS 0x00000000e9800000| PB 0x00000000e9800000| Untracked 
|1689|0x00000000e9900000, 0x00000000e9900000, 0x00000000e9a00000|  0%| F|  |TAMS 0x00000000e9900000| PB 0x00000000e9900000| Untracked 
|1690|0x00000000e9a00000, 0x00000000e9a00000, 0x00000000e9b00000|  0%| F|  |TAMS 0x00000000e9a00000| PB 0x00000000e9a00000| Untracked 
|1691|0x00000000e9b00000, 0x00000000e9b00000, 0x00000000e9c00000|  0%| F|  |TAMS 0x00000000e9b00000| PB 0x00000000e9b00000| Untracked 
|1692|0x00000000e9c00000, 0x00000000e9c00000, 0x00000000e9d00000|  0%| F|  |TAMS 0x00000000e9c00000| PB 0x00000000e9c00000| Untracked 
|1693|0x00000000e9d00000, 0x00000000e9d00000, 0x00000000e9e00000|  0%| F|  |TAMS 0x00000000e9d00000| PB 0x00000000e9d00000| Untracked 
|1694|0x00000000e9e00000, 0x00000000e9e00000, 0x00000000e9f00000|  0%| F|  |TAMS 0x00000000e9e00000| PB 0x00000000e9e00000| Untracked 
|1695|0x00000000e9f00000, 0x00000000e9f00000, 0x00000000ea000000|  0%| F|  |TAMS 0x00000000e9f00000| PB 0x00000000e9f00000| Untracked 
|1696|0x00000000ea000000, 0x00000000ea000000, 0x00000000ea100000|  0%| F|  |TAMS 0x00000000ea000000| PB 0x00000000ea000000| Untracked 
|1697|0x00000000ea100000, 0x00000000ea100000, 0x00000000ea200000|  0%| F|  |TAMS 0x00000000ea100000| PB 0x00000000ea100000| Untracked 
|1698|0x00000000ea200000, 0x00000000ea200000, 0x00000000ea300000|  0%| F|  |TAMS 0x00000000ea200000| PB 0x00000000ea200000| Untracked 
|1699|0x00000000ea300000, 0x00000000ea300000, 0x00000000ea400000|  0%| F|  |TAMS 0x00000000ea300000| PB 0x00000000ea300000| Untracked 
|1700|0x00000000ea400000, 0x00000000ea400000, 0x00000000ea500000|  0%| F|  |TAMS 0x00000000ea400000| PB 0x00000000ea400000| Untracked 
|1701|0x00000000ea500000, 0x00000000ea500000, 0x00000000ea600000|  0%| F|  |TAMS 0x00000000ea500000| PB 0x00000000ea500000| Untracked 
|1702|0x00000000ea600000, 0x00000000ea600000, 0x00000000ea700000|  0%| F|  |TAMS 0x00000000ea600000| PB 0x00000000ea600000| Untracked 
|1703|0x00000000ea700000, 0x00000000ea700000, 0x00000000ea800000|  0%| F|  |TAMS 0x00000000ea700000| PB 0x00000000ea700000| Untracked 
|1704|0x00000000ea800000, 0x00000000ea800000, 0x00000000ea900000|  0%| F|  |TAMS 0x00000000ea800000| PB 0x00000000ea800000| Untracked 
|1705|0x00000000ea900000, 0x00000000ea900000, 0x00000000eaa00000|  0%| F|  |TAMS 0x00000000ea900000| PB 0x00000000ea900000| Untracked 
|1706|0x00000000eaa00000, 0x00000000eaa00000, 0x00000000eab00000|  0%| F|  |TAMS 0x00000000eaa00000| PB 0x00000000eaa00000| Untracked 
|1707|0x00000000eab00000, 0x00000000eab00000, 0x00000000eac00000|  0%| F|  |TAMS 0x00000000eab00000| PB 0x00000000eab00000| Untracked 
|1708|0x00000000eac00000, 0x00000000eac00000, 0x00000000ead00000|  0%| F|  |TAMS 0x00000000eac00000| PB 0x00000000eac00000| Untracked 
|1709|0x00000000ead00000, 0x00000000ead00000, 0x00000000eae00000|  0%| F|  |TAMS 0x00000000ead00000| PB 0x00000000ead00000| Untracked 
|1710|0x00000000eae00000, 0x00000000eae00000, 0x00000000eaf00000|  0%| F|  |TAMS 0x00000000eae00000| PB 0x00000000eae00000| Untracked 
|1711|0x00000000eaf00000, 0x00000000eb000000, 0x00000000eb000000|100%| E|  |TAMS 0x00000000eaf00000| PB 0x00000000eaf00000| Complete 
|1712|0x00000000eb000000, 0x00000000eb100000, 0x00000000eb100000|100%| E|  |TAMS 0x00000000eb000000| PB 0x00000000eb000000| Complete 
|1713|0x00000000eb100000, 0x00000000eb200000, 0x00000000eb200000|100%| E|CS|TAMS 0x00000000eb100000| PB 0x00000000eb100000| Complete 
|1714|0x00000000eb200000, 0x00000000eb300000, 0x00000000eb300000|100%| E|CS|TAMS 0x00000000eb200000| PB 0x00000000eb200000| Complete 
|1715|0x00000000eb300000, 0x00000000eb400000, 0x00000000eb400000|100%| E|CS|TAMS 0x00000000eb300000| PB 0x00000000eb300000| Complete 
|1716|0x00000000eb400000, 0x00000000eb500000, 0x00000000eb500000|100%| E|CS|TAMS 0x00000000eb400000| PB 0x00000000eb400000| Complete 
|1717|0x00000000eb500000, 0x00000000eb600000, 0x00000000eb600000|100%| E|CS|TAMS 0x00000000eb500000| PB 0x00000000eb500000| Complete 
|1718|0x00000000eb600000, 0x00000000eb700000, 0x00000000eb700000|100%| E|CS|TAMS 0x00000000eb600000| PB 0x00000000eb600000| Complete 
|1719|0x00000000eb700000, 0x00000000eb800000, 0x00000000eb800000|100%| E|CS|TAMS 0x00000000eb700000| PB 0x00000000eb700000| Complete 
|1720|0x00000000eb800000, 0x00000000eb900000, 0x00000000eb900000|100%| E|CS|TAMS 0x00000000eb800000| PB 0x00000000eb800000| Complete 
|1721|0x00000000eb900000, 0x00000000eba00000, 0x00000000eba00000|100%| E|CS|TAMS 0x00000000eb900000| PB 0x00000000eb900000| Complete 
|1722|0x00000000eba00000, 0x00000000ebb00000, 0x00000000ebb00000|100%| E|CS|TAMS 0x00000000eba00000| PB 0x00000000eba00000| Complete 
|1723|0x00000000ebb00000, 0x00000000ebc00000, 0x00000000ebc00000|100%| E|CS|TAMS 0x00000000ebb00000| PB 0x00000000ebb00000| Complete 
|1724|0x00000000ebc00000, 0x00000000ebd00000, 0x00000000ebd00000|100%| E|CS|TAMS 0x00000000ebc00000| PB 0x00000000ebc00000| Complete 
|1725|0x00000000ebd00000, 0x00000000ebe00000, 0x00000000ebe00000|100%| E|CS|TAMS 0x00000000ebd00000| PB 0x00000000ebd00000| Complete 
|1726|0x00000000ebe00000, 0x00000000ebf00000, 0x00000000ebf00000|100%| E|CS|TAMS 0x00000000ebe00000| PB 0x00000000ebe00000| Complete 
|1727|0x00000000ebf00000, 0x00000000ec000000, 0x00000000ec000000|100%| E|CS|TAMS 0x00000000ebf00000| PB 0x00000000ebf00000| Complete 
|1728|0x00000000ec000000, 0x00000000ec100000, 0x00000000ec100000|100%| E|CS|TAMS 0x00000000ec000000| PB 0x00000000ec000000| Complete 
|1729|0x00000000ec100000, 0x00000000ec200000, 0x00000000ec200000|100%| E|CS|TAMS 0x00000000ec100000| PB 0x00000000ec100000| Complete 
|1730|0x00000000ec200000, 0x00000000ec300000, 0x00000000ec300000|100%| E|CS|TAMS 0x00000000ec200000| PB 0x00000000ec200000| Complete 
|1731|0x00000000ec300000, 0x00000000ec400000, 0x00000000ec400000|100%| E|CS|TAMS 0x00000000ec300000| PB 0x00000000ec300000| Complete 
|1732|0x00000000ec400000, 0x00000000ec500000, 0x00000000ec500000|100%| E|CS|TAMS 0x00000000ec400000| PB 0x00000000ec400000| Complete 
|1733|0x00000000ec500000, 0x00000000ec600000, 0x00000000ec600000|100%| E|CS|TAMS 0x00000000ec500000| PB 0x00000000ec500000| Complete 
|1734|0x00000000ec600000, 0x00000000ec700000, 0x00000000ec700000|100%| E|CS|TAMS 0x00000000ec600000| PB 0x00000000ec600000| Complete 
|1735|0x00000000ec700000, 0x00000000ec800000, 0x00000000ec800000|100%| E|CS|TAMS 0x00000000ec700000| PB 0x00000000ec700000| Complete 
|1736|0x00000000ec800000, 0x00000000ec900000, 0x00000000ec900000|100%| E|CS|TAMS 0x00000000ec800000| PB 0x00000000ec800000| Complete 
|1737|0x00000000ec900000, 0x00000000eca00000, 0x00000000eca00000|100%| E|CS|TAMS 0x00000000ec900000| PB 0x00000000ec900000| Complete 
|1738|0x00000000eca00000, 0x00000000ecb00000, 0x00000000ecb00000|100%| E|CS|TAMS 0x00000000eca00000| PB 0x00000000eca00000| Complete 
|1739|0x00000000ecb00000, 0x00000000ecc00000, 0x00000000ecc00000|100%| E|CS|TAMS 0x00000000ecb00000| PB 0x00000000ecb00000| Complete 
|1740|0x00000000ecc00000, 0x00000000ecd00000, 0x00000000ecd00000|100%| E|CS|TAMS 0x00000000ecc00000| PB 0x00000000ecc00000| Complete 
|1741|0x00000000ecd00000, 0x00000000ece00000, 0x00000000ece00000|100%| E|CS|TAMS 0x00000000ecd00000| PB 0x00000000ecd00000| Complete 
|1742|0x00000000ece00000, 0x00000000ecf00000, 0x00000000ecf00000|100%| E|CS|TAMS 0x00000000ece00000| PB 0x00000000ece00000| Complete 
|1743|0x00000000ecf00000, 0x00000000ed000000, 0x00000000ed000000|100%| E|CS|TAMS 0x00000000ecf00000| PB 0x00000000ecf00000| Complete 
|1744|0x00000000ed000000, 0x00000000ed100000, 0x00000000ed100000|100%| E|CS|TAMS 0x00000000ed000000| PB 0x00000000ed000000| Complete 
|1745|0x00000000ed100000, 0x00000000ed200000, 0x00000000ed200000|100%| E|CS|TAMS 0x00000000ed100000| PB 0x00000000ed100000| Complete 
|1746|0x00000000ed200000, 0x00000000ed300000, 0x00000000ed300000|100%| E|CS|TAMS 0x00000000ed200000| PB 0x00000000ed200000| Complete 
|1747|0x00000000ed300000, 0x00000000ed400000, 0x00000000ed400000|100%| E|CS|TAMS 0x00000000ed300000| PB 0x00000000ed300000| Complete 
|1748|0x00000000ed400000, 0x00000000ed500000, 0x00000000ed500000|100%| E|CS|TAMS 0x00000000ed400000| PB 0x00000000ed400000| Complete 
|1749|0x00000000ed500000, 0x00000000ed600000, 0x00000000ed600000|100%| E|CS|TAMS 0x00000000ed500000| PB 0x00000000ed500000| Complete 
|1750|0x00000000ed600000, 0x00000000ed700000, 0x00000000ed700000|100%| E|CS|TAMS 0x00000000ed600000| PB 0x00000000ed600000| Complete 
|1751|0x00000000ed700000, 0x00000000ed800000, 0x00000000ed800000|100%| E|CS|TAMS 0x00000000ed700000| PB 0x00000000ed700000| Complete 
|1752|0x00000000ed800000, 0x00000000ed900000, 0x00000000ed900000|100%| E|CS|TAMS 0x00000000ed800000| PB 0x00000000ed800000| Complete 
|1753|0x00000000ed900000, 0x00000000eda00000, 0x00000000eda00000|100%| E|CS|TAMS 0x00000000ed900000| PB 0x00000000ed900000| Complete 
|1754|0x00000000eda00000, 0x00000000edb00000, 0x00000000edb00000|100%| E|CS|TAMS 0x00000000eda00000| PB 0x00000000eda00000| Complete 
|1755|0x00000000edb00000, 0x00000000edc00000, 0x00000000edc00000|100%| E|CS|TAMS 0x00000000edb00000| PB 0x00000000edb00000| Complete 
|1756|0x00000000edc00000, 0x00000000edd00000, 0x00000000edd00000|100%| E|CS|TAMS 0x00000000edc00000| PB 0x00000000edc00000| Complete 
|1757|0x00000000edd00000, 0x00000000ede00000, 0x00000000ede00000|100%| E|CS|TAMS 0x00000000edd00000| PB 0x00000000edd00000| Complete 
|1758|0x00000000ede00000, 0x00000000edf00000, 0x00000000edf00000|100%| E|CS|TAMS 0x00000000ede00000| PB 0x00000000ede00000| Complete 
|1759|0x00000000edf00000, 0x00000000ee000000, 0x00000000ee000000|100%| E|CS|TAMS 0x00000000edf00000| PB 0x00000000edf00000| Complete 
|1760|0x00000000ee000000, 0x00000000ee100000, 0x00000000ee100000|100%| E|CS|TAMS 0x00000000ee000000| PB 0x00000000ee000000| Complete 
|1761|0x00000000ee100000, 0x00000000ee200000, 0x00000000ee200000|100%| S|CS|TAMS 0x00000000ee100000| PB 0x00000000ee100000| Complete 
|1762|0x00000000ee200000, 0x00000000ee300000, 0x00000000ee300000|100%| S|CS|TAMS 0x00000000ee200000| PB 0x00000000ee200000| Complete 
|1763|0x00000000ee300000, 0x00000000ee400000, 0x00000000ee400000|100%| S|CS|TAMS 0x00000000ee300000| PB 0x00000000ee300000| Complete 
|1764|0x00000000ee400000, 0x00000000ee500000, 0x00000000ee500000|100%| S|CS|TAMS 0x00000000ee400000| PB 0x00000000ee400000| Complete 
|1765|0x00000000ee500000, 0x00000000ee600000, 0x00000000ee600000|100%| S|CS|TAMS 0x00000000ee500000| PB 0x00000000ee500000| Complete 
|1766|0x00000000ee600000, 0x00000000ee700000, 0x00000000ee700000|100%| S|CS|TAMS 0x00000000ee600000| PB 0x00000000ee600000| Complete 
|1767|0x00000000ee700000, 0x00000000ee800000, 0x00000000ee800000|100%| S|CS|TAMS 0x00000000ee700000| PB 0x00000000ee700000| Complete 
|1768|0x00000000ee800000, 0x00000000ee900000, 0x00000000ee900000|100%| S|CS|TAMS 0x00000000ee800000| PB 0x00000000ee800000| Complete 
|1769|0x00000000ee900000, 0x00000000eea00000, 0x00000000eea00000|100%| S|CS|TAMS 0x00000000ee900000| PB 0x00000000ee900000| Complete 
|1770|0x00000000eea00000, 0x00000000eeb00000, 0x00000000eeb00000|100%| S|CS|TAMS 0x00000000eea00000| PB 0x00000000eea00000| Complete 
|1771|0x00000000eeb00000, 0x00000000eec00000, 0x00000000eec00000|100%| S|CS|TAMS 0x00000000eeb00000| PB 0x00000000eeb00000| Complete 
|1772|0x00000000eec00000, 0x00000000eed00000, 0x00000000eed00000|100%| S|CS|TAMS 0x00000000eec00000| PB 0x00000000eec00000| Complete 
|1773|0x00000000eed00000, 0x00000000eee00000, 0x00000000eee00000|100%| E|CS|TAMS 0x00000000eed00000| PB 0x00000000eed00000| Complete 
|1774|0x00000000eee00000, 0x00000000eef00000, 0x00000000eef00000|100%| E|CS|TAMS 0x00000000eee00000| PB 0x00000000eee00000| Complete 
|1775|0x00000000eef00000, 0x00000000ef000000, 0x00000000ef000000|100%| E|CS|TAMS 0x00000000eef00000| PB 0x00000000eef00000| Complete 
|1776|0x00000000ef000000, 0x00000000ef100000, 0x00000000ef100000|100%| E|CS|TAMS 0x00000000ef000000| PB 0x00000000ef000000| Complete 
|1777|0x00000000ef100000, 0x00000000ef200000, 0x00000000ef200000|100%| E|CS|TAMS 0x00000000ef100000| PB 0x00000000ef100000| Complete 
|1778|0x00000000ef200000, 0x00000000ef300000, 0x00000000ef300000|100%| E|CS|TAMS 0x00000000ef200000| PB 0x00000000ef200000| Complete 
|1779|0x00000000ef300000, 0x00000000ef400000, 0x00000000ef400000|100%| E|CS|TAMS 0x00000000ef300000| PB 0x00000000ef300000| Complete 
|1780|0x00000000ef400000, 0x00000000ef500000, 0x00000000ef500000|100%| E|CS|TAMS 0x00000000ef400000| PB 0x00000000ef400000| Complete 
|1781|0x00000000ef500000, 0x00000000ef600000, 0x00000000ef600000|100%| E|CS|TAMS 0x00000000ef500000| PB 0x00000000ef500000| Complete 
|1782|0x00000000ef600000, 0x00000000ef700000, 0x00000000ef700000|100%| E|CS|TAMS 0x00000000ef600000| PB 0x00000000ef600000| Complete 
|1783|0x00000000ef700000, 0x00000000ef800000, 0x00000000ef800000|100%| E|CS|TAMS 0x00000000ef700000| PB 0x00000000ef700000| Complete 
|1784|0x00000000ef800000, 0x00000000ef900000, 0x00000000ef900000|100%| E|CS|TAMS 0x00000000ef800000| PB 0x00000000ef800000| Complete 
|1785|0x00000000ef900000, 0x00000000efa00000, 0x00000000efa00000|100%| E|CS|TAMS 0x00000000ef900000| PB 0x00000000ef900000| Complete 
|1786|0x00000000efa00000, 0x00000000efb00000, 0x00000000efb00000|100%| E|CS|TAMS 0x00000000efa00000| PB 0x00000000efa00000| Complete 
|1787|0x00000000efb00000, 0x00000000efc00000, 0x00000000efc00000|100%| E|CS|TAMS 0x00000000efb00000| PB 0x00000000efb00000| Complete 
|1788|0x00000000efc00000, 0x00000000efd00000, 0x00000000efd00000|100%| E|CS|TAMS 0x00000000efc00000| PB 0x00000000efc00000| Complete 
|1789|0x00000000efd00000, 0x00000000efe00000, 0x00000000efe00000|100%| E|CS|TAMS 0x00000000efd00000| PB 0x00000000efd00000| Complete 
|1790|0x00000000efe00000, 0x00000000eff00000, 0x00000000eff00000|100%| E|CS|TAMS 0x00000000efe00000| PB 0x00000000efe00000| Complete 
|1791|0x00000000eff00000, 0x00000000f0000000, 0x00000000f0000000|100%| E|CS|TAMS 0x00000000eff00000| PB 0x00000000eff00000| Complete 
|1792|0x00000000f0000000, 0x00000000f0100000, 0x00000000f0100000|100%| E|CS|TAMS 0x00000000f0000000| PB 0x00000000f0000000| Complete 
|1793|0x00000000f0100000, 0x00000000f0200000, 0x00000000f0200000|100%| E|CS|TAMS 0x00000000f0100000| PB 0x00000000f0100000| Complete 
|1794|0x00000000f0200000, 0x00000000f0300000, 0x00000000f0300000|100%| E|CS|TAMS 0x00000000f0200000| PB 0x00000000f0200000| Complete 
|1795|0x00000000f0300000, 0x00000000f0400000, 0x00000000f0400000|100%| E|CS|TAMS 0x00000000f0300000| PB 0x00000000f0300000| Complete 
|1796|0x00000000f0400000, 0x00000000f0500000, 0x00000000f0500000|100%| E|CS|TAMS 0x00000000f0400000| PB 0x00000000f0400000| Complete 
|1797|0x00000000f0500000, 0x00000000f0600000, 0x00000000f0600000|100%| E|CS|TAMS 0x00000000f0500000| PB 0x00000000f0500000| Complete 
|1798|0x00000000f0600000, 0x00000000f0700000, 0x00000000f0700000|100%| E|CS|TAMS 0x00000000f0600000| PB 0x00000000f0600000| Complete 
|1799|0x00000000f0700000, 0x00000000f0800000, 0x00000000f0800000|100%| E|CS|TAMS 0x00000000f0700000| PB 0x00000000f0700000| Complete 
|1800|0x00000000f0800000, 0x00000000f0900000, 0x00000000f0900000|100%| E|CS|TAMS 0x00000000f0800000| PB 0x00000000f0800000| Complete 
|1801|0x00000000f0900000, 0x00000000f0a00000, 0x00000000f0a00000|100%| E|CS|TAMS 0x00000000f0900000| PB 0x00000000f0900000| Complete 
|1802|0x00000000f0a00000, 0x00000000f0b00000, 0x00000000f0b00000|100%| E|CS|TAMS 0x00000000f0a00000| PB 0x00000000f0a00000| Complete 
|1803|0x00000000f0b00000, 0x00000000f0c00000, 0x00000000f0c00000|100%| E|CS|TAMS 0x00000000f0b00000| PB 0x00000000f0b00000| Complete 
|1804|0x00000000f0c00000, 0x00000000f0d00000, 0x00000000f0d00000|100%| E|CS|TAMS 0x00000000f0c00000| PB 0x00000000f0c00000| Complete 
|1805|0x00000000f0d00000, 0x00000000f0e00000, 0x00000000f0e00000|100%| E|CS|TAMS 0x00000000f0d00000| PB 0x00000000f0d00000| Complete 
|1806|0x00000000f0e00000, 0x00000000f0f00000, 0x00000000f0f00000|100%| E|CS|TAMS 0x00000000f0e00000| PB 0x00000000f0e00000| Complete 
|1807|0x00000000f0f00000, 0x00000000f1000000, 0x00000000f1000000|100%| E|CS|TAMS 0x00000000f0f00000| PB 0x00000000f0f00000| Complete 
|1808|0x00000000f1000000, 0x00000000f1100000, 0x00000000f1100000|100%| E|CS|TAMS 0x00000000f1000000| PB 0x00000000f1000000| Complete 
|1809|0x00000000f1100000, 0x00000000f1200000, 0x00000000f1200000|100%| E|CS|TAMS 0x00000000f1100000| PB 0x00000000f1100000| Complete 
|1810|0x00000000f1200000, 0x00000000f1300000, 0x00000000f1300000|100%| E|CS|TAMS 0x00000000f1200000| PB 0x00000000f1200000| Complete 
|1811|0x00000000f1300000, 0x00000000f1400000, 0x00000000f1400000|100%| E|CS|TAMS 0x00000000f1300000| PB 0x00000000f1300000| Complete 
|1812|0x00000000f1400000, 0x00000000f1500000, 0x00000000f1500000|100%| E|CS|TAMS 0x00000000f1400000| PB 0x00000000f1400000| Complete 
|1813|0x00000000f1500000, 0x00000000f1600000, 0x00000000f1600000|100%| E|CS|TAMS 0x00000000f1500000| PB 0x00000000f1500000| Complete 
|1814|0x00000000f1600000, 0x00000000f1700000, 0x00000000f1700000|100%| E|CS|TAMS 0x00000000f1600000| PB 0x00000000f1600000| Complete 
|1815|0x00000000f1700000, 0x00000000f1800000, 0x00000000f1800000|100%| E|CS|TAMS 0x00000000f1700000| PB 0x00000000f1700000| Complete 
|1816|0x00000000f1800000, 0x00000000f1900000, 0x00000000f1900000|100%| E|CS|TAMS 0x00000000f1800000| PB 0x00000000f1800000| Complete 
|1817|0x00000000f1900000, 0x00000000f1a00000, 0x00000000f1a00000|100%| E|CS|TAMS 0x00000000f1900000| PB 0x00000000f1900000| Complete 
|1818|0x00000000f1a00000, 0x00000000f1b00000, 0x00000000f1b00000|100%| E|CS|TAMS 0x00000000f1a00000| PB 0x00000000f1a00000| Complete 
|1819|0x00000000f1b00000, 0x00000000f1c00000, 0x00000000f1c00000|100%| E|CS|TAMS 0x00000000f1b00000| PB 0x00000000f1b00000| Complete 
|1820|0x00000000f1c00000, 0x00000000f1d00000, 0x00000000f1d00000|100%| E|CS|TAMS 0x00000000f1c00000| PB 0x00000000f1c00000| Complete 
|1821|0x00000000f1d00000, 0x00000000f1e00000, 0x00000000f1e00000|100%| E|CS|TAMS 0x00000000f1d00000| PB 0x00000000f1d00000| Complete 
|1822|0x00000000f1e00000, 0x00000000f1f00000, 0x00000000f1f00000|100%| E|CS|TAMS 0x00000000f1e00000| PB 0x00000000f1e00000| Complete 
|1823|0x00000000f1f00000, 0x00000000f2000000, 0x00000000f2000000|100%| E|CS|TAMS 0x00000000f1f00000| PB 0x00000000f1f00000| Complete 
|1824|0x00000000f2000000, 0x00000000f2100000, 0x00000000f2100000|100%| E|CS|TAMS 0x00000000f2000000| PB 0x00000000f2000000| Complete 
|1825|0x00000000f2100000, 0x00000000f2200000, 0x00000000f2200000|100%| E|CS|TAMS 0x00000000f2100000| PB 0x00000000f2100000| Complete 
|1826|0x00000000f2200000, 0x00000000f2300000, 0x00000000f2300000|100%| E|CS|TAMS 0x00000000f2200000| PB 0x00000000f2200000| Complete 
|1827|0x00000000f2300000, 0x00000000f2400000, 0x00000000f2400000|100%| E|CS|TAMS 0x00000000f2300000| PB 0x00000000f2300000| Complete 
|1828|0x00000000f2400000, 0x00000000f2500000, 0x00000000f2500000|100%| E|CS|TAMS 0x00000000f2400000| PB 0x00000000f2400000| Complete 
|1829|0x00000000f2500000, 0x00000000f2600000, 0x00000000f2600000|100%| E|CS|TAMS 0x00000000f2500000| PB 0x00000000f2500000| Complete 
|1830|0x00000000f2600000, 0x00000000f2700000, 0x00000000f2700000|100%| E|CS|TAMS 0x00000000f2600000| PB 0x00000000f2600000| Complete 
|2008|0x00000000fd800000, 0x00000000fd900000, 0x00000000fd900000|100%| O|  |TAMS 0x00000000fd800000| PB 0x00000000fd800000| Untracked 
|2009|0x00000000fd900000, 0x00000000fda00000, 0x00000000fda00000|100%| O|  |TAMS 0x00000000fd900000| PB 0x00000000fd900000| Untracked 
|2010|0x00000000fda00000, 0x00000000fdb00000, 0x00000000fdb00000|100%| E|CS|TAMS 0x00000000fda00000| PB 0x00000000fda00000| Complete 
|2011|0x00000000fdb00000, 0x00000000fdc00000, 0x00000000fdc00000|100%| E|CS|TAMS 0x00000000fdb00000| PB 0x00000000fdb00000| Complete 
|2012|0x00000000fdc00000, 0x00000000fdd00000, 0x00000000fdd00000|100%| E|CS|TAMS 0x00000000fdc00000| PB 0x00000000fdc00000| Complete 
|2013|0x00000000fdd00000, 0x00000000fde00000, 0x00000000fde00000|100%| E|CS|TAMS 0x00000000fdd00000| PB 0x00000000fdd00000| Complete 
|2014|0x00000000fde00000, 0x00000000fdf00000, 0x00000000fdf00000|100%| E|CS|TAMS 0x00000000fde00000| PB 0x00000000fde00000| Complete 
|2015|0x00000000fdf00000, 0x00000000fe000000, 0x00000000fe000000|100%| O|  |TAMS 0x00000000fdf00000| PB 0x00000000fdf00000| Untracked 
|2016|0x00000000fe000000, 0x00000000fe100000, 0x00000000fe100000|100%| E|CS|TAMS 0x00000000fe000000| PB 0x00000000fe000000| Complete 
|2017|0x00000000fe100000, 0x00000000fe200000, 0x00000000fe200000|100%| E|CS|TAMS 0x00000000fe100000| PB 0x00000000fe100000| Complete 
|2018|0x00000000fe200000, 0x00000000fe300000, 0x00000000fe300000|100%| E|CS|TAMS 0x00000000fe200000| PB 0x00000000fe200000| Complete 
|2019|0x00000000fe300000, 0x00000000fe400000, 0x00000000fe400000|100%| E|CS|TAMS 0x00000000fe300000| PB 0x00000000fe300000| Complete 
|2020|0x00000000fe400000, 0x00000000fe500000, 0x00000000fe500000|100%| E|CS|TAMS 0x00000000fe400000| PB 0x00000000fe400000| Complete 
|2021|0x00000000fe500000, 0x00000000fe600000, 0x00000000fe600000|100%| O|  |TAMS 0x00000000fe500000| PB 0x00000000fe500000| Untracked 
|2022|0x00000000fe600000, 0x00000000fe700000, 0x00000000fe700000|100%| O|  |TAMS 0x00000000fe600000| PB 0x00000000fe600000| Untracked 
|2023|0x00000000fe700000, 0x00000000fe800000, 0x00000000fe800000|100%| O|  |TAMS 0x00000000fe700000| PB 0x00000000fe700000| Untracked 
|2024|0x00000000fe800000, 0x00000000fe900000, 0x00000000fe900000|100%| E|CS|TAMS 0x00000000fe800000| PB 0x00000000fe800000| Complete 
|2025|0x00000000fe900000, 0x00000000fea00000, 0x00000000fea00000|100%| E|CS|TAMS 0x00000000fe900000| PB 0x00000000fe900000| Complete 
|2026|0x00000000fea00000, 0x00000000feb00000, 0x00000000feb00000|100%| E|CS|TAMS 0x00000000fea00000| PB 0x00000000fea00000| Complete 
|2027|0x00000000feb00000, 0x00000000fec00000, 0x00000000fec00000|100%| E|CS|TAMS 0x00000000feb00000| PB 0x00000000feb00000| Complete 
|2028|0x00000000fec00000, 0x00000000fed00000, 0x00000000fed00000|100%| E|CS|TAMS 0x00000000fec00000| PB 0x00000000fec00000| Complete 
|2029|0x00000000fed00000, 0x00000000fee00000, 0x00000000fee00000|100%| E|CS|TAMS 0x00000000fed00000| PB 0x00000000fed00000| Complete 
|2030|0x00000000fee00000, 0x00000000fef00000, 0x00000000fef00000|100%| E|CS|TAMS 0x00000000fee00000| PB 0x00000000fee00000| Complete 
|2031|0x00000000fef00000, 0x00000000ff000000, 0x00000000ff000000|100%| E|CS|TAMS 0x00000000fef00000| PB 0x00000000fef00000| Complete 
|2032|0x00000000ff000000, 0x00000000ff100000, 0x00000000ff100000|100%| E|CS|TAMS 0x00000000ff000000| PB 0x00000000ff000000| Complete 
|2033|0x00000000ff100000, 0x00000000ff200000, 0x00000000ff200000|100%| E|CS|TAMS 0x00000000ff100000| PB 0x00000000ff100000| Complete 
|2034|0x00000000ff200000, 0x00000000ff300000, 0x00000000ff300000|100%| E|CS|TAMS 0x00000000ff200000| PB 0x00000000ff200000| Complete 
|2035|0x00000000ff300000, 0x00000000ff400000, 0x00000000ff400000|100%| E|CS|TAMS 0x00000000ff300000| PB 0x00000000ff300000| Complete 
|2036|0x00000000ff400000, 0x00000000ff500000, 0x00000000ff500000|100%| E|CS|TAMS 0x00000000ff400000| PB 0x00000000ff400000| Complete 
|2037|0x00000000ff500000, 0x00000000ff600000, 0x00000000ff600000|100%| E|CS|TAMS 0x00000000ff500000| PB 0x00000000ff500000| Complete 
|2038|0x00000000ff600000, 0x00000000ff700000, 0x00000000ff700000|100%| E|CS|TAMS 0x00000000ff600000| PB 0x00000000ff600000| Complete 
|2039|0x00000000ff700000, 0x00000000ff800000, 0x00000000ff800000|100%| E|CS|TAMS 0x00000000ff700000| PB 0x00000000ff700000| Complete 
|2040|0x00000000ff800000, 0x00000000ff900000, 0x00000000ff900000|100%| O|  |TAMS 0x00000000ff800000| PB 0x00000000ff800000| Untracked 
|2041|0x00000000ff900000, 0x00000000ffa00000, 0x00000000ffa00000|100%| O|  |TAMS 0x00000000ff900000| PB 0x00000000ff900000| Untracked 
|2042|0x00000000ffa00000, 0x00000000ffb00000, 0x00000000ffb00000|100%| O|  |TAMS 0x00000000ffa00000| PB 0x00000000ffa00000| Untracked 
|2043|0x00000000ffb00000, 0x00000000ffc00000, 0x00000000ffc00000|100%| E|CS|TAMS 0x00000000ffb00000| PB 0x00000000ffb00000| Complete 
|2044|0x00000000ffc00000, 0x00000000ffd00000, 0x00000000ffd00000|100%| E|CS|TAMS 0x00000000ffc00000| PB 0x00000000ffc00000| Complete 
|2045|0x00000000ffd00000, 0x00000000ffe00000, 0x00000000ffe00000|100%| E|CS|TAMS 0x00000000ffd00000| PB 0x00000000ffd00000| Complete 
|2046|0x00000000ffe00000, 0x00000000fff00000, 0x00000000fff00000|100%| O|  |TAMS 0x00000000ffe00000| PB 0x00000000ffe00000| Untracked 
|2047|0x00000000fff00000, 0x0000000100000000, 0x0000000100000000|100%| O|  |TAMS 0x00000000fff00000| PB 0x00000000fff00000| Untracked 

Card table byte_map: [0x0000021c7b1f0000,0x0000021c7b5f0000] _byte_map_base: 0x0000021c7adf0000

Marking Bits: (CMBitMap*) 0x0000021c77cd5d60
 Bits: [0x0000021c7b5f0000, 0x0000021c7d5f0000)

Polling page: 0x0000021c75b80000

Metaspace:

Usage:
  Non-class:    288.00 MB used.
      Class:     41.95 MB used.
       Both:    329.96 MB used.

Virtual space:
  Non-class space:      320.00 MB reserved,     294.12 MB ( 92%) committed,  5 nodes.
      Class space:        1.00 GB reserved,      44.00 MB (  4%) committed,  1 nodes.
             Both:        1.31 GB reserved,     338.12 MB ( 25%) committed. 

Chunk freelists:
   Non-Class:  30.05 MB
       Class:  5.00 MB
        Both:  35.05 MB

MaxMetaspaceSize: unlimited
CompressedClassSpaceSize: 1.00 GB
Initial GC threshold: 21.00 MB
Current GC threshold: 563.44 MB
CDS: off
 - commit_granule_bytes: 65536.
 - commit_granule_words: 8192.
 - virtual_space_node_default_size: 8388608.
 - enlarge_chunks_in_place: 1.
 - use_allocation_guard: 0.


Internal statistics:

num_allocs_failed_limit: 6.
num_arena_births: 6748.
num_arena_deaths: 2888.
num_vsnodes_births: 6.
num_vsnodes_deaths: 0.
num_space_committed: 6212.
num_space_uncommitted: 98.
num_chunks_returned_to_freelist: 6944.
num_chunks_taken_from_freelist: 24837.
num_chunk_merges: 1964.
num_chunk_splits: 16297.
num_chunks_enlarged: 12072.
num_inconsistent_stats: 0.

CodeHeap 'non-profiled nmethods': size=120000Kb used=38446Kb max_used=38446Kb free=81553Kb
 bounds [0x0000021c07ad0000, 0x0000021c0a060000, 0x0000021c0f000000]
CodeHeap 'profiled nmethods': size=120000Kb used=66630Kb max_used=77209Kb free=53369Kb
 bounds [0x0000021c00000000, 0x0000021c04b70000, 0x0000021c07530000]
CodeHeap 'non-nmethods': size=5760Kb used=2553Kb max_used=2715Kb free=3206Kb
 bounds [0x0000021c07530000, 0x0000021c077f0000, 0x0000021c07ad0000]
CodeCache: size=245760Kb, used=107629Kb, max_used=118370Kb, free=138128Kb
 total_blobs=33373, nmethods=32021, adapters=1253, full_count=0
Compilation: enabled, stopped_count=0, restarted_count=0

Compilation events (20 events):
Event: 4163.736 Thread 0x0000021c130a1eb0 nmethod 58917 0x0000021c0a032b10 code [0x0000021c0a0331a0, 0x0000021c0a037f68]
Event: 4163.740 Thread 0x0000021c130a1eb0 58936       4       com.android.tools.r8.internal.eR::a (1135 bytes)
Event: 4164.554 Thread 0x0000021c130c3d10 59073       2       com.android.tools.r8.graph.n1::a (13 bytes)
Event: 4165.283 Thread 0x0000021c130c3d10 nmethod 59073 0x0000021c03630710 code [0x0000021c036308e0, 0x0000021c03630aa8]
Event: 4165.285 Thread 0x0000021c130c3d10 59074       2       com.android.tools.r8.graph.n1$$Lambda/0x000000010254e2f8::<init> (10 bytes)
Event: 4165.285 Thread 0x0000021c130c3d10 nmethod 59074 0x0000021c03626110 code [0x0000021c036262a0, 0x0000021c036263f0]
Event: 4165.286 Thread 0x0000021c130c3d10 59076       2       com.android.tools.r8.internal.Nb0::j (26 bytes)
Event: 4165.297 Thread 0x0000021c130c3d10 nmethod 59076 0x0000021c0365df90 code [0x0000021c0365e140, 0x0000021c0365e368]
Event: 4165.786 Thread 0x0000021c130c3d10 59077       3       com.android.tools.r8.internal.Ad::a (253 bytes)
Event: 4165.790 Thread 0x0000021c130c3d10 nmethod 59077 0x0000021c0132fb90 code [0x0000021c0132ff00, 0x0000021c01331038]
Event: 4166.118 Thread 0x0000021c130a1eb0 nmethod 58936 0x0000021c0a03bd10 code [0x0000021c0a03c820, 0x0000021c0a044f88]
Event: 4166.118 Thread 0x0000021c130c3d10 59078       3       com.android.tools.r8.internal.UC::a (6 bytes)
Event: 4166.119 Thread 0x0000021c130c3d10 nmethod 59078 0x0000021c02a72910 code [0x0000021c02a72ac0, 0x0000021c02a72c28]
Event: 4166.119 Thread 0x0000021c130a1eb0 59075       4       com.android.tools.r8.internal.hn::a (452 bytes)
Event: 4166.185 Thread 0x0000021c130c3d10 59079       3       com.android.tools.r8.internal.vx::a (158 bytes)
Event: 4166.188 Thread 0x0000021c130c3d10 nmethod 59079 0x0000021c01f02290 code [0x0000021c01f024c0, 0x0000021c01f02d08]
Event: 4166.403 Thread 0x0000021c130a1eb0 nmethod 59075 0x0000021c0a04ae90 code [0x0000021c0a04b400, 0x0000021c0a04e668]
Event: 4166.404 Thread 0x0000021c130a1eb0 58951       4       com.android.tools.r8.internal.Mn::a (456 bytes)
Event: 4167.135 Thread 0x0000021c130a1eb0 nmethod 58951 0x0000021c0a051590 code [0x0000021c0a051c80, 0x0000021c0a057ce0]
Event: 4167.136 Thread 0x0000021c130a1eb0 59082       4       com.android.tools.r8.ir.optimize.x::a (566 bytes)

GC Heap History (20 events):
Event: 4117.624 GC heap before
{Heap before GC invocations=158 (full 0):
 garbage-first heap   total 1609728K, used 801792K [0x0000000080000000, 0x0000000100000000)
  region size 1024K, 236 young (241664K), 8 survivors (8192K)
 Metaspace       used 337654K, committed 346176K, reserved 1376256K
  class space    used 42927K, committed 45056K, reserved 1048576K
}
Event: 4117.666 GC heap after
{Heap after GC invocations=159 (full 0):
 garbage-first heap   total 1609728K, used 566272K [0x0000000080000000, 0x0000000100000000)
  region size 1024K, 5 young (5120K), 5 survivors (5120K)
 Metaspace       used 337654K, committed 346176K, reserved 1376256K
  class space    used 42927K, committed 45056K, reserved 1048576K
}
Event: 4146.539 GC heap before
{Heap before GC invocations=160 (full 0):
 garbage-first heap   total 1609728K, used 1043456K [0x0000000080000000, 0x0000000100000000)
  region size 1024K, 297 young (304128K), 5 survivors (5120K)
 Metaspace       used 337839K, committed 346240K, reserved 1376256K
  class space    used 42960K, committed 45056K, reserved 1048576K
}
Event: 4146.888 GC heap after
{Heap after GC invocations=161 (full 0):
 garbage-first heap   total 1609728K, used 602624K [0x0000000080000000, 0x0000000100000000)
  region size 1024K, 37 young (37888K), 37 survivors (37888K)
 Metaspace       used 337839K, committed 346240K, reserved 1376256K
  class space    used 42960K, committed 45056K, reserved 1048576K
}
Event: 4147.649 GC heap before
{Heap before GC invocations=161 (full 0):
 garbage-first heap   total 1609728K, used 644608K [0x0000000080000000, 0x0000000100000000)
  region size 1024K, 78 young (79872K), 37 survivors (37888K)
 Metaspace       used 337839K, committed 346240K, reserved 1376256K
  class space    used 42960K, committed 45056K, reserved 1048576K
}
Event: 4147.785 GC heap after
{Heap after GC invocations=162 (full 0):
 garbage-first heap   total 1805312K, used 586027K [0x0000000080000000, 0x0000000100000000)
  region size 1024K, 3 young (3072K), 3 survivors (3072K)
 Metaspace       used 337839K, committed 346240K, reserved 1376256K
  class space    used 42960K, committed 45056K, reserved 1048576K
}
Event: 4150.295 GC heap before
{Heap before GC invocations=162 (full 0):
 garbage-first heap   total 1805312K, used 862507K [0x0000000080000000, 0x0000000100000000)
  region size 1024K, 273 young (279552K), 3 survivors (3072K)
 Metaspace       used 337856K, committed 346240K, reserved 1376256K
  class space    used 42960K, committed 45056K, reserved 1048576K
}
Event: 4150.478 GC heap after
{Heap after GC invocations=163 (full 0):
 garbage-first heap   total 1805312K, used 577024K [0x0000000080000000, 0x0000000100000000)
  region size 1024K, 4 young (4096K), 4 survivors (4096K)
 Metaspace       used 337856K, committed 346240K, reserved 1376256K
  class space    used 42960K, committed 45056K, reserved 1048576K
}
Event: 4151.741 GC heap before
{Heap before GC invocations=163 (full 0):
 garbage-first heap   total 1805312K, used 719360K [0x0000000080000000, 0x0000000100000000)
  region size 1024K, 144 young (147456K), 4 survivors (4096K)
 Metaspace       used 337857K, committed 346240K, reserved 1376256K
  class space    used 42960K, committed 45056K, reserved 1048576K
}
Event: 4151.783 GC heap after
{Heap after GC invocations=164 (full 0):
 garbage-first heap   total 1805312K, used 564560K [0x0000000080000000, 0x0000000100000000)
  region size 1024K, 5 young (5120K), 5 survivors (5120K)
 Metaspace       used 337857K, committed 346240K, reserved 1376256K
  class space    used 42960K, committed 45056K, reserved 1048576K
}
Event: 4152.678 GC heap before
{Heap before GC invocations=164 (full 0):
 garbage-first heap   total 1805312K, used 696656K [0x0000000080000000, 0x0000000100000000)
  region size 1024K, 134 young (137216K), 5 survivors (5120K)
 Metaspace       used 337857K, committed 346240K, reserved 1376256K
  class space    used 42960K, committed 45056K, reserved 1048576K
}
Event: 4153.326 GC heap after
{Heap after GC invocations=165 (full 0):
 garbage-first heap   total 1805312K, used 552466K [0x0000000080000000, 0x0000000100000000)
  region size 1024K, 6 young (6144K), 6 survivors (6144K)
 Metaspace       used 337857K, committed 346240K, reserved 1376256K
  class space    used 42960K, committed 45056K, reserved 1048576K
}
Event: 4154.521 GC heap before
{Heap before GC invocations=165 (full 0):
 garbage-first heap   total 1805312K, used 636434K [0x0000000080000000, 0x0000000100000000)
  region size 1024K, 88 young (90112K), 6 survivors (6144K)
 Metaspace       used 337858K, committed 346240K, reserved 1376256K
  class space    used 42960K, committed 45056K, reserved 1048576K
}
Event: 4155.177 GC heap after
{Heap after GC invocations=166 (full 0):
 garbage-first heap   total 1805312K, used 539126K [0x0000000080000000, 0x0000000100000000)
  region size 1024K, 8 young (8192K), 8 survivors (8192K)
 Metaspace       used 337858K, committed 346240K, reserved 1376256K
  class space    used 42960K, committed 45056K, reserved 1048576K
}
Event: 4155.994 GC heap before
{Heap before GC invocations=166 (full 0):
 garbage-first heap   total 1805312K, used 621046K [0x0000000080000000, 0x0000000100000000)
  region size 1024K, 88 young (90112K), 8 survivors (8192K)
 Metaspace       used 337859K, committed 346240K, reserved 1376256K
  class space    used 42960K, committed 45056K, reserved 1048576K
}
Event: 4156.536 GC heap after
{Heap after GC invocations=167 (full 0):
 garbage-first heap   total 1805312K, used 526924K [0x0000000080000000, 0x0000000100000000)
  region size 1024K, 5 young (5120K), 5 survivors (5120K)
 Metaspace       used 337859K, committed 346240K, reserved 1376256K
  class space    used 42960K, committed 45056K, reserved 1048576K
}
Event: 4158.444 GC heap before
{Heap before GC invocations=167 (full 0):
 garbage-first heap   total 1805312K, used 611916K [0x0000000080000000, 0x0000000100000000)
  region size 1024K, 88 young (90112K), 5 survivors (5120K)
 Metaspace       used 337870K, committed 346240K, reserved 1376256K
  class space    used 42960K, committed 45056K, reserved 1048576K
}
Event: 4159.463 GC heap after
{Heap after GC invocations=168 (full 0):
 garbage-first heap   total 1915904K, used 515802K [0x0000000080000000, 0x0000000100000000)
  region size 1024K, 6 young (6144K), 6 survivors (6144K)
 Metaspace       used 337870K, committed 346240K, reserved 1376256K
  class space    used 42960K, committed 45056K, reserved 1048576K
}
Event: 4162.080 GC heap before
{Heap before GC invocations=168 (full 0):
 garbage-first heap   total 1915904K, used 603866K [0x0000000080000000, 0x0000000100000000)
  region size 1024K, 93 young (95232K), 6 survivors (6144K)
 Metaspace       used 337875K, committed 346240K, reserved 1376256K
  class space    used 42960K, committed 45056K, reserved 1048576K
}
Event: 4162.813 GC heap after
{Heap after GC invocations=169 (full 0):
 garbage-first heap   total 1915904K, used 515458K [0x0000000080000000, 0x0000000100000000)
  region size 1024K, 12 young (12288K), 12 survivors (12288K)
 Metaspace       used 337875K, committed 346240K, reserved 1376256K
  class space    used 42960K, committed 45056K, reserved 1048576K
}

Dll operation events (3 events):
Event: 0.040 Loaded shared library C:\Program Files\Android\Android Studio\jbr\bin\java.dll
Event: 0.053 Loaded shared library C:\Program Files\Android\Android Studio\jbr\bin\zip.dll
Event: 1.887 Loaded shared library C:\Program Files\Android\Android Studio\jbr\bin\verify.dll

Deoptimization events (20 events):
Event: 4154.397 Thread 0x0000021c299a10c0 DEOPT PACKING pc=0x0000021c03cd528a sp=0x000000c1084fc5b0
Event: 4154.397 Thread 0x0000021c299a10c0 DEOPT UNPACKING pc=0x0000021c07584b42 sp=0x000000c1084fbb68 mode 0
Event: 4155.464 Thread 0x0000021c2f2436a0 DEOPT PACKING pc=0x0000021c03cd5515 sp=0x000000c1085fca70
Event: 4155.464 Thread 0x0000021c2f2436a0 DEOPT UNPACKING pc=0x0000021c07584b42 sp=0x000000c1085fc028 mode 0
Event: 4155.870 Thread 0x0000021c2f2436a0 DEOPT PACKING pc=0x0000021c03cd5479 sp=0x000000c1085fca70
Event: 4155.870 Thread 0x0000021c2f2436a0 DEOPT UNPACKING pc=0x0000021c07584b42 sp=0x000000c1085fc020 mode 0
Event: 4155.905 Thread 0x0000021c2f2436a0 DEOPT PACKING pc=0x0000021c03fa4603 sp=0x000000c1085fc8e0
Event: 4155.905 Thread 0x0000021c2f2436a0 DEOPT UNPACKING pc=0x0000021c07584b42 sp=0x000000c1085fbfb8 mode 0
Event: 4155.963 Thread 0x0000021c2f2436a0 DEOPT PACKING pc=0x0000021c03d1667c sp=0x000000c1085fcff0
Event: 4155.963 Thread 0x0000021c2f2436a0 DEOPT UNPACKING pc=0x0000021c07584b42 sp=0x000000c1085fc520 mode 0
Event: 4156.538 Thread 0x0000021c2f2436a0 DEOPT PACKING pc=0x0000021c03e98d56 sp=0x000000c1085fcee0
Event: 4156.538 Thread 0x0000021c2f2436a0 DEOPT UNPACKING pc=0x0000021c07584b42 sp=0x000000c1085fc390 mode 0
Event: 4156.864 Thread 0x0000021c2f2436a0 DEOPT PACKING pc=0x0000021c03d1667c sp=0x000000c1085fcff0
Event: 4156.864 Thread 0x0000021c2f2436a0 DEOPT UNPACKING pc=0x0000021c07584b42 sp=0x000000c1085fc520 mode 0
Event: 4157.711 Thread 0x0000021c290d1060 DEOPT PACKING pc=0x0000021c0063f77d sp=0x000000c1034fd830
Event: 4157.729 Thread 0x0000021c290d1060 DEOPT UNPACKING pc=0x0000021c07584b42 sp=0x000000c1034fcd30 mode 0
Event: 4160.887 Thread 0x0000021c290d1060 DEOPT PACKING pc=0x0000021c046da17b sp=0x000000c1034fda30
Event: 4160.887 Thread 0x0000021c290d1060 DEOPT UNPACKING pc=0x0000021c07584b42 sp=0x000000c1034fcf90 mode 0
Event: 4167.035 Thread 0x0000021c2f2436a0 DEOPT PACKING pc=0x0000021c03d82190 sp=0x000000c1085fcdf0
Event: 4167.036 Thread 0x0000021c2f2436a0 DEOPT UNPACKING pc=0x0000021c07584b42 sp=0x000000c1085fc360 mode 0

Classes loaded (20 events):
Event: 3299.516 Loading class org/w3c/dom/ls/DOMImplementationLS
Event: 3299.516 Loading class org/w3c/dom/ls/DOMImplementationLS done
Event: 3299.517 Loading class com/sun/org/apache/xerces/internal/dom/CoreDOMImplementationImpl done
Event: 3299.517 Loading class com/sun/org/apache/xerces/internal/dom/DOMImplementationImpl done
Event: 3299.575 Loading class com/sun/org/apache/xerces/internal/dom/DeferredDOMImplementationImpl
Event: 3299.577 Loading class com/sun/org/apache/xerces/internal/dom/DeferredDOMImplementationImpl done
Event: 3299.989 Loading class java/util/TreeMap$DescendingSubMap
Event: 3299.992 Loading class java/util/TreeMap$DescendingSubMap done
Event: 3299.993 Loading class java/util/TreeMap$DescendingSubMap$DescendingEntrySetView
Event: 3299.994 Loading class java/util/TreeMap$DescendingSubMap$DescendingEntrySetView done
Event: 3299.994 Loading class java/util/TreeMap$NavigableSubMap$DescendingSubMapEntryIterator
Event: 3299.994 Loading class java/util/TreeMap$NavigableSubMap$DescendingSubMapEntryIterator done
Event: 3300.027 Loading class com/sun/org/apache/xerces/internal/dom/DeepNodeListImpl
Event: 3300.027 Loading class com/sun/org/apache/xerces/internal/dom/DeepNodeListImpl done
Event: 3305.001 Loading class java/util/concurrent/Executors$DelegatedScheduledExecutorService
Event: 3305.007 Loading class java/util/concurrent/Executors$DelegatedScheduledExecutorService done
Event: 3315.954 Loading class java/util/stream/Streams$1
Event: 3315.973 Loading class java/util/stream/Streams$1 done
Event: 3316.151 Loading class java/nio/file/FileChannelLinesSpliterator$1
Event: 3316.158 Loading class java/nio/file/FileChannelLinesSpliterator$1 done

Classes unloaded (20 events):
Event: 4091.372 Thread 0x0000021c7fb1ea60 Unloading class 0x00000001006414d0 'kotlin/jvm/functions/Function0'
Event: 4091.372 Thread 0x0000021c7fb1ea60 Unloading class 0x0000000100641258 'dagger/spi/internal/shaded/androidx/room/compiler/processing/javac/JavacBasicAnnotationProcessor$2'
Event: 4091.372 Thread 0x0000021c7fb1ea60 Unloading class 0x0000000100641000 'kotlin/jvm/internal/Lambda'
Event: 4091.372 Thread 0x0000021c7fb1ea60 Unloading class 0x0000000100681bc0 'kotlin/jvm/internal/FunctionBase'
Event: 4091.372 Thread 0x0000021c7fb1ea60 Unloading class 0x0000000100681990 'kotlin/jvm/functions/Function1'
Event: 4091.372 Thread 0x0000021c7fb1ea60 Unloading class 0x0000000100681760 'kotlin/Function'
Event: 4091.372 Thread 0x0000021c7fb1ea60 Unloading class 0x00000001006814d0 'kotlin/UninitializedPropertyAccessException'
Event: 4091.372 Thread 0x0000021c7fb1ea60 Unloading class 0x0000000100681238 'kotlin/KotlinNullPointerException'
Event: 4091.372 Thread 0x0000021c7fb1ea60 Unloading class 0x0000000100681000 'kotlin/jvm/internal/Intrinsics'
Event: 4091.372 Thread 0x0000021c7fb1ea60 Unloading class 0x0000000100687c20 'dagger/spi/internal/shaded/androidx/room/compiler/processing/XProcessingEnvConfig$Companion'
Event: 4091.372 Thread 0x0000021c7fb1ea60 Unloading class 0x00000001006879e8 'dagger/spi/internal/shaded/androidx/room/compiler/processing/XProcessingEnvConfig'
Event: 4091.372 Thread 0x0000021c7fb1ea60 Unloading class 0x00000001006877a8 'dagger/spi/internal/shaded/androidx/room/compiler/processing/XProcessingEnvConfig$Builder'
Event: 4091.372 Thread 0x0000021c7fb1ea60 Unloading class 0x0000000100687570 'dagger/hilt/processor/internal/HiltProcessingEnvConfigs'
Event: 4091.372 Thread 0x0000021c7fb1ea60 Unloading class 0x00000001006872b8 'dagger/hilt/processor/internal/uninstallmodules/UninstallModulesProcessingStep'
Event: 4091.372 Thread 0x0000021c7fb1ea60 Unloading class 0x0000000100687000 'dagger/hilt/processor/internal/BaseProcessingStep'
Event: 4091.372 Thread 0x0000021c7fb1ea60 Unloading class 0x000000010269cd40 'dagger/spi/internal/shaded/androidx/room/compiler/processing/XProcessingStep'
Event: 4091.372 Thread 0x0000021c7fb1ea60 Unloading class 0x00000001027da320 'dagger/hilt/processor/internal/uninstallmodules/UninstallModulesProcessor'
Event: 4091.372 Thread 0x0000021c7fb1ea60 Unloading class 0x00000001027da000 'dagger/hilt/processor/internal/JavacBaseProcessingStepProcessor'
Event: 4091.372 Thread 0x0000021c7fb1ea60 Unloading class 0x000000010269ca30 'dagger/spi/internal/shaded/androidx/room/compiler/processing/javac/JavacBasicAnnotationProcessor'
Event: 4091.372 Thread 0x0000021c7fb1ea60 Unloading class 0x000000010269c800 'dagger/spi/internal/shaded/androidx/room/compiler/processing/XBasicAnnotationProcessor'

Classes redefined (0 events):
No events

Internal exceptions (20 events):
Event: 4166.297 Thread 0x0000021c299a10c0 Exception <a 'sun/nio/fs/WindowsException'{0x00000000eedc4260}> (0x00000000eedc4260) 
thrown [s\src\hotspot\share\prims\jni.cpp, line 537]
Event: 4166.310 Thread 0x0000021c299a10c0 Exception <a 'sun/nio/fs/WindowsException'{0x00000000eedcb600}> (0x00000000eedcb600) 
thrown [s\src\hotspot\share\prims\jni.cpp, line 537]
Event: 4166.340 Thread 0x0000021c299a10c0 Exception <a 'sun/nio/fs/WindowsException'{0x00000000eedd1cd8}> (0x00000000eedd1cd8) 
thrown [s\src\hotspot\share\prims\jni.cpp, line 537]
Event: 4166.353 Thread 0x0000021c299a10c0 Exception <a 'sun/nio/fs/WindowsException'{0x00000000eedd7dc8}> (0x00000000eedd7dc8) 
thrown [s\src\hotspot\share\prims\jni.cpp, line 537]
Event: 4166.367 Thread 0x0000021c299a10c0 Exception <a 'sun/nio/fs/WindowsException'{0x00000000eede25c8}> (0x00000000eede25c8) 
thrown [s\src\hotspot\share\prims\jni.cpp, line 537]
Event: 4166.379 Thread 0x0000021c299a10c0 Exception <a 'sun/nio/fs/WindowsException'{0x00000000eede99a0}> (0x00000000eede99a0) 
thrown [s\src\hotspot\share\prims\jni.cpp, line 537]
Event: 4166.386 Thread 0x0000021c299a10c0 Exception <a 'sun/nio/fs/WindowsException'{0x00000000eedf0d20}> (0x00000000eedf0d20) 
thrown [s\src\hotspot\share\prims\jni.cpp, line 537]
Event: 4166.401 Thread 0x0000021c299a10c0 Exception <a 'sun/nio/fs/WindowsException'{0x00000000eedf7f78}> (0x00000000eedf7f78) 
thrown [s\src\hotspot\share\prims\jni.cpp, line 537]
Event: 4166.742 Thread 0x0000021c299a10c0 Exception <a 'sun/nio/fs/WindowsException'{0x00000000ed9d0968}> (0x00000000ed9d0968) 
thrown [s\src\hotspot\share\prims\jni.cpp, line 537]
Event: 4166.942 Thread 0x0000021c299a10c0 Exception <a 'sun/nio/fs/WindowsException'{0x00000000ed9d6440}> (0x00000000ed9d6440) 
thrown [s\src\hotspot\share\prims\jni.cpp, line 537]
Event: 4167.009 Thread 0x0000021c299a10c0 Exception <a 'sun/nio/fs/WindowsException'{0x00000000ed9eab38}> (0x00000000ed9eab38) 
thrown [s\src\hotspot\share\prims\jni.cpp, line 537]
Event: 4167.050 Thread 0x0000021c299a10c0 Exception <a 'sun/nio/fs/WindowsException'{0x00000000ed9f0640}> (0x00000000ed9f0640) 
thrown [s\src\hotspot\share\prims\jni.cpp, line 537]
Event: 4167.095 Thread 0x0000021c299a10c0 Exception <a 'sun/nio/fs/WindowsException'{0x00000000ed9f60b8}> (0x00000000ed9f60b8) 
thrown [s\src\hotspot\share\prims\jni.cpp, line 537]
Event: 4167.115 Thread 0x0000021c299a10c0 Exception <a 'sun/nio/fs/WindowsException'{0x00000000ed9fe9d8}> (0x00000000ed9fe9d8) 
thrown [s\src\hotspot\share\prims\jni.cpp, line 537]
Event: 4167.123 Thread 0x0000021c299a10c0 Exception <a 'sun/nio/fs/WindowsException'{0x00000000ecd6c4b0}> (0x00000000ecd6c4b0) 
thrown [s\src\hotspot\share\prims\jni.cpp, line 537]
Event: 4167.138 Thread 0x0000021c299a10c0 Exception <a 'sun/nio/fs/WindowsException'{0x00000000ecd78100}> (0x00000000ecd78100) 
thrown [s\src\hotspot\share\prims\jni.cpp, line 537]
Event: 4167.211 Thread 0x0000021c299a10c0 Exception <a 'sun/nio/fs/WindowsException'{0x00000000ecd8b220}> (0x00000000ecd8b220) 
thrown [s\src\hotspot\share\prims\jni.cpp, line 537]
Event: 4167.357 Thread 0x0000021c299a10c0 Exception <a 'sun/nio/fs/WindowsException'{0x00000000ecd92938}> (0x00000000ecd92938) 
thrown [s\src\hotspot\share\prims\jni.cpp, line 537]
Event: 4167.446 Thread 0x0000021c299a10c0 Exception <a 'sun/nio/fs/WindowsException'{0x00000000ecd99a08}> (0x00000000ecd99a08) 
thrown [s\src\hotspot\share\prims\jni.cpp, line 537]
Event: 4167.449 Thread 0x0000021c299a10c0 Exception <a 'sun/nio/fs/WindowsException'{0x00000000ecda0d50}> (0x00000000ecda0d50) 
thrown [s\src\hotspot\share\prims\jni.cpp, line 537]

ZGC Phase Switch (0 events):
No events

VM Operations (20 events):
Event: 4155.990 Executing safepoint VM operation: G1CollectForAllocation (G1 Evacuation Pause)
Event: 4156.536 Executing safepoint VM operation: G1CollectForAllocation (G1 Evacuation Pause) done
Event: 4157.539 Executing safepoint VM operation: Cleanup
Event: 4157.560 Executing safepoint VM operation: Cleanup done
Event: 4158.427 Executing safepoint VM operation: G1CollectForAllocation (G1 Evacuation Pause)
Event: 4159.463 Executing safepoint VM operation: G1CollectForAllocation (G1 Evacuation Pause) done
Event: 4160.395 Executing non-safepoint VM operation: HandshakeAllThreads (HandshakeForDeflation)
Event: 4160.396 Executing non-safepoint VM operation: HandshakeAllThreads (HandshakeForDeflation) done
Event: 4160.397 Executing non-safepoint VM operation: RendezvousGCThreads
Event: 4160.397 Executing non-safepoint VM operation: RendezvousGCThreads done
Event: 4161.409 Executing safepoint VM operation: Cleanup
Event: 4161.421 Executing safepoint VM operation: Cleanup done
Event: 4162.078 Executing safepoint VM operation: G1CollectForAllocation (G1 Evacuation Pause)
Event: 4162.825 Executing safepoint VM operation: G1CollectForAllocation (G1 Evacuation Pause) done
Event: 4163.825 Executing safepoint VM operation: Cleanup
Event: 4163.836 Executing safepoint VM operation: Cleanup done
Event: 4164.837 Executing safepoint VM operation: Cleanup
Event: 4165.285 Executing safepoint VM operation: Cleanup done
Event: 4167.286 Executing safepoint VM operation: Cleanup
Event: 4167.321 Executing safepoint VM operation: Cleanup done

Memory protections (0 events):
No events

Nmethod flushes (20 events):
Event: 4099.513 Thread 0x0000021c7fb1ea60 flushing  nmethod 0x0000021c042ea290
Event: 4099.513 Thread 0x0000021c7fb1ea60 flushing  nmethod 0x0000021c04343310
Event: 4099.513 Thread 0x0000021c7fb1ea60 flushing  nmethod 0x0000021c0437dc10
Event: 4099.513 Thread 0x0000021c7fb1ea60 flushing  nmethod 0x0000021c043eb110
Event: 4099.513 Thread 0x0000021c7fb1ea60 flushing  nmethod 0x0000021c043ed210
Event: 4099.513 Thread 0x0000021c7fb1ea60 flushing  nmethod 0x0000021c04688690
Event: 4099.513 Thread 0x0000021c7fb1ea60 flushing  nmethod 0x0000021c046ea810
Event: 4099.513 Thread 0x0000021c7fb1ea60 flushing  nmethod 0x0000021c046eae10
Event: 4099.513 Thread 0x0000021c7fb1ea60 flushing  nmethod 0x0000021c046fce90
Event: 4099.513 Thread 0x0000021c7fb1ea60 flushing  nmethod 0x0000021c046fd890
Event: 4099.513 Thread 0x0000021c7fb1ea60 flushing  nmethod 0x0000021c04957290
Event: 4099.513 Thread 0x0000021c7fb1ea60 flushing  nmethod 0x0000021c0496a410
Event: 4099.513 Thread 0x0000021c7fb1ea60 flushing  nmethod 0x0000021c0496ba90
Event: 4099.513 Thread 0x0000021c7fb1ea60 flushing  nmethod 0x0000021c0496e010
Event: 4099.513 Thread 0x0000021c7fb1ea60 flushing  nmethod 0x0000021c04978390
Event: 4099.513 Thread 0x0000021c7fb1ea60 flushing  nmethod 0x0000021c049a7310
Event: 4099.522 Thread 0x0000021c7fb1ea60 flushing  nmethod 0x0000021c049a8210
Event: 4099.522 Thread 0x0000021c7fb1ea60 flushing  nmethod 0x0000021c049a8c90
Event: 4099.522 Thread 0x0000021c7fb1ea60 flushing  nmethod 0x0000021c049d5610
Event: 4099.522 Thread 0x0000021c7fb1ea60 flushing  nmethod 0x0000021c049d5b10

Events (20 events):
Event: 4003.692 Thread 0x0000021c2f243010 Thread exited: 0x0000021c2f243010
Event: 4016.424 Thread 0x0000021c22c1ea00 Thread added: 0x0000021c2f242980
Event: 4016.438 Thread 0x0000021c22c1ea00 Thread added: 0x0000021c2f243010
Event: 4024.947 Thread 0x0000021c2f247840 Thread exited: 0x0000021c2f247840
Event: 4084.056 Thread 0x0000021c29999aa0 Thread added: 0x0000021c2f2436a0
Event: 4086.180 Thread 0x0000021c299986f0 Thread exited: 0x0000021c299986f0
Event: 4089.968 Thread 0x0000021c130c3d10 Thread added: 0x0000021c300bb4d0
Event: 4100.359 Thread 0x0000021c22afefd0 Thread exited: 0x0000021c22afefd0
Event: 4106.558 Thread 0x0000021c2f242980 Thread exited: 0x0000021c2f242980
Event: 4106.560 Thread 0x0000021c2f243010 Thread exited: 0x0000021c2f243010
Event: 4107.354 Thread 0x0000021c300bb4d0 Thread exited: 0x0000021c300bb4d0
Event: 4112.677 Thread 0x0000021c2f2436a0 Thread added: 0x0000021c290d1060
Event: 4117.146 Thread 0x0000021c299a3eb0 Thread exited: 0x0000021c299a3eb0
Event: 4122.930 Thread 0x0000021c299a10c0 Thread added: 0x0000021c290d2aa0
Event: 4122.934 Thread 0x0000021c290d2aa0 Thread added: 0x0000021c2a2a2680
Event: 4122.939 Thread 0x0000021c2a2a2680 Thread added: 0x0000021c2a2a3a30
Event: 4137.587 Thread 0x0000021c22c1ea00 Thread added: 0x0000021c2f331610
Event: 4142.095 Thread 0x0000021c2999a130 Thread added: 0x0000021c18efaac0
Event: 4144.183 Thread 0x0000021c29998060 Thread exited: 0x0000021c29998060
Event: 4148.540 Thread 0x0000021c22c1ea00 Thread added: 0x0000021c22afc870


Dynamic libraries:
0x00007ff799540000 - 0x00007ff79954a000 	C:\Program Files\Android\Android Studio\jbr\bin\java.exe
0x00007fff0c490000 - 0x00007fff0c688000 	C:\Windows\SYSTEM32\ntdll.dll
0x00007fff0c380000 - 0x00007fff0c442000 	C:\Windows\System32\KERNEL32.DLL
0x00007fff0a180000 - 0x00007fff0a476000 	C:\Windows\System32\KERNELBASE.dll
0x00007fff0a080000 - 0x00007fff0a180000 	C:\Windows\System32\ucrtbase.dll
0x00007ffefac40000 - 0x00007ffefac58000 	C:\Program Files\Android\Android Studio\jbr\bin\jli.dll
0x00007fff0a4e0000 - 0x00007fff0a681000 	C:\Windows\System32\USER32.dll
0x00007fff0a480000 - 0x00007fff0a4a2000 	C:\Windows\System32\win32u.dll
0x00007fff0a4b0000 - 0x00007fff0a4db000 	C:\Windows\System32\GDI32.dll
0x00007fff09f60000 - 0x00007fff0a079000 	C:\Windows\System32\gdi32full.dll
0x00007fff09bd0000 - 0x00007fff09c6d000 	C:\Windows\System32\msvcp_win.dll
0x00007ffe802f0000 - 0x00007ffe8030b000 	C:\Program Files\Android\Android Studio\jbr\bin\VCRUNTIME140.dll
0x00007ffef8a90000 - 0x00007ffef8d2b000 	C:\Windows\WinSxS\amd64_microsoft.windows.common-controls_6595b64144ccf1df_6.0.19041.6456_none_60b8a6cb71f64256\COMCTL32.dll
0x00007fff0b220000 - 0x00007fff0b2be000 	C:\Windows\System32\msvcrt.dll
0x00007fff0c350000 - 0x00007fff0c37f000 	C:\Windows\System32\IMM32.DLL
0x00007ffedd160000 - 0x00007ffedd16c000 	C:\Program Files\Android\Android Studio\jbr\bin\vcruntime140_1.dll
0x00007ffedff20000 - 0x00007ffedffad000 	C:\Program Files\Android\Android Studio\jbr\bin\msvcp140.dll
0x00007ffe7c260000 - 0x00007ffe7cef6000 	C:\Program Files\Android\Android Studio\jbr\bin\server\jvm.dll
0x00007fff0b5b0000 - 0x00007fff0b661000 	C:\Windows\System32\ADVAPI32.dll
0x00007fff0af90000 - 0x00007fff0b02f000 	C:\Windows\System32\sechost.dll
0x00007fff0b3b0000 - 0x00007fff0b4d0000 	C:\Windows\System32\RPCRT4.dll
0x00007fff09d80000 - 0x00007fff09da7000 	C:\Windows\System32\bcrypt.dll
0x00007fff0b670000 - 0x00007fff0b6db000 	C:\Windows\System32\WS2_32.dll
0x00007fff090b0000 - 0x00007fff090fb000 	C:\Windows\SYSTEM32\POWRPROF.dll
0x00007ffef9c90000 - 0x00007ffef9cb7000 	C:\Windows\SYSTEM32\WINMM.dll
0x00007fff03f90000 - 0x00007fff03f9a000 	C:\Windows\SYSTEM32\VERSION.dll
0x00007fff08f20000 - 0x00007fff08f32000 	C:\Windows\SYSTEM32\UMPDC.dll
0x00007fff08330000 - 0x00007fff08342000 	C:\Windows\SYSTEM32\kernel.appcore.dll
0x00007ffeb6040000 - 0x00007ffeb604a000 	C:\Program Files\Android\Android Studio\jbr\bin\jimage.dll
0x00007fff04690000 - 0x00007fff04891000 	C:\Windows\SYSTEM32\DBGHELP.DLL
0x00007ffeef520000 - 0x00007ffeef554000 	C:\Windows\SYSTEM32\dbgcore.DLL
0x00007fff09cf0000 - 0x00007fff09d72000 	C:\Windows\System32\bcryptPrimitives.dll
0x00007ffefe940000 - 0x00007ffefe94e000 	C:\Program Files\Android\Android Studio\jbr\bin\instrument.dll
0x00007ffe7c200000 - 0x00007ffe7c220000 	C:\Program Files\Android\Android Studio\jbr\bin\java.dll
0x00007ffe7c1e0000 - 0x00007ffe7c1f8000 	C:\Program Files\Android\Android Studio\jbr\bin\zip.dll
0x00007fff0baf0000 - 0x00007fff0c260000 	C:\Windows\System32\SHELL32.dll
0x00007fff07b70000 - 0x00007fff08315000 	C:\Windows\SYSTEM32\windows.storage.dll
0x00007fff0b790000 - 0x00007fff0bae4000 	C:\Windows\System32\combase.dll
0x00007fff09550000 - 0x00007fff0957b000 	C:\Windows\SYSTEM32\Wldp.dll
0x00007fff0c260000 - 0x00007fff0c32d000 	C:\Windows\System32\OLEAUT32.dll
0x00007fff0ac30000 - 0x00007fff0acdd000 	C:\Windows\System32\SHCORE.dll
0x00007fff0ace0000 - 0x00007fff0ad3b000 	C:\Windows\System32\shlwapi.dll
0x00007fff09a50000 - 0x00007fff09a74000 	C:\Windows\SYSTEM32\profapi.dll
0x00007ffefcd70000 - 0x00007ffefcd80000 	C:\Program Files\Android\Android Studio\jbr\bin\net.dll
0x00007fff03fa0000 - 0x00007fff040aa000 	C:\Windows\SYSTEM32\WINHTTP.dll
0x00007fff092b0000 - 0x00007fff0931a000 	C:\Windows\system32\mswsock.dll
0x00007ffefcd50000 - 0x00007ffefcd66000 	C:\Program Files\Android\Android Studio\jbr\bin\nio.dll
0x00007ffed06f0000 - 0x00007ffed0700000 	C:\Program Files\Android\Android Studio\jbr\bin\verify.dll
0x00007ffee3930000 - 0x00007ffee3957000 	C:\Users\ktech\.gradle\native\660c5614fbf4a5f2a75b1949f50a0caf5cd603558e7d8a26e50b933a0cfb79d1\windows-amd64\native-platform.dll
0x00007ffedfea0000 - 0x00007ffedff17000 	C:\Users\ktech\.gradle\native\0.2.8\x86_64-windows-gnu\gradle-fileevents.dll
0x00007ffe7bb40000 - 0x00007ffe7bb49000 	C:\Program Files\Android\Android Studio\jbr\bin\management.dll
0x00007ffe7bb30000 - 0x00007ffe7bb3b000 	C:\Program Files\Android\Android Studio\jbr\bin\management_ext.dll
0x00007fff0b030000 - 0x00007fff0b038000 	C:\Windows\System32\PSAPI.DLL
0x00007fff08f40000 - 0x00007fff08f7b000 	C:\Windows\SYSTEM32\IPHLPAPI.DLL
0x00007fff0ad40000 - 0x00007fff0ad48000 	C:\Windows\System32\NSI.dll
0x00007ffea6160000 - 0x00007ffea6169000 	C:\Program Files\Android\Android Studio\jbr\bin\extnet.dll
0x00007fff094b0000 - 0x00007fff094c8000 	C:\Windows\SYSTEM32\CRYPTSP.dll
0x00007fff08b60000 - 0x00007fff08b98000 	C:\Windows\system32\rsaenh.dll
0x00007fff099d0000 - 0x00007fff099fe000 	C:\Windows\SYSTEM32\USERENV.dll
0x00007fff094a0000 - 0x00007fff094ac000 	C:\Windows\SYSTEM32\CRYPTBASE.dll
0x00007ffefcd40000 - 0x00007ffefcd47000 	C:\Windows\system32\wshunix.dll
0x00007ffeea2a0000 - 0x00007ffeea2b7000 	C:\Windows\system32\napinsp.dll
0x00007ffee9c30000 - 0x00007ffee9c4b000 	C:\Windows\system32\pnrpnsp.dll
0x00007fff020b0000 - 0x00007fff020cd000 	C:\Windows\system32\wshbth.dll
0x00007fff02520000 - 0x00007fff0253d000 	C:\Windows\system32\NLAapi.dll
0x00007fff08f90000 - 0x00007fff0905a000 	C:\Windows\SYSTEM32\DNSAPI.dll
0x00007ffee4df0000 - 0x00007ffee4e02000 	C:\Windows\System32\winrnr.dll
0x00007ffef8fe0000 - 0x00007ffef8fea000 	C:\Windows\System32\rasadhlp.dll
0x00007ffefa620000 - 0x00007ffefa6a0000 	C:\Windows\System32\fwpuclnt.dll
0x00007fff08db0000 - 0x00007fff08de3000 	C:\Windows\SYSTEM32\ntmarta.dll
0x00007ffef04b0000 - 0x00007ffef04b7000 	C:\Program Files\Android\Android Studio\jbr\bin\rmi.dll

JVMTI agents:
C:\Users\ktech\.gradle\wrapper\dists\gradle-9.4.1-bin\arn2x92ynaizyzdaamcbpbhtj\gradle-9.4.1\lib\agents\gradle-instrumentation-agent-9.4.1.jar path:C:\Program Files\Android\Android Studio\jbr\bin\instrument.dll, loaded, initialized, instrumentlib options:none

dbghelp: loaded successfully - version: 4.0.5 - missing functions: none
symbol engine: initialized successfully - sym options: 0x614 - pdb path: .;C:\Program Files\Android\Android Studio\jbr\bin;C:\Windows\SYSTEM32;C:\Windows\WinSxS\amd64_microsoft.windows.common-controls_6595b64144ccf1df_6.0.19041.6456_none_60b8a6cb71f64256;C:\Program Files\Android\Android Studio\jbr\bin\server;C:\Users\ktech\.gradle\native\660c5614fbf4a5f2a75b1949f50a0caf5cd603558e7d8a26e50b933a0cfb79d1\windows-amd64;C:\Users\ktech\.gradle\native\0.2.8\x86_64-windows-gnu

VM Arguments:
jvm_args: --add-opens=java.base/java.lang=ALL-UNNAMED --add-opens=java.base/java.lang.invoke=ALL-UNNAMED --add-opens=java.base/java.util=ALL-UNNAMED --add-opens=java.prefs/java.util.prefs=ALL-UNNAMED --add-exports=jdk.compiler/com.sun.tools.javac.api=ALL-UNNAMED --add-exports=jdk.compiler/com.sun.tools.javac.util=ALL-UNNAMED --add-opens=java.base/java.util=ALL-UNNAMED --add-opens=java.prefs/java.util.prefs=ALL-UNNAMED --add-opens=java.base/java.nio.charset=ALL-UNNAMED --add-opens=java.base/java.net=ALL-UNNAMED --add-opens=java.base/java.util.concurrent=ALL-UNNAMED --add-opens=java.base/java.util.concurrent.atomic=ALL-UNNAMED --add-opens=java.xml/javax.xml.namespace=ALL-UNNAMED --add-opens=java.base/java.time=ALL-UNNAMED -Xmx2048m -Dfile.encoding=UTF-8 -Duser.country=US -Duser.language=en -Duser.variant -javaagent:C:\Users\ktech\.gradle\wrapper\dists\gradle-9.4.1-bin\arn2x92ynaizyzdaamcbpbhtj\gradle-9.4.1\lib\agents\gradle-instrumentation-agent-9.4.1.jar 
java_command: org.gradle.launcher.daemon.bootstrap.GradleDaemon 9.4.1
java_class_path (initial): C:\Users\ktech\.gradle\wrapper\dists\gradle-9.4.1-bin\arn2x92ynaizyzdaamcbpbhtj\gradle-9.4.1\lib\gradle-daemon-main-9.4.1.jar
Launcher Type: SUN_STANDARD

[Global flags]
     intx CICompilerCount                          = 3                                         {product} {ergonomic}
     uint ConcGCThreads                            = 1                                         {product} {ergonomic}
     uint G1ConcRefinementThreads                  = 4                                         {product} {ergonomic}
   size_t G1HeapRegionSize                         = 1048576                                   {product} {ergonomic}
    uintx GCDrainStackTargetSize                   = 64                                        {product} {ergonomic}
   size_t InitialHeapSize                          = 199229440                                 {product} {ergonomic}
   size_t MarkStackSize                            = 4194304                                   {product} {ergonomic}
   size_t MaxHeapSize                              = 2147483648                                {product} {command line}
   size_t MaxNewSize                               = 1287651328                                {product} {ergonomic}
   size_t MinHeapDeltaBytes                        = 1048576                                   {product} {ergonomic}
   size_t MinHeapSize                              = 8388608                                   {product} {ergonomic}
    uintx NonNMethodCodeHeapSize                   = 5832780                                {pd product} {ergonomic}
    uintx NonProfiledCodeHeapSize                  = 122912730                              {pd product} {ergonomic}
    uintx ProfiledCodeHeapSize                     = 122912730                              {pd product} {ergonomic}
    uintx ReservedCodeCacheSize                    = 251658240                              {pd product} {ergonomic}
     bool SegmentedCodeCache                       = true                                      {product} {ergonomic}
   size_t SoftMaxHeapSize                          = 2147483648                             {manageable} {ergonomic}
     bool UseCompressedOops                        = true                           {product lp64_product} {ergonomic}
     bool UseG1GC                                  = true                                      {product} {ergonomic}
     bool UseLargePagesIndividualAllocation        = false                                  {pd product} {ergonomic}

Logging:
Log output configuration:
 #0: stdout all=warning uptime,level,tags foldmultilines=false
 #1: stderr all=off uptime,level,tags foldmultilines=false

Release file:
JAVA_VERSION="21.0.10" 
MODULES="java.base java.compiler java.datatransfer java.xml java.prefs java.desktop java.instrument java.logging java.management java.security.sasl java.naming java.rmi java.management.rmi java.net.http java.scripting java.security.jgss java.transaction.xa java.sql java.sql.rowset java.xml.crypto java.se java.smartcardio jdk.accessibility jdk.internal.jvmstat jdk.attach jdk.charsets jdk.internal.opt jdk.zipfs jdk.compiler jdk.crypto.ec jdk.crypto.cryptoki jdk.dynalink jdk.hotspot.agent jdk.httpserver jdk.internal.ed jdk.internal.le jdk.internal.vm.ci jdk.jartool jdk.javadoc jdk.jcmd jdk.jdeps jdk.jdwp.agent jdk.jdi jdk.jfr jdk.jlink jdk.jsobject jdk.localedata jdk.management jdk.management.agent jdk.management.jfr jdk.naming.dns jdk.naming.rmi jdk.net jdk.sctp jdk.security.auth jdk.security.jgss jdk.unsupported jdk.unsupported.desktop jdk.xml.dom" 
IMPLEMENTOR="JetBrains s.r.o." 
JAVA_RUNTIME_VERSION="21.0.10+-14961533-b1163.108" 
LIBC="default" 
OS_ARCH="x86_64" 
OS_NAME="Windows" 
SOURCE=".:git:1351622c2ff2" 

Environment Variables:
JAVA_HOME=C:\Program Files\Android\Android Studio\jbr
PATH=C:\Windows\system32;C:\Windows;C:\Windows\System32\Wbem;C:\Windows\System32\WindowsPowerShell\v1.0\;C:\Windows\System32\OpenSSH\;C:\Program Files\nodejs\;C:\Program Files\Git\cmd;C:\Users\ktech\AppData\Local\Microsoft\WindowsApps;C:\Users\ktech\AppData\Local\Programs\Microsoft VS Code\bin;C:\Users\ktech\AppData\Roaming\npm;C:\Program Files\Android\Android Studio\jbr\bin
USERNAME=ktech
OS=Windows_NT
PROCESSOR_IDENTIFIER=Intel64 Family 6 Model 142 Stepping 9, GenuineIntel
TMP=C:\Users\ktech\AppData\Local\Temp
TEMP=C:\Users\ktech\AppData\Local\Temp




Periodic native trim disabled

JNI global refs:
JNI global refs: 29, weak refs: 78

JNI global refs memory usage: 835, weak refs: 1465

Process memory usage:
Resident Set Size: 867480K (6% of 12437728K total physical memory with 247280K free physical memory)

OOME stack traces (most recent first):
Classloader memory used:
Loader org.gradle.internal.classloader.VisitableURLClassLoader                         : 113M
Loader org.gradle.internal.classloader.VisitableURLClassLoader$InstrumentingVisitableURLClassLoader: 84959K
Loader java.net.URLClassLoader                                                         : 61131K
Loader bootstrap                                                                       : 35779K
Loader org.gradle.initialization.MixInLegacyTypesClassLoader                           : 16325K
Loader jdk.internal.loader.ClassLoaders$AppClassLoader                                 : 10474K
Loader org.gradle.internal.classloader.VisitableURLClassLoader                         : 9056K
Loader jdk.internal.reflect.DelegatingClassLoader                                      : 1491K
Loader jdk.internal.jrtfs.JrtFileSystemProvider$JrtFsLoader                            : 1188K
Loader jdk.internal.loader.ClassLoaders$PlatformClassLoader                            : 1124K
Loader org.gradle.groovy.scripts.internal.DefaultScriptCompilationHandler$ScriptClassLoader: 293K
Loader sun.reflect.misc.MethodUtil                                                     : 3024B

Classes loaded by more than one classloader:
Class com.google.common.collect.Iterators$1                                           : loaded 11 times (x 81B)
Class com.google.common.collect.Iterators$5                                           : loaded 11 times (x 82B)
Class com.google.common.collect.Iterators$MergingIterator                             : loaded 11 times (x 81B)
Class com.google.common.base.Preconditions                                            : loaded 11 times (x 71B)
Class com.google.common.collect.ImmutableCollection                                   : loaded 11 times (x 125B)
Class com.google.common.collect.Lists                                                 : loaded 11 times (x 71B)
Class com.google.common.collect.UnmodifiableListIterator                              : loaded 11 times (x 95B)
Class com.google.common.collect.Iterators$9                                           : loaded 11 times (x 81B)
Class com.google.common.collect.PeekingIterator                                       : loaded 11 times (x 70B)
Class com.google.common.collect.AbstractIndexedListIterator                           : loaded 11 times (x 96B)
Class com.google.common.collect.AbstractIterator                                      : loaded 11 times (x 82B)
Class com.google.common.collect.Iterators$4                                           : loaded 11 times (x 82B)
Class com.google.common.collect.Lists$StringAsImmutableList                           : loaded 11 times (x 207B)
Class com.google.common.collect.Iterators                                             : loaded 11 times (x 71B)
Class com.google.common.collect.UnmodifiableIterator                                  : loaded 11 times (x 80B)
Class com.google.common.collect.ImmutableList                                         : loaded 11 times (x 206B)
Class com.google.common.collect.Iterators$ArrayItr                                    : loaded 11 times (x 97B)
Class com.google.common.base.ExtraObjectsMethodsForWeb                                : loaded 10 times (x 71B)
Class com.google.common.base.Objects                                                  : loaded 10 times (x 71B)
Class com.google.common.collect.Multimap                                              : loaded 10 times (x 70B)
Class com.google.common.collect.Iterators$SingletonIterator                           : loaded 10 times (x 81B)
Class kotlin.NotImplementedError                                                      : loaded 7 times (x 82B)
Class kotlin.text.StringsKt__StringsKt                                                : loaded 7 times (x 71B)
Class kotlin.collections.SetsKt___SetsKt                                              : loaded 7 times (x 71B)
Class kotlin.jvm.internal.markers.KMappedMarker                                       : loaded 7 times (x 70B)
Class kotlin.sequences.SequencesKt__SequencesKt                                       : loaded 7 times (x 71B)
Class kotlin.Unit                                                                     : loaded 7 times (x 71B)
Class kotlin.enums.EnumEntriesList                                                    : loaded 7 times (x 223B)
Class kotlin.jvm.internal.FunctionReference                                           : loaded 7 times (x 122B)
Class com.google.common.base.CharMatcher$Or                                           : loaded 7 times (x 112B)
Class kotlin.annotation.Target                                                        : loaded 7 times (x 70B)
Class com.google.common.collect.ImmutableCollection$Builder                           : loaded 7 times (x 76B)
Class kotlin.collections.EmptySet                                                     : loaded 7 times (x 122B)
Class kotlin.jvm.internal.FunctionBase                                                : loaded 7 times (x 70B)
Class com.google.common.base.Joiner                                                   : loaded 7 times (x 79B)
Class kotlin.collections.CollectionsKt___CollectionsKt                                : loaded 7 times (x 71B)
Class kotlin.TuplesKt                                                                 : loaded 7 times (x 71B)
Class kotlin.collections.CollectionsKt__IteratorsJVMKt                                : loaded 7 times (x 71B)
Class kotlin.text.StringsKt__StringBuilderJVMKt                                       : loaded 7 times (x 71B)
Class kotlin.jvm.functions.Function0                                                  : loaded 7 times (x 70B)
Class kotlin.collections.AbstractList$Companion                                       : loaded 7 times (x 71B)
Class kotlin.sequences.SequencesKt__SequenceBuilderKt                                 : loaded 7 times (x 71B)
Class kotlin.Pair                                                                     : loaded 7 times (x 72B)
Class kotlin.collections.CollectionsKt__CollectionsKt                                 : loaded 7 times (x 71B)
Class kotlin.annotation.Retention                                                     : loaded 7 times (x 70B)
Class com.intellij.gradle.toolingExtension.util.GradleVersionUtil                     : loaded 7 times (x 71B)
Class kotlin.reflect.KDeclarationContainer                                            : loaded 7 times (x 70B)
Class com.google.common.collect.ImmutableList$Builder                                 : loaded 7 times (x 77B)
Class kotlin.text.StringsKt___StringsJvmKt                                            : loaded 7 times (x 71B)
Class kotlin.collections.AbstractCollection                                           : loaded 7 times (x 117B)
Class kotlin.collections.AbstractList                                                 : loaded 7 times (x 197B)
Class kotlin.sequences.SequencesKt___SequencesKt                                      : loaded 7 times (x 71B)
Class com.google.common.base.CharMatcher$IsEither                                     : loaded 7 times (x 111B)
Class kotlin.collections.CollectionsKt                                                : loaded 7 times (x 71B)
Class kotlin.collections.CollectionsKt__MutableCollectionsKt                          : loaded 7 times (x 71B)
Class kotlin.sequences.SequencesKt__SequencesJVMKt                                    : loaded 7 times (x 71B)
Class com.google.common.base.CharMatcher$InRange                                      : loaded 7 times (x 111B)
Class kotlin.text.StringsKt__RegexExtensionsKt                                        : loaded 7 times (x 71B)
Class kotlin.collections.EmptyIterator                                                : loaded 7 times (x 89B)
Class kotlin.reflect.KCallable                                                        : loaded 7 times (x 70B)
Class com.google.common.collect.RegularImmutableAsList                                : loaded 7 times (x 217B)
Class com.google.common.collect.ImmutableSet$SetBuilderImpl                           : loaded 7 times (x 76B)
Class kotlin.text.CharsKt                                                             : loaded 7 times (x 71B)
Class kotlin.collections.CollectionsKt__ReversedViewsKt                               : loaded 7 times (x 71B)
Class kotlin.NoWhenBranchMatchedException                                             : loaded 7 times (x 82B)
Class kotlin.text.StringsKt__StringNumberConversionsJVMKt                             : loaded 7 times (x 71B)
Class com.google.common.base.CharMatcher$And                                          : loaded 7 times (x 112B)
Class kotlin.collections.ArraysKt___ArraysKt                                          : loaded 7 times (x 71B)
Class kotlin.collections.MapsKt___MapsKt                                              : loaded 7 times (x 71B)
Class kotlin.collections.MapsKt___MapsJvmKt                                           : loaded 7 times (x 71B)
Class kotlin.collections.ArraysKt___ArraysJvmKt                                       : loaded 7 times (x 71B)
Class kotlin.collections.EmptyList                                                    : loaded 7 times (x 174B)
Class com.google.common.base.Function                                                 : loaded 7 times (x 70B)
Class kotlin.collections.MapsKt__MapsJVMKt                                            : loaded 7 times (x 71B)
Class kotlin.ranges.IntProgression                                                    : loaded 7 times (x 81B)
Class kotlin.enums.EnumEntries                                                        : loaded 7 times (x 70B)
Class kotlin.text.StringsKt__RegexExtensionsJVMKt                                     : loaded 7 times (x 71B)
Class kotlin.jvm.KotlinReflectionNotSupportedError                                    : loaded 7 times (x 82B)
Class kotlin.text.StringsKt__StringBuilderKt                                          : loaded 7 times (x 71B)
Class kotlin.jvm.internal.CallableReference$NoReceiver                                : loaded 7 times (x 71B)
Class kotlin.enums.EnumEntriesKt                                                      : loaded 7 times (x 71B)
Class kotlin.text.StringsKt___StringsKt                                               : loaded 7 times (x 71B)
Class kotlin.ranges.IntRange                                                          : loaded 7 times (x 93B)
Class kotlin.text.CharsKt__CharJVMKt                                                  : loaded 7 times (x 71B)
Class kotlin.collections.CollectionsKt__MutableCollectionsJVMKt                       : loaded 7 times (x 71B)
Class kotlin.jvm.functions.Function1                                                  : loaded 7 times (x 70B)
Class kotlin.jvm.internal.CallableReference                                           : loaded 7 times (x 106B)
Class com.google.common.collect.RegularImmutableSortedSet                             : loaded 7 times (x 300B)
Class com.google.common.base.CharMatcher$IsNot                                        : loaded 7 times (x 111B)
Class com.google.common.base.CharMatcher$FastMatcher                                  : loaded 7 times (x 111B)
Class kotlin.sequences.SequencesKt___SequencesJvmKt                                   : loaded 7 times (x 71B)
Class kotlin.collections.ArraysKt__ArraysKt                                           : loaded 7 times (x 71B)
Class com.google.common.collect.ImmutableSortedSet                                    : loaded 7 times (x 300B)
Class com.google.common.collect.ImmutableSet$RegularSetBuilderImpl                    : loaded 7 times (x 77B)
Class kotlin.text.StringsKt__StringNumberConversionsKt                                : loaded 7 times (x 71B)
Class kotlin.collections.SetsKt__SetsJVMKt                                            : loaded 7 times (x 71B)
Class kotlin.Function                                                                 : loaded 7 times (x 70B)
Class kotlin.collections.ArraysKt__ArraysJVMKt                                        : loaded 7 times (x 71B)
Class kotlin.internal.ProgressionUtilKt                                               : loaded 7 times (x 71B)
Class kotlin.ranges.RangesKt                                                          : loaded 7 times (x 71B)
Class com.google.common.base.Joiner$2                                                 : loaded 7 times (x 79B)
Class com.google.common.base.CharMatcher$1                                            : loaded 7 times (x 113B)
Class com.google.common.base.CharMatcher$NamedFastMatcher                             : loaded 7 times (x 112B)
Class com.google.common.base.CharMatcher$NegatedFastMatcher                           : loaded 7 times (x 113B)
Class kotlin.text.StringsKt                                                           : loaded 7 times (x 71B)
Class com.google.common.collect.ImmutableAsList                                       : loaded 7 times (x 209B)
Class kotlin.sequences.Sequence                                                       : loaded 7 times (x 70B)
Class kotlin.collections.SetsKt__SetsKt                                               : loaded 7 times (x 71B)
Class com.google.common.base.CharMatcher$BitSetMatcher                                : loaded 7 times (x 112B)
Class com.google.common.collect.ImmutableList$1                                       : loaded 7 times (x 97B)
Class kotlin.reflect.KAnnotatedElement                                                : loaded 7 times (x 70B)
Class kotlin.collections.CollectionsKt__IteratorsKt                                   : loaded 7 times (x 71B)
Class com.google.common.collect.ImmutableSet$CachingAsList                            : loaded 7 times (x 148B)
Class com.google.common.base.Joiner$1                                                 : loaded 7 times (x 80B)
Class kotlin.collections.EmptyMap                                                     : loaded 7 times (x 109B)
Class kotlin.sequences.SequencesKt                                                    : loaded 7 times (x 71B)
Class com.google.common.collect.ImmutableSet                                          : loaded 7 times (x 145B)
Class kotlin.ranges.IntRange$Companion                                                : loaded 7 times (x 71B)
Class kotlin.jvm.internal.Intrinsics                                                  : loaded 7 times (x 71B)
Class kotlin.collections.CollectionsKt__CollectionsJVMKt                              : loaded 7 times (x 71B)
Class com.google.common.collect.ImmutableList$SubList                                 : loaded 7 times (x 209B)
Class com.google.common.base.CharMatcher                                              : loaded 7 times (x 111B)
Class com.google.common.base.CharMatcher$AnyOf                                        : loaded 7 times (x 112B)
Class com.google.common.collect.RegularImmutableList                                  : loaded 7 times (x 213B)
Class com.google.common.base.CharMatcher$ForPredicate                                 : loaded 7 times (x 112B)
Class kotlin.ranges.ClosedRange                                                       : loaded 7 times (x 70B)
Class kotlin.ranges.RangesKt__RangesKt                                                : loaded 7 times (x 71B)
Class kotlin.text.StringsKt__StringsJVMKt                                             : loaded 7 times (x 71B)
Class kotlin.collections.ArraysKt                                                     : loaded 7 times (x 71B)
Class kotlin.text.CharsKt__CharKt                                                     : loaded 7 times (x 71B)
Class kotlin.collections.CollectionsKt___CollectionsJvmKt                             : loaded 7 times (x 71B)
Class kotlin.collections.MapsKt                                                       : loaded 7 times (x 71B)
Class kotlin.collections.CollectionsKt__IterablesKt                                   : loaded 7 times (x 71B)
Class com.google.common.base.Predicate                                                : loaded 7 times (x 70B)
Class kotlin.jvm.functions.Function2                                                  : loaded 7 times (x 70B)
Class com.google.common.collect.RegularImmutableSet                                   : loaded 7 times (x 149B)
Class kotlin.collections.SetsKt                                                       : loaded 7 times (x 71B)
Class kotlin.collections.MapsKt__MapWithDefaultKt                                     : loaded 7 times (x 71B)
Class com.google.common.collect.SingletonImmutableList                                : loaded 7 times (x 207B)
Class kotlin.text.StringsKt__IndentKt                                                 : loaded 7 times (x 71B)
Class com.google.common.collect.SortedIterable                                        : loaded 7 times (x 70B)
Class kotlin.ranges.OpenEndRange                                                      : loaded 7 times (x 70B)
Class kotlin.KotlinNullPointerException                                               : loaded 7 times (x 83B)
Class kotlin.UninitializedPropertyAccessException                                     : loaded 7 times (x 82B)
Class kotlin.reflect.KFunction                                                        : loaded 7 times (x 70B)
Class com.google.common.collect.SingletonImmutableSet                                 : loaded 7 times (x 146B)
Class com.google.common.collect.ImmutableList$ReverseImmutableList                    : loaded 7 times (x 209B)
Class kotlin.collections.MapsKt__MapsKt                                               : loaded 7 times (x 71B)
Class kotlin.ranges.RangesKt___RangesKt                                               : loaded 7 times (x 71B)
Class kotlin.Metadata                                                                 : loaded 7 times (x 70B)
Class kotlin.collections.ArraysUtilJVM                                                : loaded 7 times (x 71B)
Class kotlin.text.StringsKt__AppendableKt                                             : loaded 7 times (x 71B)
Class kotlin.ranges.IntProgression$Companion                                          : loaded 7 times (x 71B)
Class com.google.common.base.CharMatcher$Is                                           : loaded 7 times (x 111B)
Class com.google.common.base.CharMatcher$Negated                                      : loaded 7 times (x 113B)
Class com.google.common.collect.ImmutableMultimap$2                                   : loaded 6 times (x 81B)
Class com.google.common.collect.ImmutableMap$MapViewOfValuesAsSingletonSets           : loaded 6 times (x 126B)
Class kotlin.jvm.internal.Lambda                                                      : loaded 6 times (x 75B)
Class com.google.common.collect.ImmutableMap$IteratorBasedImmutableMap                : loaded 6 times (x 126B)
Class com.google.common.collect.RegularImmutableMap                                   : loaded 6 times (x 121B)
Class com.google.common.collect.LexicographicalOrdering                               : loaded 6 times (x 115B)
Class com.google.common.base.JdkPattern                                               : loaded 6 times (x 75B)
Class com.google.common.base.Equivalence$Equals                                       : loaded 6 times (x 82B)
Class com.google.common.collect.AbstractListMultimap                                  : loaded 6 times (x 172B)
Class com.google.common.collect.ImmutableBiMap                                        : loaded 6 times (x 143B)
Class com.google.common.collect.ImmutableMultimap$1                                   : loaded 6 times (x 82B)
Class com.google.common.collect.Hashing                                               : loaded 6 times (x 71B)
Class kotlin.sequences.SequenceBuilderIterator                                        : loaded 6 times (x 85B)
Class com.google.common.collect.ImmutableSet$JdkBackedSetBuilderImpl                  : loaded 6 times (x 76B)
Class com.google.common.base.Suppliers$NonSerializableMemoizingSupplier               : loaded 6 times (x 79B)
Class com.google.common.collect.RegularImmutableMap$BucketOverflowException           : loaded 6 times (x 82B)
Class kotlin.coroutines.intrinsics.IntrinsicsKt__IntrinsicsKt                         : loaded 6 times (x 71B)
Class com.google.common.collect.ImmutableSortedAsList                                 : loaded 6 times (x 221B)
Class kotlin.collections.IntIterator                                                  : loaded 6 times (x 82B)
Class com.google.common.collect.ImmutableMultimap$Values                              : loaded 6 times (x 126B)
Class kotlin.coroutines.EmptyCoroutineContext                                         : loaded 6 times (x 77B)
Class com.google.common.collect.ByFunctionOrdering                                    : loaded 6 times (x 115B)
Class com.google.common.collect.Iterators$6                                           : loaded 6 times (x 81B)
Class kotlin.coroutines.intrinsics.CoroutineSingletons                                : loaded 6 times (x 79B)
Class com.google.common.primitives.IntsMethodsForWeb                                  : loaded 6 times (x 71B)
Class com.google.common.collect.ImmutableMultimap$Keys                                : loaded 6 times (x 166B)
Class com.google.common.collect.ImmutableSetMultimap                                  : loaded 6 times (x 180B)
Class com.google.common.collect.Iterables                                             : loaded 6 times (x 71B)
Class com.google.common.base.Converter                                                : loaded 6 times (x 90B)
Class com.google.common.collect.ImmutableMap                                          : loaded 6 times (x 120B)
Class com.google.common.base.Present                                                  : loaded 6 times (x 81B)
Class com.google.common.base.Supplier                                                 : loaded 6 times (x 70B)
Class com.google.common.collect.AbstractMapBasedMultimap                              : loaded 6 times (x 139B)
Class com.google.common.base.FunctionalEquivalence                                    : loaded 6 times (x 83B)
Class com.google.common.collect.ImmutableEnumSet                                      : loaded 6 times (x 146B)
Class kotlin.LazyKt                                                                   : loaded 6 times (x 71B)
Class com.google.common.collect.ImmutableMap$Builder                                  : loaded 6 times (x 82B)
Class com.google.common.base.NullnessCasts                                            : loaded 6 times (x 71B)
Class com.google.common.collect.Maps$IteratorBasedAbstractMap                         : loaded 6 times (x 125B)
Class kotlin.coroutines.jvm.internal.RestrictedContinuationImpl                       : loaded 6 times (x 87B)
Class com.google.common.collect.ImmutableMultiset                                     : loaded 6 times (x 163B)
Class kotlin.ranges.IntProgressionIterator                                            : loaded 6 times (x 82B)
Class kotlin.coroutines.intrinsics.IntrinsicsKt                                       : loaded 6 times (x 71B)
Class kotlin.LazyKt__LazyJVMKt                                                        : loaded 6 times (x 71B)
Class kotlin.coroutines.jvm.internal.DebugProbesKt                                    : loaded 6 times (x 71B)
Class kotlin.coroutines.CoroutineContext                                              : loaded 6 times (x 70B)
Class kotlin.jvm.internal.markers.KMutableCollection                                  : loaded 6 times (x 70B)
Class kotlin.jvm.internal.markers.KMutableList                                        : loaded 6 times (x 70B)
Class com.google.common.collect.UsingToStringOrdering                                 : loaded 6 times (x 114B)
Class com.google.common.collect.Maps$EntryTransformer                                 : loaded 6 times (x 70B)
Class com.google.common.collect.ImmutableMapEntrySet                                  : loaded 6 times (x 152B)
Class com.google.common.base.CommonPattern                                            : loaded 6 times (x 74B)
Class com.google.common.math.MathPreconditions                                        : loaded 6 times (x 71B)
Class com.google.common.collect.ImmutableMapKeySet                                    : loaded 6 times (x 152B)
Class com.google.common.collect.ObjectArrays                                          : loaded 6 times (x 71B)
Class com.google.common.collect.ArrayListMultimapGwtSerializationDependencies         : loaded 6 times (x 172B)
Class com.google.common.collect.Multiset                                              : loaded 6 times (x 70B)
Class kotlin.Result$Failure                                                           : loaded 6 times (x 72B)
Class com.google.common.math.IntMath                                                  : loaded 6 times (x 71B)
Class com.google.common.collect.ImmutableMapEntry                                     : loaded 6 times (x 85B)
Class com.google.common.base.Absent                                                   : loaded 6 times (x 80B)
Class com.google.common.primitives.Ints                                               : loaded 6 times (x 71B)
Class com.google.common.collect.NullsFirstOrdering                                    : loaded 6 times (x 115B)
Class com.google.common.base.Suppliers                                                : loaded 6 times (x 71B)
Class kotlin.ResultKt                                                                 : loaded 6 times (x 71B)
Class com.google.common.collect.NullsLastOrdering                                     : loaded 6 times (x 115B)
Class com.google.common.collect.ImmutableMultimap                                     : loaded 6 times (x 147B)
Class com.google.common.collect.ImmutableMap$1                                        : loaded 6 times (x 81B)
Class com.google.common.collect.BiMap                                                 : loaded 6 times (x 70B)
Class com.google.common.collect.IndexedImmutableSet                                   : loaded 6 times (x 152B)
Class com.google.common.collect.ImmutableMapEntry$NonTerminalImmutableMapEntry        : loaded 6 times (x 85B)
Class com.google.common.base.Equivalence                                              : loaded 6 times (x 82B)
Class com.google.common.collect.IndexedImmutableSet$1                                 : loaded 6 times (x 213B)
Class com.google.common.collect.Maps                                                  : loaded 6 times (x 71B)
Class com.google.common.collect.ImmutableBiMap$Builder                                : loaded 6 times (x 82B)
Class com.google.common.collect.Multimaps                                             : loaded 6 times (x 71B)
Class com.google.common.collect.ImmutableMapEntrySet$RegularEntrySet                  : loaded 6 times (x 152B)
Class com.google.common.collect.Maps$BiMapConverter                                   : loaded 6 times (x 90B)
Class com.google.common.collect.ExplicitOrdering                                      : loaded 6 times (x 115B)
Class kotlin.jvm.internal.DefaultConstructorMarker                                    : loaded 6 times (x 71B)
Class kotlin.Lazy                                                                     : loaded 6 times (x 70B)
Class com.google.common.collect.SortedMapDifference                                   : loaded 6 times (x 70B)
Class com.google.common.collect.Sets                                                  : loaded 6 times (x 71B)
Class [Lcom.google.common.collect.ImmutableEntry;                                     : loaded 6 times (x 69B)
Class kotlin.jvm.internal.CollectionToArray                                           : loaded 6 times (x 71B)
Class com.google.common.base.Optional                                                 : loaded 6 times (x 80B)
Class com.google.common.collect.Sets$3$1                                              : loaded 6 times (x 82B)
Class com.google.common.collect.CollectSpliterators                                   : loaded 6 times (x 71B)
Class kotlin.SynchronizedLazyImpl                                                     : loaded 6 times (x 76B)
Class com.google.common.collect.SetMultimap                                           : loaded 6 times (x 70B)
Class com.google.common.collect.ImmutableSet$Builder                                  : loaded 6 times (x 85B)
Class kotlin.coroutines.jvm.internal.RestrictedSuspendLambda                          : loaded 6 times (x 91B)
Class com.google.common.collect.CompoundOrdering                                      : loaded 6 times (x 115B)
Class kotlin.io.CloseableKt                                                           : loaded 6 times (x 71B)
Class com.google.common.collect.Maps$8                                                : loaded 6 times (x 82B)
Class com.google.common.collect.ReverseNaturalOrdering                                : loaded 6 times (x 114B)
Class com.google.common.collect.AbstractMultimap                                      : loaded 6 times (x 123B)
Class com.google.common.collect.Sets$ImprovedAbstractSet                              : loaded 6 times (x 135B)
Class com.google.common.base.Suppliers$MemoizingSupplier                              : loaded 6 times (x 79B)
Class com.google.common.collect.AbstractSetMultimap                                   : loaded 6 times (x 174B)
Class com.google.common.collect.ReverseOrdering                                       : loaded 6 times (x 115B)
Class com.google.common.collect.CollectPreconditions                                  : loaded 6 times (x 71B)
Class kotlin.sequences.SequencesKt__SequenceBuilderKt$sequence$$inlined$Sequence$1    : loaded 6 times (x 75B)
Class com.google.common.base.Ascii                                                    : loaded 6 times (x 71B)
Class com.google.common.collect.SortedSetMultimap                                     : loaded 6 times (x 70B)
Class com.google.common.collect.AbstractMapEntry                                      : loaded 6 times (x 81B)
Class com.google.common.collect.Sets$SetView                                          : loaded 6 times (x 138B)
Class com.google.common.collect.SingletonImmutableBiMap                               : loaded 6 times (x 143B)
Class kotlin.text.Regex                                                               : loaded 6 times (x 72B)
Class com.google.common.collect.Platform                                              : loaded 6 times (x 71B)
Class kotlin.Result                                                                   : loaded 6 times (x 72B)
Class kotlin.LazyKt__LazyKt                                                           : loaded 6 times (x 71B)
Class com.google.common.graph.SuccessorsFunction                                      : loaded 6 times (x 70B)
Class com.google.common.collect.BaseImmutableMultimap                                 : loaded 6 times (x 123B)
Class com.google.common.collect.EmptyImmutableListMultimap                            : loaded 6 times (x 176B)
Class kotlin.UNINITIALIZED_VALUE                                                      : loaded 6 times (x 71B)
Class com.google.common.collect.ImmutableEntry                                        : loaded 6 times (x 82B)
Class kotlin.jvm.functions.Function4                                                  : loaded 6 times (x 70B)
Class [Lcom.google.common.collect.AbstractMapEntry;                                   : loaded 6 times (x 69B)
Class com.google.common.collect.ArrayListMultimap                                     : loaded 6 times (x 172B)
Class com.google.common.collect.ImmutableListMultimap                                 : loaded 6 times (x 176B)
Class com.google.common.collect.Maps$IteratorBasedAbstractMap$1                       : loaded 6 times (x 138B)
Class com.google.common.collect.Ordering                                              : loaded 6 times (x 114B)
Class [Lkotlin.coroutines.intrinsics.CoroutineSingletons;                             : loaded 6 times (x 69B)
Class kotlin.coroutines.Continuation                                                  : loaded 6 times (x 70B)
Class kotlin.text.Regex$Companion                                                     : loaded 6 times (x 71B)
Class kotlin._Assertions                                                              : loaded 6 times (x 71B)
Class com.google.common.base.PairwiseEquivalence                                      : loaded 6 times (x 83B)
Class com.google.common.base.Equivalence$Identity                                     : loaded 6 times (x 82B)
Class com.google.common.math.IntMath$1                                                : loaded 6 times (x 71B)
Class com.google.common.collect.MapDifference                                         : loaded 6 times (x 70B)
Class [Lcom.google.common.collect.ImmutableMapEntry;                                  : loaded 6 times (x 69B)
Class com.google.common.collect.TransformedIterator                                   : loaded 6 times (x 80B)
Class com.google.common.collect.AllEqualOrdering                                      : loaded 6 times (x 114B)
Class com.google.common.collect.ImmutableMultimap$Builder                             : loaded 6 times (x 83B)
Class kotlin.collections.MapWithDefault                                               : loaded 6 times (x 70B)
Class com.google.common.collect.ImmutableSet$EmptySetBuilderImpl                      : loaded 6 times (x 76B)
Class com.google.common.collect.ImmutableMultisetGwtSerializationDependencies         : loaded 6 times (x 125B)
Class kotlin.coroutines.jvm.internal.SuspendFunction                                  : loaded 6 times (x 70B)
Class com.google.common.collect.Sets$4                                                : loaded 6 times (x 139B)
Class com.google.common.collect.Maps$EntrySet                                         : loaded 6 times (x 136B)
Class com.google.common.collect.RegularImmutableMap$KeySet                            : loaded 6 times (x 152B)
Class com.google.common.collect.ImmutableMultimap$EntryCollection                     : loaded 6 times (x 128B)
Class kotlin.Result$Companion                                                         : loaded 6 times (x 71B)
Class com.google.common.collect.Sets$3                                                : loaded 6 times (x 139B)
Class kotlin.coroutines.intrinsics.IntrinsicsKt__IntrinsicsJvmKt                      : loaded 6 times (x 71B)
Class kotlin.coroutines.jvm.internal.CoroutineStackFrame                              : loaded 6 times (x 70B)
Class kotlin.coroutines.jvm.internal.BaseContinuationImpl                             : loaded 6 times (x 87B)
Class com.google.common.collect.RegularImmutableMap$Values                            : loaded 6 times (x 207B)
Class com.google.common.collect.Sets$2                                                : loaded 6 times (x 139B)
Class com.google.common.collect.NaturalOrdering                                       : loaded 6 times (x 115B)
Class kotlin.sequences.SequenceScope                                                  : loaded 6 times (x 73B)
Class kotlin.jvm.internal.markers.KMutableIterable                                    : loaded 6 times (x 70B)
Class com.google.common.collect.Sets$1                                                : loaded 6 times (x 139B)
Class com.google.common.collect.ComparatorOrdering                                    : loaded 6 times (x 115B)
Class com.google.common.collect.RegularImmutableBiMap                                 : loaded 6 times (x 149B)
Class com.google.common.collect.ImmutableEnumMap                                      : loaded 6 times (x 126B)
Class com.google.common.collect.CollectSpliterators$1WithCharacteristics              : loaded 6 times (x 90B)
Class com.google.common.collect.ListMultimap                                          : loaded 6 times (x 70B)
Class kotlin.collections.AbstractMutableList                                          : loaded 6 times (x 206B)
Class com.amazon.ion.impl.bin.BlockAllocator                                          : loaded 5 times (x 80B)
Class kotlin.reflect.jvm.internal.ReflectProperties$Val$1                             : loaded 5 times (x 71B)
Class com.amazon.ion.impl.bin.BlockAllocatorProvider                                  : loaded 5 times (x 72B)
Class org.jetbrains.plugins.gradle.tooling.serialization.internal.IdeaProjectSerializationService$WriteContext: loaded 5 times (x 72B)
Class com.intellij.gradle.toolingExtension.impl.model.sourceSetDependencyModel.GradleSourceSetDependencySerialisationService: loaded 5 times (x 77B)
Class org.jetbrains.plugins.gradle.model.GradleSourceSetModel                         : loaded 5 times (x 70B)
Class org.jetbrains.plugins.gradle.tooling.serialization.RepositoriesModelSerializationService$WriteContext: loaded 5 times (x 72B)
Class kotlin.reflect.KType                                                            : loaded 5 times (x 70B)
Class com.amazon.ion.impl._Private_IonBinaryWriterBuilder                             : loaded 5 times (x 115B)
Class kotlin.jvm.functions.Function3                                                  : loaded 5 times (x 70B)
Class org.jetbrains.plugins.gradle.model.GradleBuildScriptClasspathModel              : loaded 5 times (x 70B)
Class com.amazon.ion.IonStruct                                                        : loaded 5 times (x 70B)
Class com.amazon.ion.impl.lite.IonSystemLite                                          : loaded 5 times (x 275B)
Class com.amazon.ion.util.InputStreamInterceptor                                      : loaded 5 times (x 70B)
Class com.amazon.ion.impl.bin.IonRawBinaryWriter$PreallocationMode                    : loaded 5 times (x 82B)
Class com.amazon.ion.impl.bin._Private_IonRawWriter                                   : loaded 5 times (x 70B)
Class com.amazon.ion.IonWriter                                                        : loaded 5 times (x 70B)
Class com.amazon.ion.impl.bin.IonManagedBinaryWriter$SymbolState                      : loaded 5 times (x 80B)
Class kotlin.reflect.jvm.internal.KDeclarationContainerImpl$Data                      : loaded 5 times (x 72B)
Class com.amazon.ion.BufferConfiguration$DataHandler                                  : loaded 5 times (x 70B)
Class com.android.ide.gradle.model.dependencies.Coordinates                           : loaded 5 times (x 70B)
Class com.amazon.ion.impl.lite.IonSequenceLite                                        : loaded 5 times (x 432B)
Class com.amazon.ion.impl._Private_Utils$1                                            : loaded 5 times (x 89B)
Class com.amazon.ion.impl.SymbolTableAsStruct                                         : loaded 5 times (x 70B)
Class com.amazon.ion.UnsupportedIonVersionException                                   : loaded 5 times (x 85B)
Class com.intellij.gradle.toolingExtension.impl.model.taskModel.GradleTaskSerialisationService$Companion: loaded 5 times (x 71B)
Class org.jetbrains.plugins.gradle.tooling.serialization.GradleExtensionsSerializationService$WriteContext: loaded 5 times (x 72B)
Class org.jetbrains.plugins.gradle.javaModel.JavaGradleManifestModel                  : loaded 5 times (x 70B)
Class [Lcom.amazon.ion.impl.bin.IonRawBinaryWriter$StreamFlushMode;                   : loaded 5 times (x 69B)
Class kotlin.jvm.internal.ClassBasedDeclarationContainer                              : loaded 5 times (x 70B)
Class [Lkotlin.reflect.jvm.internal.impl.resolve.jvm.JvmPrimitiveType;                : loaded 5 times (x 69B)
Class com.amazon.ion.SymbolTable                                                      : loaded 5 times (x 70B)
Class com.android.ide.gradle.model.dependencies.DeclaredDependencies                  : loaded 5 times (x 70B)
Class com.amazon.ion.impl.bin.IonManagedBinaryWriter$UserState$1                      : loaded 5 times (x 85B)
Class org.jetbrains.plugins.gradle.tooling.serialization.internal.IdeaProjectSerializationService$ReadContext: loaded 5 times (x 72B)
Class com.amazon.ion.impl._Private_LocalSymbolTable                                   : loaded 5 times (x 70B)
Class com.amazon.ion.ReadOnlyValueException                                           : loaded 5 times (x 84B)
Class com.amazon.ion.impl.bin.IonManagedBinaryWriter$ImportDescriptor                 : loaded 5 times (x 76B)
Class com.amazon.ion.IonSexp                                                          : loaded 5 times (x 70B)
Class com.amazon.ion.UnexpectedEofException                                           : loaded 5 times (x 84B)
Class kotlin.reflect.jvm.internal.impl.builtins.PrimitiveType$Companion               : loaded 5 times (x 71B)
Class org.jetbrains.plugins.gradle.tooling.util.IntObjectMap$1                        : loaded 5 times (x 77B)
Class kotlin.reflect.jvm.internal.KClassImpl$Data                                     : loaded 5 times (x 72B)
Class gnu.trove.PrimeFinder                                                           : loaded 5 times (x 71B)
Class kotlin.jvm.internal.ReflectionFactory                                           : loaded 5 times (x 91B)
Class jdk.internal.jimage.BasicImageReader                                            : loaded 5 times (x 95B)
Class com.amazon.ion.impl.bin.AbstractIonWriter                                       : loaded 5 times (x 161B)
Class gnu.trove.TObjectHash                                                           : loaded 5 times (x 94B)
Class kotlin.reflect.KProperty$Accessor                                               : loaded 5 times (x 70B)
Class [Lkotlin.reflect.KCallable;                                                     : loaded 5 times (x 69B)
Class org.jetbrains.plugins.gradle.tooling.util.ObjectCollector$Processor             : loaded 5 times (x 70B)
Class jdk.internal.jimage.ImageStrings                                                : loaded 5 times (x 70B)
Class com.amazon.ion.impl._Private_RecyclingQueue$ElementFactory                      : loaded 5 times (x 70B)
Class com.amazon.ion.impl._Private_IonContainer                                       : loaded 5 times (x 70B)
Class com.intellij.gradle.toolingExtension.impl.model.buildScriptClasspathModel.GradleBuildScriptClasspathSerializationService$ReadContext: loaded 5 times (x 72B)
Class com.intellij.gradle.toolingExtension.impl.model.taskModel.GradleTaskSerialisationService: loaded 5 times (x 76B)
Class com.amazon.ion.system.SimpleCatalog                                             : loaded 5 times (x 91B)
Class kotlin.reflect.KMutableProperty1                                                : loaded 5 times (x 70B)
Class com.amazon.ion.BufferConfiguration                                              : loaded 5 times (x 73B)
Class com.android.ide.gradle.model.LegacyV1AgpVersionModel                            : loaded 5 times (x 70B)
Class kotlin.collections.ArrayAsCollection                                            : loaded 5 times (x 105B)
Class com.google.common.collect.Maps$9                                                : loaded 5 times (x 76B)
Class kotlin.jvm.functions.Function5                                                  : loaded 5 times (x 70B)
Class com.amazon.ion.impl._Private_RecyclingQueue                                     : loaded 5 times (x 80B)
Class org.jetbrains.plugins.gradle.model.GradleSourceSetDependencyModel               : loaded 5 times (x 70B)
Class com.amazon.ion.IonString                                                        : loaded 5 times (x 70B)
Class kotlin.reflect.jvm.internal.impl.builtins.CompanionObjectMapping                : loaded 5 times (x 71B)
Class jdk.internal.jimage.ImageReader$Directory                                       : loaded 5 times (x 84B)
Class com.google.common.collect.LinkedHashMultimapGwtSerializationDependencies        : loaded 5 times (x 174B)
Class com.amazon.ion.system.IonReaderBuilder                                          : loaded 5 times (x 95B)
Class org.jetbrains.plugins.gradle.model.AnnotationProcessingConfig                   : loaded 5 times (x 70B)
Class com.amazon.ion.IonReader                                                        : loaded 5 times (x 70B)
Class com.intellij.gradle.toolingExtension.impl.model.utilDummyModel.DummyModel       : loaded 5 times (x 70B)
Class org.jetbrains.plugins.gradle.model.FileCollectionDependency                     : loaded 5 times (x 70B)
Class com.amazon.ion.impl.lite.IonTimestampLite                                       : loaded 5 times (x 192B)
Class com.amazon.ion.impl.LocalSymbolTableAsStruct                                    : loaded 5 times (x 126B)
Class com.google.common.base.CaseFormat$1                                             : loaded 5 times (x 83B)
Class kotlin.reflect.jvm.internal.impl.builtins.jvm.JavaToKotlinClassMap$PlatformMutabilityMapping: loaded 5 times (x 72B)
Class gnu.trove.Equality                                                              : loaded 5 times (x 70B)
Class kotlin.jvm.internal.SpreadBuilder                                               : loaded 5 times (x 76B)
Class com.intellij.gradle.toolingExtension.impl.model.buildScriptClasspathModel.GradleBuildScriptClasspathSerializationService: loaded 5 times (x 77B)
Class kotlin.reflect.jvm.internal.KClassImpl                                          : loaded 5 times (x 115B)
Class com.amazon.ion.impl.bin.IonManagedBinaryWriter$ImportedSymbolResolverMode       : loaded 5 times (x 80B)
Class org.jetbrains.plugins.gradle.tooling.serialization.internal.IdeaProjectSerializationService: loaded 5 times (x 77B)
Class com.amazon.ion.impl.LocalSymbolTable$Factory                                    : loaded 5 times (x 77B)
Class kotlin.reflect.full.IllegalPropertyDelegateAccessException                      : loaded 5 times (x 82B)
Class kotlin.LazyThreadSafetyMode                                                     : loaded 5 times (x 79B)
Class [Lkotlin.reflect.jvm.internal.impl.builtins.jvm.JavaToKotlinClassMap$PlatformMutabilityMapping;: loaded 5 times (x 69B)
Class kotlin.jvm.internal.MutablePropertyReference0                                   : loaded 5 times (x 137B)
Class com.amazon.ion.impl._Private_RecyclingStack$$Iterator                           : loaded 5 times (x 99B)
Class com.amazon.ion.impl.SharedSymbolTable                                           : loaded 5 times (x 93B)
Class com.amazon.ion.impl.bin.IonRawBinaryWriter                                      : loaded 5 times (x 169B)
Class com.amazon.ion.SymbolToken                                                      : loaded 5 times (x 70B)
Class kotlin.jvm.functions.Function6                                                  : loaded 5 times (x 70B)
Class com.amazon.ion.IonFloat                                                         : loaded 5 times (x 70B)
Class com.amazon.ion.impl.lite.IonListLite                                            : loaded 5 times (x 490B)
Class org.jetbrains.kotlin.idea.projectModel.KotlinTaskProperties                     : loaded 5 times (x 70B)
Class com.amazon.ion.impl.lite.IonSexpLite                                            : loaded 5 times (x 490B)
Class com.google.common.collect.ForwardingObject                                      : loaded 5 times (x 72B)
Class kotlin.jvm.internal.PropertyReference2                                          : loaded 5 times (x 127B)
Class kotlin.jvm.internal.MutablePropertyReference                                    : loaded 5 times (x 119B)
Class kotlin.LazyKt__LazyJVMKt$WhenMappings                                           : loaded 5 times (x 71B)
Class com.google.common.collect.MultimapBuilder$ListMultimapBuilder                   : loaded 5 times (x 75B)
Class jdk.internal.jrtfs.SystemImage                                                  : loaded 5 times (x 74B)
Class jdk.internal.jimage.ImageReader$SharedImageReader$LocationVisitor               : loaded 5 times (x 70B)
Class com.amazon.ion.SubstituteSymbolTableException                                   : loaded 5 times (x 84B)
Class com.amazon.ion.impl.SymbolTokenImpl                                             : loaded 5 times (x 81B)
Class com.amazon.ion.IonText                                                          : loaded 5 times (x 70B)
Class com.android.ide.gradle.model.LegacyAndroidGradlePluginProperties                : loaded 5 times (x 70B)
Class kotlin.reflect.jvm.internal.KTypeParameterOwnerImpl                             : loaded 5 times (x 70B)
Class [Lcom.amazon.ion.impl.bin.IonRawBinaryWriter$PreallocationMode;                 : loaded 5 times (x 69B)
Class com.amazon.ion.impl.bin.utf8.Pool$Allocator                                     : loaded 5 times (x 70B)
Class com.amazon.ion.impl.bin.utf8.Utf8StringEncoder$Result                           : loaded 5 times (x 74B)
Class com.amazon.ion.util._Private_FastAppendable                                     : loaded 5 times (x 70B)
Class com.google.common.base.CaseFormat$2                                             : loaded 5 times (x 83B)
Class kotlin.jvm.functions.Function20                                                 : loaded 5 times (x 70B)
Class com.amazon.ion.impl._Private_IonReaderBuilder$TwoElementInputStream             : loaded 5 times (x 92B)
Class com.amazon.ion.impl.lite.IonIntLite                                             : loaded 5 times (x 189B)
Class kotlin.jvm.internal.PropertyReference1                                          : loaded 5 times (x 127B)
Class kotlin.reflect.full.IllegalCallableAccessException                              : loaded 5 times (x 82B)
Class com.amazon.ion.impl.bin.IonManagedBinaryWriter$UserState$2                      : loaded 5 times (x 85B)
Class com.amazon.ion.impl._Private_IonValue                                           : loaded 5 times (x 70B)
Class com.amazon.ion.IonClob                                                          : loaded 5 times (x 70B)
Class org.jetbrains.plugins.gradle.tooling.ModelBuilderService$Parameter              : loaded 5 times (x 70B)
Class com.amazon.ion.system.IonWriterBuilderBase                                      : loaded 5 times (x 83B)
Class com.amazon.ion.impl.lite.IonBoolLite                                            : loaded 5 times (x 178B)
Class com.google.common.collect.ImmutableSortedSet$Builder                            : loaded 5 times (x 86B)
Class kotlin.reflect.KClassifier                                                      : loaded 5 times (x 70B)
Class kotlin.reflect.KMutableProperty0                                                : loaded 5 times (x 70B)
Class com.intellij.gradle.toolingExtension.impl.model.sourceSetModel.GradleSourceSetSerialisationService: loaded 5 times (x 77B)
Class kotlin.jvm.internal.PropertyReference0                                          : loaded 5 times (x 127B)
Class com.amazon.ion.impl.bin.IonManagedBinaryWriter$ImportedSymbolContext            : loaded 5 times (x 72B)
Class com.amazon.ion.IonSystem                                                        : loaded 5 times (x 70B)
Class kotlin.reflect.jvm.internal.KDeclarationContainerImpl$Companion                 : loaded 5 times (x 71B)
Class kotlin.jvm.functions.Function7                                                  : loaded 5 times (x 70B)
Class kotlin.reflect.jvm.internal.impl.name.Name                                      : loaded 5 times (x 75B)
Class jdk.internal.jrtfs.JrtPath                                                      : loaded 5 times (x 118B)
Class jdk.internal.jimage.ImageBufferCache                                            : loaded 5 times (x 71B)
Class com.intellij.gradle.toolingExtension.impl.model.sourceSetModel.GradleSourceSetSerialisationService$Companion: loaded 5 times (x 71B)
Class com.amazon.ion.impl.lite.IonLobLite                                             : loaded 5 times (x 184B)
Class org.jetbrains.plugins.gradle.tooling.serialization.internal.adapter.Supplier    : loaded 5 times (x 70B)
Class com.amazon.ion.IonList                                                          : loaded 5 times (x 70B)
Class com.amazon.ion.impl.lite.IonTextLite                                            : loaded 5 times (x 181B)
Class kotlin.jvm.internal.markers.KMutableListIterator                                : loaded 5 times (x 70B)
Class com.amazon.ion.IonNumber                                                        : loaded 5 times (x 70B)
Class [Lcom.google.common.collect.LinkedHashMultimap$ValueEntry;                      : loaded 5 times (x 69B)
Class gnu.trove.TObjectHashingStrategy                                                : loaded 5 times (x 70B)
Class org.jetbrains.plugins.gradle.tooling.serialization.SerializationService         : loaded 5 times (x 70B)
Class com.amazon.ion.impl.LocalSymbolTable                                            : loaded 5 times (x 121B)
Class com.amazon.ion.impl.lite.IonBlobLite                                            : loaded 5 times (x 219B)
Class kotlin.collections.builders.MapBuilder$Companion                                : loaded 5 times (x 71B)
Class com.google.common.base.CaseFormat$3                                             : loaded 5 times (x 83B)
Class kotlin.jvm.functions.Function21                                                 : loaded 5 times (x 70B)
Class kotlin.jvm.functions.Function8                                                  : loaded 5 times (x 70B)
Class [Lkotlin.annotation.AnnotationRetention;                                        : loaded 5 times (x 69B)
Class [Ldagger.hilt.processor.internal.optionvalues.GradleProjectType;                : loaded 5 times (x 69B)
Class kotlin.reflect.jvm.internal.impl.name.ClassId                                   : loaded 5 times (x 72B)
Class kotlin.reflect.jvm.internal.impl.name.FqNameUnsafe                              : loaded 5 times (x 72B)
Class gnu.trove.TObjectIntProcedure                                                   : loaded 5 times (x 70B)
Class org.jetbrains.plugins.gradle.tooling.serialization.internal.IdeaProjectSerializationService$WriteContext$8: loaded 5 times (x 83B)
Class com.amazon.ion.impl.bin.IonManagedBinaryWriter                                  : loaded 5 times (x 166B)
Class org.jetbrains.kotlin.idea.gradleTooling.model.kapt.KaptGradleModel              : loaded 5 times (x 70B)
Class com.amazon.ion.impl.bin.WriteBuffer                                             : loaded 5 times (x 78B)
Class org.jetbrains.kotlin.idea.gradleTooling.KotlinDslScriptAdditionalTask           : loaded 5 times (x 70B)
Class org.jetbrains.plugins.gradle.model.ClasspathEntryModel                          : loaded 5 times (x 70B)
Class kotlin.reflect.jvm.internal.impl.descriptors.runtime.structure.ReflectClassUtilKt: loaded 5 times (x 71B)
Class kotlin.jvm.internal.markers.KMutableMap                                         : loaded 5 times (x 70B)
Class kotlin.jvm.internal.markers.KMutableIterator                                    : loaded 5 times (x 70B)
Class [Lcom.amazon.ion.impl.bin.IonManagedBinaryWriter$UserState;                     : loaded 5 times (x 69B)
Class com.amazon.ion.impl.bin.utf8.Utf8StringEncoder                                  : loaded 5 times (x 80B)
Class jdk.internal.jrtfs.JrtDirectoryStream                                           : loaded 5 times (x 89B)
Class [Lcom.amazon.ion.impl.bin.IonRawBinaryWriter$ContainerType;                     : loaded 5 times (x 69B)
Class com.amazon.ion.IonBool                                                          : loaded 5 times (x 70B)
Class org.jetbrains.plugins.gradle.tooling.serialization.internal.IdeaProjectSerializationService$WriteContext$7: loaded 5 times (x 83B)
Class org.jetbrains.plugins.gradle.model.RepositoryModels                             : loaded 5 times (x 70B)
Class com.amazon.ion.impl.lite.ValueFactoryLite                                       : loaded 5 times (x 218B)
Class com.google.common.collect.MultimapBuilder$MultimapBuilderWithKeys$1             : loaded 5 times (x 76B)
Class kotlin.collections.AbstractList$IteratorImpl                                    : loaded 5 times (x 82B)
Class com.google.common.collect.LinkedHashMultimap$ValueEntry                         : loaded 5 times (x 89B)
Class org.jetbrains.plugins.gradle.tooling.util.IntObjectMap                          : loaded 5 times (x 73B)
Class org.jetbrains.plugins.gradle.tooling.serialization.internal.IdeaProjectSerializationService$WriteContext$6: loaded 5 times (x 83B)
Class com.amazon.ion.IonType                                                          : loaded 5 times (x 79B)
Class com.amazon.ion.impl.lite._Private_LiteDomTrampoline                             : loaded 5 times (x 71B)
Class com.amazon.ion.impl._Private_RecyclingQueue$ElementIterator                     : loaded 5 times (x 82B)
Class com.amazon.ion.impl.bin.IntList                                                 : loaded 5 times (x 77B)
Class com.google.common.base.VerifyException                                          : loaded 5 times (x 82B)
Class kotlin.reflect.jvm.internal.impl.builtins.PrimitiveType                         : loaded 5 times (x 79B)
Class org.jetbrains.plugins.gradle.tooling.serialization.GradleExtensionsSerializationService$ReadContext: loaded 5 times (x 72B)
Class kotlin.jvm.functions.Function10                                                 : loaded 5 times (x 70B)
Class kotlin.jvm.functions.Function9                                                  : loaded 5 times (x 70B)
Class kotlin.annotation.MustBeDocumented                                              : loaded 5 times (x 70B)
Class com.intellij.gradle.toolingExtension.impl.model.sourceSetDependencyModel.GradleSourceSetDependencySerialisationService$SourceSetDependencyModelWriteContext: loaded 5 times (x 72B)
Class org.jetbrains.plugins.gradle.tooling.serialization.internal.IdeaProjectSerializationService$WriteContext$5: loaded 5 times (x 83B)
Class com.google.common.base.CaseFormat$4                                             : loaded 5 times (x 83B)
Class com.intellij.gradle.toolingExtension.util.GradleVersionSpecificsUtil            : loaded 5 times (x 71B)
Class kotlin.jvm.functions.Function22                                                 : loaded 5 times (x 70B)
Class com.amazon.ion.BufferConfiguration$Builder                                      : loaded 5 times (x 78B)
Class kotlin.annotation.AnnotationRetention                                           : loaded 5 times (x 79B)
Class kotlin.jvm.internal.MutablePropertyReference1Impl                               : loaded 5 times (x 137B)
Class [Lkotlin.LazyThreadSafetyMode;                                                  : loaded 5 times (x 69B)
Class [Lkotlin.reflect.KClassifier;                                                   : loaded 5 times (x 69B)
Class com.android.ide.gradle.model.AdditionalClassifierArtifactsModelParameter        : loaded 5 times (x 70B)
Class kotlin.reflect.jvm.internal.EmptyContainerForLocal                              : loaded 5 times (x 84B)
Class com.amazon.ion.IonTimestamp                                                     : loaded 5 times (x 70B)
Class com.amazon.ion.impl.bin.PooledBlockAllocatorProvider$PooledBlockAllocator       : loaded 5 times (x 81B)
Class com.google.common.collect.MultimapBuilder$SetMultimapBuilder                    : loaded 5 times (x 75B)
Class org.jetbrains.plugins.gradle.tooling.serialization.GradleExtensionsSerializationService: loaded 5 times (x 77B)
Class jdk.internal.jrtfs.JrtFileAttributes                                            : loaded 5 times (x 83B)
Class com.google.common.collect.MultimapBuilder$SortedSetMultimapBuilder              : loaded 5 times (x 77B)
Class com.amazon.ion.impl.bin.AbstractIonWriter$WriteValueOptimization                : loaded 5 times (x 79B)
Class com.intellij.gradle.toolingExtension.impl.model.sourceSetDependencyModel.GradleSourceSetDependencySerialisationService$Companion: loaded 5 times (x 71B)
Class org.jetbrains.plugins.gradle.tooling.serialization.internal.IdeaProjectSerializationService$WriteContext$4: loaded 5 times (x 83B)
Class org.jetbrains.kotlin.idea.gradleTooling.AndroidAwareGradleModelProvider         : loaded 5 times (x 79B)
Class com.amazon.ion.IonLoader                                                        : loaded 5 times (x 70B)
Class com.intellij.gradle.toolingExtension.model.repositoryModel.ProjectRepositoriesModel: loaded 5 times (x 70B)
Class org.jetbrains.plugins.gradle.model.GradleProperty                               : loaded 5 times (x 70B)
Class gnu.trove.TObjectCanonicalHashingStrategy                                       : loaded 5 times (x 78B)
Class com.google.common.collect.MultimapBuilder$MultimapBuilderWithKeys$2             : loaded 5 times (x 76B)
Class jdk.internal.jimage.ImageReader$Resource                                        : loaded 5 times (x 84B)
Class jdk.internal.jimage.decompressor.Decompressor                                   : loaded 5 times (x 72B)
Class com.amazon.ion.impl.lite.ContainerlessContext                                   : loaded 5 times (x 80B)
Class gnu.trove.TObjectHash$NULL                                                      : loaded 5 times (x 71B)
Class org.jetbrains.plugins.gradle.tooling.serialization.internal.IdeaProjectSerializationService$WriteContext$3: loaded 5 times (x 83B)
Class org.jetbrains.plugins.gradle.tooling.serialization.AnnotationProcessingModelSerializationService$ReadContext: loaded 5 times (x 72B)
Class com.amazon.ion.impl.bin.PooledBlockAllocatorProvider                            : loaded 5 times (x 73B)
Class com.amazon.ion.IonContainer                                                     : loaded 5 times (x 70B)
Class com.amazon.ion.impl.lite.IonValueLite                                           : loaded 5 times (x 147B)
Class com.amazon.ion.impl._Private_IonSymbol                                          : loaded 5 times (x 70B)
Class com.google.common.base.CaseFormat$StringConverter                               : loaded 5 times (x 90B)
Class com.google.common.base.CaseFormat                                               : loaded 5 times (x 83B)
Class kotlin.jvm.functions.Function11                                                 : loaded 5 times (x 70B)
Class org.jetbrains.plugins.gradle.tooling.serialization.internal.IdeaProjectSerializationService$WriteContext$2: loaded 5 times (x 83B)
Class com.google.common.base.CaseFormat$5                                             : loaded 5 times (x 83B)
Class com.amazon.ion.impl._Private_SymtabExtendsCache                                 : loaded 5 times (x 72B)
Class com.amazon.ion.impl.bin.utf8.Pool                                               : loaded 5 times (x 74B)
Class kotlin.SafePublicationLazyImpl$Companion                                        : loaded 5 times (x 71B)
Class kotlin.jvm.internal.PropertyReference1Impl                                      : loaded 5 times (x 127B)
Class kotlin.jvm.internal.MutablePropertyReference1                                   : loaded 5 times (x 137B)
Class com.google.common.collect.ImmutableMapValues                                    : loaded 5 times (x 126B)
Class kotlin.reflect.KTypeParameter                                                   : loaded 5 times (x 70B)
Class org.jetbrains.plugins.gradle.model.ExternalProject                              : loaded 5 times (x 70B)
Class org.jetbrains.plugins.gradle.tooling.serialization.internal.IdeaProjectSerializationService$WriteContext$1: loaded 5 times (x 83B)
Class [Lcom.amazon.ion.util.InputStreamInterceptor;                                   : loaded 5 times (x 69B)
Class com.amazon.ion.impl.bin.IonManagedBinaryWriter$SymbolState$4                    : loaded 5 times (x 80B)
Class com.amazon.ion.impl._Private_RecyclingQueue$Recycler                            : loaded 5 times (x 70B)
Class kotlin.collections.IndexedValue                                                 : loaded 5 times (x 72B)
Class kotlin.reflect.jvm.internal.impl.name.SpecialNames                              : loaded 5 times (x 71B)
Class com.google.common.collect.LinkedHashMultimap$ValueSetLink                       : loaded 5 times (x 70B)
Class com.amazon.ion.IonDatagram                                                      : loaded 5 times (x 70B)
Class com.amazon.ion.impl._Private_RecyclingStack$ElementFactory                      : loaded 5 times (x 70B)
Class com.amazon.ion.impl.bin.IonManagedBinaryWriter$ImportedSymbolResolverMode$1$1   : loaded 5 times (x 78B)
Class com.amazon.ion.impl._Private_ByteTransferSink                                   : loaded 5 times (x 70B)
Class com.amazon.ion.impl.bin.IonManagedBinaryWriter$UserState$3                      : loaded 5 times (x 85B)
Class com.intellij.openapi.externalSystem.model.project.dependencies.ResolutionState  : loaded 5 times (x 79B)
Class com.amazon.ion.util.GzipStreamInterceptor                                       : loaded 5 times (x 85B)
Class jdk.internal.jimage.BasicImageReader$1                                          : loaded 5 times (x 77B)
Class com.amazon.ion.IonException                                                     : loaded 5 times (x 84B)
Class com.intellij.gradle.toolingExtension.impl.model.sourceSetArtifactIndex.GradleSourceSetArtifactBuildRequest: loaded 5 times (x 70B)
Class com.amazon.ion.IonBinaryWriter                                                  : loaded 5 times (x 70B)
Class com.google.common.collect.MultimapBuilder$4                                     : loaded 5 times (x 84B)
Class com.amazon.ion.impl.bin.IonRawBinaryWriter$StreamFlushMode                      : loaded 5 times (x 79B)
Class com.amazon.ion.impl.bin.IonManagedBinaryWriter$SymbolState$3                    : loaded 5 times (x 80B)
Class com.amazon.ion.impl.bin.IonRawBinaryWriter$ContainerInfo                        : loaded 5 times (x 74B)
Class com.amazon.ion.IonBufferConfiguration$Builder                                   : loaded 5 times (x 78B)
Class com.amazon.ion.impl.lite.IonDecimalLite                                         : loaded 5 times (x 188B)
Class com.amazon.ion.impl._Private_Utils                                              : loaded 5 times (x 71B)
Class org.jetbrains.plugins.gradle.model.GradleExtension                              : loaded 5 times (x 70B)
Class org.jetbrains.plugins.gradle.tooling.util.IntObjectMap$ObjectFactory            : loaded 5 times (x 70B)
Class jdk.internal.jrtfs.JrtFileSystem                                                : loaded 5 times (x 102B)
Class com.google.common.collect.MultimapBuilder$MultimapBuilderWithKeys$3             : loaded 5 times (x 76B)
Class com.google.common.collect.Multimaps$CustomListMultimap                          : loaded 5 times (x 174B)
Class jdk.internal.jimage.ImageReader$Node                                            : loaded 5 times (x 84B)
Class com.intellij.gradle.toolingExtension.impl.model.warmUp.GradleTaskWarmUpRequest  : loaded 5 times (x 70B)
Class com.amazon.ion.IonNull                                                          : loaded 5 times (x 70B)
Class com.amazon.ion.impl.bin.IonManagedBinaryWriter$SymbolState$2                    : loaded 5 times (x 80B)
Class org.jetbrains.plugins.gradle.model.ExternalSourceSet                            : loaded 5 times (x 70B)
Class org.jetbrains.plugins.gradle.model.ProjectImportModelProvider                   : loaded 5 times (x 70B)
Class com.android.ide.gradle.model.LegacyAndroidGradlePluginPropertiesModelParameters : loaded 5 times (x 70B)
Class kotlin.reflect.jvm.internal.KDeclarationContainerImpl                           : loaded 5 times (x 84B)
Class kotlin.jvm.functions.Function12                                                 : loaded 5 times (x 70B)
Class com.google.common.collect.MultimapBuilder$ArrayListSupplier                     : loaded 5 times (x 77B)
Class com.intellij.gradle.toolingExtension.impl.model.dependencyModel.DependencyReadContext: loaded 5 times (x 72B)
Class com.intellij.gradle.toolingExtension.impl.model.sourceSetDependencyModel.GradleSourceSetDependencySerialisationService$SourceSetDependencyModelReadContext: loaded 5 times (x 72B)
Class org.jetbrains.plugins.gradle.model.VersionCatalogsModel                         : loaded 5 times (x 70B)
Class [Lcom.amazon.ion.IonType;                                                       : loaded 5 times (x 69B)
Class com.amazon.ion.impl.LocalSymbolTableAsStruct$Factory                            : loaded 5 times (x 79B)
Class com.amazon.ion.impl.bin.IonManagedBinaryWriter$SymbolState$1                    : loaded 5 times (x 80B)
Class com.intellij.gradle.toolingExtension.impl.model.projectModel.GradleExternalProjectSerializationService$ReadContext: loaded 5 times (x 73B)
Class org.jetbrains.plugins.gradle.model.ExternalLibraryDependency                    : loaded 5 times (x 70B)
Class com.intellij.gradle.toolingExtension.impl.model.dependencyModel.DependencyWriteContext: loaded 5 times (x 72B)
Class com.google.common.collect.MultimapBuilder$MultimapBuilderWithKeys$4             : loaded 5 times (x 76B)
Class com.intellij.util.containers.IntObjectHashMap                                   : loaded 5 times (x 72B)
Class org.jetbrains.plugins.gradle.model.ExternalDependency                           : loaded 5 times (x 70B)
Class kotlin.collections.builders.MapBuilder                                          : loaded 5 times (x 112B)
Class [Lkotlin.reflect.KProperty;                                                     : loaded 5 times (x 69B)
Class kotlin.reflect.jvm.internal.ReflectProperties                                   : loaded 5 times (x 71B)
Class jdk.internal.jrtfs.SystemImage$1                                                : loaded 5 times (x 78B)
Class kotlin.SafePublicationLazyImpl                                                  : loaded 5 times (x 76B)
Class com.google.common.collect.ImmutableListMultimap$Builder                         : loaded 5 times (x 83B)
Class kotlin.jvm.functions.Function13                                                 : loaded 5 times (x 70B)
Class jdk.internal.jimage.ImageReader$SharedImageReader                               : loaded 5 times (x 95B)
Class org.jetbrains.plugins.gradle.model.GradleConfiguration                          : loaded 5 times (x 70B)
Class org.jetbrains.plugins.gradle.model.IntelliJProjectSettings                      : loaded 5 times (x 70B)
Class com.amazon.ion.impl.bin.utf8.Utf8StringEncoderPool                              : loaded 5 times (x 74B)
Class kotlin.reflect.KProperty$Getter                                                 : loaded 5 times (x 70B)
Class com.amazon.ion.impl._Private_IonSystem                                          : loaded 5 times (x 70B)
Class com.amazon.ion.BufferConfiguration$OversizedValueHandler                        : loaded 5 times (x 70B)
Class com.google.common.collect.MultimapBuilder                                       : loaded 5 times (x 73B)
Class jdk.internal.jimage.ImageReader                                                 : loaded 5 times (x 75B)
Class com.google.common.collect.LinkedHashMultimap$ValueSet                           : loaded 5 times (x 142B)
Class com.amazon.ion.UnknownSymbolException                                           : loaded 5 times (x 86B)
Class com.android.ide.gradle.model.composites.BuildMap                                : loaded 5 times (x 70B)
Class com.google.common.collect.MultimapBuilder$MultimapBuilderWithKeys$5             : loaded 5 times (x 78B)
Class com.amazon.ion.impl.bin.IonRawBinaryWriter$ThrowingRunnable                     : loaded 5 times (x 70B)
Class com.amazon.ion.impl.bin.IonManagedBinaryWriter$LocalSymbolTableView             : loaded 5 times (x 107B)
Class com.amazon.ion.impl._Private_RecyclingStack$Recycler                            : loaded 5 times (x 70B)
Class com.android.ide.gradle.model.ArtifactIdentifier                                 : loaded 5 times (x 70B)
Class kotlin.reflect.jvm.internal.ReflectProperties$Val                               : loaded 5 times (x 74B)
Class [Lcom.google.common.base.CaseFormat;                                            : loaded 5 times (x 69B)
Class kotlin.jvm.internal.MutablePropertyReference2                                   : loaded 5 times (x 137B)
Class org.jetbrains.plugins.gradle.model.UnresolvedExternalDependency                 : loaded 5 times (x 70B)
Class [Lkotlin.annotation.AnnotationTarget;                                           : loaded 5 times (x 69B)
Class kotlin.jvm.functions.Function14                                                 : loaded 5 times (x 70B)
Class jdk.internal.jimage.ImageStringsReader                                          : loaded 5 times (x 80B)
Class com.amazon.ion.impl.bin.IonManagedBinaryWriter$UserState$4                      : loaded 5 times (x 85B)
Class com.amazon.ion.system.IonBinaryWriterBuilder                                    : loaded 5 times (x 99B)
Class org.jetbrains.plugins.gradle.tooling.serialization.ExternalTestsSerializationService$WriteContext: loaded 5 times (x 72B)
Class org.jetbrains.kotlin.idea.gradleTooling.KotlinGradleModel                       : loaded 5 times (x 70B)
Class com.amazon.ion.impl.bin.IonManagedBinaryWriter$SymbolResolverBuilder            : loaded 5 times (x 70B)
Class com.amazon.ion.system.IonSystemBuilder$Mutable                                  : loaded 5 times (x 75B)
Class com.amazon.ion.IonDecimal                                                       : loaded 5 times (x 70B)
Class org.jetbrains.plugins.gradle.model.AnnotationProcessingModel                    : loaded 5 times (x 70B)
Class org.jetbrains.plugins.gradle.model.GradleExtensions                             : loaded 5 times (x 70B)
Class [Lkotlin.reflect.KDeclarationContainer;                                         : loaded 5 times (x 69B)
Class org.jetbrains.plugins.gradle.model.tests.ExternalTestsModel                     : loaded 5 times (x 70B)
Class com.google.common.collect.MultimapBuilder$MultimapBuilderWithKeys$6             : loaded 5 times (x 76B)
Class com.google.common.collect.Sets$1$1                                              : loaded 5 times (x 82B)
Class com.amazon.ion.impl.IonWriterSystemTextMarkup                                   : loaded 5 times (x 192B)
Class org.jetbrains.plugins.gradle.tooling.serialization.KotlinDslScriptsModelSerializationService: loaded 5 times (x 81B)
Class com.amazon.ion.IonValue                                                         : loaded 5 times (x 70B)
Class org.jetbrains.plugins.gradle.model.ExternalProjectDependency                    : loaded 5 times (x 70B)
Class com.google.common.base.Verify                                                   : loaded 5 times (x 71B)
Class jdk.internal.jrtfs.SystemImage$2                                                : loaded 5 times (x 76B)
Class [Lkotlin.reflect.jvm.internal.impl.name.FqName;                                 : loaded 5 times (x 69B)
Class kotlin.reflect.jvm.internal.KPackageImpl                                        : loaded 5 times (x 85B)
Class kotlin.collections.builders.ListBuilder$Companion                               : loaded 5 times (x 71B)
Class kotlin.collections.builders.ListBuilder                                         : loaded 5 times (x 207B)
Class com.google.common.base.Equivalence$Wrapper                                      : loaded 5 times (x 72B)
Class [Lkotlin.DeprecationLevel;                                                      : loaded 5 times (x 69B)
Class kotlin.jvm.functions.Function15                                                 : loaded 5 times (x 70B)
Class Program                                                                         : loaded 5 times (x 72B)
Class [Lcom.amazon.ion.SymbolToken;                                                   : loaded 5 times (x 69B)
Class org.jetbrains.plugins.gradle.tooling.serialization.ExternalTestsSerializationService$ReadContext: loaded 5 times (x 72B)
Class com.intellij.gradle.toolingExtension.impl.model.sourceSetModel.GradleSourceSetSerialisationService$SourceSetModelWriteContext: loaded 5 times (x 72B)
Class com.amazon.ion.impl.bin.IonRawBinaryWriter$StreamCloseMode                      : loaded 5 times (x 79B)
Class com.amazon.ion.impl._Private_IonBinaryWriterBuilder$Mutable                     : loaded 5 times (x 115B)
Class com.intellij.gradle.toolingExtension.impl.model.projectModel.GradleExternalProjectSerializationService$WriteContext: loaded 5 times (x 73B)
Class com.amazon.ion.impl.bin._Private_IonManagedBinaryWriterBuilder                  : loaded 5 times (x 72B)
Class com.amazon.ion.impl._Private_IonWriter                                          : loaded 5 times (x 70B)
Class kotlin.reflect.jvm.internal.impl.name.FqNamesUtilKt                             : loaded 5 times (x 71B)
Class com.amazon.ion.impl.bin.IonManagedBinaryWriter$UserState                        : loaded 5 times (x 85B)
Class com.intellij.gradle.toolingExtension.impl.model.projectModel.GradleExternalProjectSerializationService: loaded 5 times (x 77B)
Class kotlin.reflect.jvm.internal.impl.resolve.jvm.JvmPrimitiveType                   : loaded 5 times (x 79B)
Class kotlin.collections.builders.ListBuilder$Itr                                     : loaded 5 times (x 94B)
Class com.google.common.collect.NullnessCasts                                         : loaded 5 times (x 71B)
Class kotlin.reflect.jvm.internal.RuntimeTypeMapper                                   : loaded 5 times (x 71B)
Class org.jetbrains.plugins.gradle.tooling.serialization.RepositoriesModelSerializationService$ReadContext: loaded 5 times (x 72B)
Class [Lcom.amazon.ion.impl.bin.AbstractIonWriter$WriteValueOptimization;             : loaded 5 times (x 69B)
Class kotlin.jvm.internal.Reflection                                                  : loaded 5 times (x 71B)
Class kotlin.reflect.KProperty                                                        : loaded 5 times (x 70B)
Class kotlin.jvm.JvmClassMappingKt                                                    : loaded 5 times (x 71B)
Class kotlin.annotation.AnnotationTarget                                              : loaded 5 times (x 79B)
Class com.amazon.ion.impl.bin.IonRawBinaryWriter$ContainerType                        : loaded 5 times (x 79B)
Class com.amazon.ion.impl._Private_IonTextWriterBuilder$Mutable                       : loaded 5 times (x 102B)
Class org.jetbrains.plugins.gradle.tooling.serialization.RepositoriesModelSerializationService: loaded 5 times (x 82B)
Class com.amazon.ion.impl.bin.Symbols                                                 : loaded 5 times (x 71B)
Class com.amazon.ion.IonBufferConfiguration                                           : loaded 5 times (x 73B)
Class com.android.ide.gradle.model.artifacts.AdditionalClassifierArtifactsModel       : loaded 5 times (x 70B)
Class kotlin.jvm.functions.Function16                                                 : loaded 5 times (x 70B)
Class [Lkotlin.reflect.KAnnotatedElement;                                             : loaded 5 times (x 69B)
Class kotlin.reflect.jvm.internal.ReflectProperties$LazySoftVal                       : loaded 5 times (x 78B)
Class [Lkotlin.reflect.jvm.internal.impl.builtins.PrimitiveType;                      : loaded 5 times (x 69B)
Class kotlin.reflect.jvm.internal.impl.builtins.StandardNames                         : loaded 5 times (x 71B)
Class com.google.common.collect.ImmutableMap$IteratorBasedImmutableMap$1EntrySetImpl  : loaded 5 times (x 154B)
Class com.google.common.collect.Maps$TransformedEntriesMap                            : loaded 5 times (x 127B)
Class com.google.common.collect.LinkedHashMultimap                                    : loaded 5 times (x 175B)
Class com.amazon.ion.impl.BlockedBuffer$BufferedOutputStream                          : loaded 5 times (x 90B)
Class com.intellij.util.ThrowableConsumer                                             : loaded 5 times (x 70B)
Class com.amazon.ion.impl.bin.IonRawBinaryWriter$PatchPoint                           : loaded 5 times (x 73B)
Class kotlin.collections.IndexingIterator                                             : loaded 5 times (x 79B)
Class com.amazon.ion.IonBlob                                                          : loaded 5 times (x 70B)
Class com.amazon.ion.IonLob                                                           : loaded 5 times (x 70B)
Class com.amazon.ion.impl.bin.IonBinaryWriterAdapter$Factory                          : loaded 5 times (x 70B)
Class com.amazon.ion.IonSequence                                                      : loaded 5 times (x 70B)
Class com.google.common.collect.MultimapBuilder$3                                     : loaded 5 times (x 84B)
Class org.jetbrains.plugins.gradle.tooling.serialization.ExternalTestsSerializationService: loaded 5 times (x 77B)
Class org.jetbrains.plugins.gradle.tooling.serialization.ProjectDependenciesSerializationService$ReadContext: loaded 5 times (x 72B)
Class com.intellij.openapi.externalSystem.model.project.dependencies.ProjectDependencies: loaded 5 times (x 70B)
Class kotlin.reflect.KProperty0                                                       : loaded 5 times (x 70B)
Class kotlin.jvm.internal.PropertyReference                                           : loaded 5 times (x 115B)
Class com.amazon.ion.impl.bin.IonManagedBinaryWriter$ImportedSymbolResolverMode$2     : loaded 5 times (x 80B)
Class kotlin.jvm.functions.Function17                                                 : loaded 5 times (x 70B)
Class jdk.internal.jimage.ImageHeader                                                 : loaded 5 times (x 71B)
Class com.intellij.openapi.externalSystem.model.project.IExternalSystemSourceType     : loaded 5 times (x 70B)
Class com.amazon.ion.impl.bin.IonRawBinaryWriter$PreallocationMode$3                  : loaded 5 times (x 82B)
Class org.jetbrains.kotlin.idea.gradleTooling.KotlinSourceSetContainer                : loaded 5 times (x 70B)
Class org.jetbrains.plugins.gradle.model.IntelliJSettings                             : loaded 5 times (x 70B)
Class com.amazon.ion.impl._Private_IonReaderBuilder$Mutable                           : loaded 5 times (x 97B)
Class com.android.ide.gradle.model.GradlePluginModel                                  : loaded 5 times (x 70B)
Class [Lcom.amazon.ion.util.GzipStreamInterceptor;                                    : loaded 5 times (x 69B)
Class kotlin.reflect.KMutableProperty                                                 : loaded 5 times (x 70B)
Class [Lcom.google.common.collect.LinkedHashMultimap$ValueSetLink;                    : loaded 5 times (x 69B)
Class jdk.internal.jrtfs.JrtFileSystemProvider                                        : loaded 5 times (x 101B)
Class org.jetbrains.plugins.gradle.tooling.util.ObjectCollector                       : loaded 5 times (x 72B)
Class org.jetbrains.plugins.gradle.model.GradleTaskModel                              : loaded 5 times (x 70B)
Class com.amazon.ion.impl.bin._Private_IonManagedBinaryWriterBuilder$AllocatorMode    : loaded 5 times (x 80B)
Class com.amazon.ion.impl._Private_SymbolToken                                        : loaded 5 times (x 70B)
Class com.amazon.ion.impl.bin.IonManagedBinaryWriter$SymbolResolver                   : loaded 5 times (x 70B)
Class dagger.hilt.processor.internal.optionvalues.GradleProjectType                   : loaded 5 times (x 79B)
Class kotlin.reflect.jvm.internal.KotlinReflectionInternalError                       : loaded 5 times (x 82B)
Class kotlin.reflect.jvm.internal.impl.builtins.jvm.JavaToKotlinClassMap              : loaded 5 times (x 71B)
Class com.amazon.ion.system.IonTextWriterBuilder                                      : loaded 5 times (x 98B)
Class com.amazon.ion.impl.bin.IonManagedBinaryWriter$ImportedSymbolResolverMode$1$1$1 : loaded 5 times (x 76B)
Class com.amazon.ion.impl._Private_LocalSymbolTableFactory                            : loaded 5 times (x 70B)
Class kotlin.reflect.KProperty1                                                       : loaded 5 times (x 70B)
Class kotlin.reflect.KClass                                                           : loaded 5 times (x 70B)
Class org.jetbrains.plugins.gradle.tooling.serialization.AnnotationProcessingModelSerializationService: loaded 5 times (x 77B)
Class com.amazon.ion.ValueFactory                                                     : loaded 5 times (x 70B)
Class [Lcom.amazon.ion.impl.bin.IonManagedBinaryWriter$ImportedSymbolResolverMode;    : loaded 5 times (x 69B)
Class com.amazon.ion.impl.IonWriterSystemText                                         : loaded 5 times (x 190B)
Class com.amazon.ion.impl.lite.IonContext                                             : loaded 5 times (x 70B)
Class com.amazon.ion.impl.lite.IonLoaderLite                                          : loaded 5 times (x 82B)
Class com.android.ide.gradle.model.GradlePropertiesModel                              : loaded 5 times (x 70B)
Class com.amazon.ion.impl.bin.utf8.Utf8StringEncoderPool$1                            : loaded 5 times (x 76B)
Class org.jetbrains.plugins.gradle.model.ExternalTask                                 : loaded 5 times (x 70B)
Class kotlin.collections.IndexingIterable                                             : loaded 5 times (x 79B)
Class com.amazon.ion.impl.IonWriterSystem                                             : loaded 5 times (x 171B)
Class com.amazon.ion.impl.bin.Symbols$2                                               : loaded 5 times (x 107B)
Class com.amazon.ion.impl.bin._Private_IonManagedWriter                               : loaded 5 times (x 70B)
Class com.amazon.ion.impl.bin.Block                                                   : loaded 5 times (x 79B)
Class kotlin.jvm.functions.Function18                                                 : loaded 5 times (x 70B)
Class kotlin.reflect.jvm.internal.impl.name.FqName                                    : loaded 5 times (x 72B)
Class [Lkotlin.reflect.KClass;                                                        : loaded 5 times (x 69B)
Class kotlin.reflect.KMutableProperty2                                                : loaded 5 times (x 70B)
Class com.amazon.ion.impl.lite.IonStringLite                                          : loaded 5 times (x 212B)
Class com.amazon.ion.impl.bin.PooledBlockAllocatorProvider$PooledBlockAllocator$1     : loaded 5 times (x 79B)
Class org.jetbrains.kotlin.idea.gradleTooling.AndroidAwareGradleModelProvider$Companion: loaded 5 times (x 71B)
Class kotlin.reflect.jvm.internal.impl.builtins.StandardNames$FqNames                 : loaded 5 times (x 71B)
Class [Lcom.amazon.ion.impl.bin.IonRawBinaryWriter$StreamCloseMode;                   : loaded 5 times (x 69B)
Class org.jetbrains.kotlin.idea.gradleTooling.model.kapt.KaptSourceSetModel           : loaded 5 times (x 70B)
Class kotlin.collections.builders.ListBuilderKt                                       : loaded 5 times (x 71B)
Class com.amazon.ion.impl.lite.IonSymbolLite                                          : loaded 5 times (x 246B)
Class com.amazon.ion.impl.lite.IonNullLite                                            : loaded 5 times (x 175B)
Class org.jetbrains.plugins.gradle.model.DependencyAccessorsModel                     : loaded 5 times (x 70B)
Class [Lcom.intellij.openapi.externalSystem.model.project.dependencies.ResolutionState;: loaded 5 times (x 69B)
Class jdk.internal.jimage.ImageBufferCache$2                                          : loaded 5 times (x 91B)
Class gnu.trove.TObjectIntHashMap                                                     : loaded 5 times (x 109B)
Class com.amazon.ion.impl.bin.IonManagedBinaryWriter$ImportedSymbolResolverMode$1     : loaded 5 times (x 80B)
Class kotlin.reflect.jvm.internal.ReflectionFactoryImpl                               : loaded 5 times (x 91B)
Class com.intellij.util.containers.IntObjectHashMap$ArrayProducer                     : loaded 5 times (x 70B)
Class kotlin.DeprecationLevel                                                         : loaded 5 times (x 79B)
Class [Lcom.amazon.ion.SymbolTable;                                                   : loaded 5 times (x 69B)
Class jdk.internal.jimage.ImageBufferCache$1                                          : loaded 5 times (x 83B)
Class com.google.common.collect.MultimapBuilder$MultimapBuilderWithKeys               : loaded 5 times (x 82B)
Class com.intellij.gradle.toolingExtension.impl.model.buildScriptClasspathModel.GradleBuildScriptClasspathSerializationService$WriteContext: loaded 5 times (x 72B)
Class gnu.trove.THash                                                                 : loaded 5 times (x 81B)
Class com.amazon.ion.IonMutableCatalog                                                : loaded 5 times (x 70B)
Class com.amazon.ion.impl._Private_IonReaderBuilder                                   : loaded 5 times (x 97B)
Class com.amazon.ion.impl._Private_RecyclingStack                                     : loaded 5 times (x 79B)
Class org.jetbrains.plugins.gradle.ExternalDependencyId                               : loaded 5 times (x 70B)
Class kotlin.reflect.KProperty2                                                       : loaded 5 times (x 70B)
Class com.amazon.ion.impl.bin.IonRawBinaryWriter$1                                    : loaded 5 times (x 77B)
Class kotlin.jvm.functions.Function19                                                 : loaded 5 times (x 70B)
Class kotlin.reflect.KMutableProperty$Setter                                          : loaded 5 times (x 70B)
Class com.intellij.gradle.toolingExtension.impl.model.sourceSetModel.GradleSourceSetSerialisationService$SourceSetModelReadContext: loaded 5 times (x 72B)
Class com.google.common.collect.MultimapBuilder$2                                     : loaded 5 times (x 83B)
Class com.amazon.ion.impl.bin._Private_IonManagedBinaryWriterBuilder$AllocatorMode$2  : loaded 5 times (x 80B)
Class com.amazon.ion.impl.lite.IonContainerLite                                       : loaded 5 times (x 248B)
Class com.amazon.ion.IonBufferConfiguration$OversizedSymbolTableHandler               : loaded 5 times (x 70B)
Class com.amazon.ion.system.IonWriterBuilder                                          : loaded 5 times (x 74B)
Class org.jetbrains.plugins.gradle.tooling.serialization.ToolingStreamApiUtils        : loaded 5 times (x 71B)
Class com.amazon.ion.impl._Private_IonTextWriterBuilder                               : loaded 5 times (x 102B)
Class com.amazon.ion.facet.Faceted                                                    : loaded 5 times (x 70B)
Class org.jetbrains.kotlin.idea.gradleTooling.PrepareKotlinIdeImportTaskModel         : loaded 5 times (x 70B)
Class com.amazon.ion.impl.bin.IonRawBinaryWriter$PreallocationMode$2                  : loaded 5 times (x 82B)
Class com.amazon.ion.IonInt                                                           : loaded 5 times (x 70B)
Class com.amazon.ion.impl.lite.IonFloatLite                                           : loaded 5 times (x 186B)
Class org.jetbrains.kotlin.tooling.core.KotlinToolingVersion                          : loaded 5 times (x 75B)
Class com.intellij.gradle.toolingExtension.impl.model.utilTurnOffDefaultTasksModel.TurnOffDefaultTasks: loaded 5 times (x 70B)
Class com.amazon.ion.IonCatalog                                                       : loaded 5 times (x 70B)
Class com.amazon.ion.system.IonSystemBuilder                                          : loaded 5 times (x 75B)
Class jdk.internal.jimage.ImageLocation                                               : loaded 5 times (x 90B)
Class com.google.common.collect.SortedIterables                                       : loaded 5 times (x 71B)
Class jdk.internal.jrtfs.JrtDirectoryStream$1                                         : loaded 5 times (x 83B)
Class kotlin.streams.jdk8.StreamsKt                                                   : loaded 5 times (x 71B)
Class com.amazon.ion.impl.lite.IonClobLite                                            : loaded 5 times (x 220B)
Class com.amazon.ion.impl._Private_ValueFactory                                       : loaded 5 times (x 70B)
Class com.amazon.ion.impl.bin.IonRawBinaryWriter$PreallocationMode$1                  : loaded 5 times (x 82B)
Class com.amazon.ion.impl._Private_IonWriterBase                                      : loaded 5 times (x 162B)
Class [Lcom.amazon.ion.impl.bin._Private_IonManagedBinaryWriterBuilder$AllocatorMode; : loaded 5 times (x 69B)
Class org.jetbrains.kotlin.idea.gradleTooling.KotlinMPPGradleModel                    : loaded 5 times (x 70B)
Class org.jetbrains.plugins.gradle.tooling.serialization.ProjectDependenciesSerializationService: loaded 5 times (x 77B)
Class kotlin.reflect.jvm.internal.impl.utils.CollectionsKt                            : loaded 5 times (x 71B)
Class org.jetbrains.plugins.gradle.tooling.serialization.ProjectDependenciesSerializationService$WriteContext: loaded 5 times (x 72B)
Class com.intellij.compose.ide.plugin.gradleTooling.rt.ComposeResourcesModel          : loaded 5 times (x 70B)
Class com.amazon.ion.impl.bin._Private_IonManagedBinaryWriterBuilder$AllocatorMode$1  : loaded 5 times (x 80B)
Class com.amazon.ion.Decimal                                                          : loaded 5 times (x 133B)
Class com.amazon.ion.impl.bin.AbstractSymbolTable                                     : loaded 5 times (x 107B)
Class com.amazon.ion.impl._Private_ReaderWriter                                       : loaded 5 times (x 70B)
Class com.amazon.ion.impl.lite.IonStructLite                                          : loaded 5 times (x 298B)
Class org.jetbrains.kotlin.idea.gradleTooling.KotlinGradlePluginVersion               : loaded 5 times (x 70B)
Class com.intellij.gradle.toolingExtension.impl.util.collectionUtil.GradleCollections : loaded 5 times (x 71B)
Class com.amazon.ion.impl.bin.utf8.Poolable                                           : loaded 5 times (x 79B)
Class com.amazon.ion.IonSymbol                                                        : loaded 5 times (x 70B)
Class [Lcom.amazon.ion.impl.bin.IonManagedBinaryWriter$SymbolState;                   : loaded 5 times (x 69B)
Class org.jetbrains.plugins.gradle.tooling.serialization.AnnotationProcessingModelSerializationService$WriteContext: loaded 5 times (x 72B)
Class com.intellij.gradle.toolingExtension.impl.model.dependencyDownloadPolicyModel.GradleDependencyDownloadPolicy: loaded 5 times (x 70B)
Class com.google.common.collect.MultimapBuilder$1                                     : loaded 5 times (x 83B)
Class dagger.internal.codegen.binding.BindsTypeChecker                                : loaded 4 times (x 72B)
Class dagger.spi.internal.shaded.androidx.room.jarjarred.kotlinx.metadata.internal.metadata.jvm.deserialization.JvmMemberSignature: loaded 4 times (x 74B)
Class dagger.internal.codegen.xprocessing.XProcessingEnvs                             : loaded 4 times (x 71B)
Class dagger.internal.codegen.binding.$AutoValue_MultibindingDeclaration              : loaded 4 times (x 79B)
Class dagger.internal.codegen.binding.OptionalBindingDeclaration                      : loaded 4 times (x 74B)
Class dagger.internal.codegen.validation.ComponentCreatorValidator                    : loaded 4 times (x 75B)
Class dagger.internal.codegen.xprocessing.XTypeElements                               : loaded 4 times (x 71B)
Class dagger.spi.internal.shaded.androidx.room.compiler.processing.javac.JavacFieldElement$enclosingElement$2: loaded 4 times (x 79B)
Class dagger.spi.internal.shaded.androidx.room.jarjarred.kotlinx.metadata.internal.metadata.ProtoBuf$Effect$InvocationKind$1: loaded 4 times (x 74B)
Class dagger.spi.internal.shaded.kotlinx.metadata.KmFunction                          : loaded 4 times (x 82B)
Class com.google.common.cache.LocalCache$EntryFactory$4                               : loaded 4 times (x 83B)
Class dagger.spi.internal.shaded.kotlinx.metadata.internal.extensions.KmTypeExtension : loaded 4 times (x 70B)
Class dagger.spi.internal.shaded.kotlinx.metadata.internal.metadata.ProtoBuf$Type$1   : loaded 4 times (x 144B)
Class dagger.spi.internal.shaded.kotlinx.metadata.internal.protobuf.GeneratedMessageLite$ExtensionDescriptor: loaded 4 times (x 84B)
Class dagger.spi.internal.shaded.kotlinx.metadata.KmClass                             : loaded 4 times (x 98B)
Class dagger.spi.internal.shaded.androidx.room.jarjarred.kotlinx.metadata.jvm.JvmMethodSignature: loaded 4 times (x 74B)
Class dagger.spi.internal.shaded.androidx.room.jarjarred.kotlinx.metadata.internal.metadata.ProtoBuf$Type$Argument$1: loaded 4 times (x 144B)
Class dagger.internal.codegen.model.Key                                               : loaded 4 times (x 78B)
Class dagger.internal.codegen.model.DependencyRequest$Builder                         : loaded 4 times (x 76B)
Class dagger.internal.codegen.validation.ValidationReport                             : loaded 4 times (x 72B)
Class dagger.internal.codegen.componentgenerator.ComponentGenerator                   : loaded 4 times (x 77B)
Class dagger.internal.codegen.DelegateComponentProcessor_SourceFileGeneratorsModule_ModuleConstructorProxyGeneratorFactory: loaded 4 times (x 79B)
Class dagger.internal.codegen.validation.BindingMethodValidator$MethodValidator       : loaded 4 times (x 80B)
Class dagger.internal.codegen.validation.AnyBindingMethodValidator_Factory            : loaded 4 times (x 79B)
Class dagger.spi.internal.shaded.androidx.room.jarjarred.kotlinx.metadata.internal.metadata.ProtoBuf$Visibility: loaded 4 times (x 82B)
Class dagger.spi.internal.shaded.androidx.room.jarjarred.kotlinx.metadata.KmPropertyAccessorAttributes: loaded 4 times (x 71B)
Class dagger.spi.internal.shaded.androidx.room.jarjarred.kotlinx.metadata.KmPropertyVisitor: loaded 4 times (x 80B)
Class org.jetbrains.kotlin.idea.gradleTooling.model.lombok.LombokModelBuilderService  : loaded 4 times (x 87B)
Class com.google.common.base.CharMatcher$None                                         : loaded 4 times (x 112B)
Class dagger.spi.internal.shaded.androidx.room.jarjarred.kotlinx.metadata.internal.metadata.ProtoBuf$ValueParameterOrBuilder: loaded 4 times (x 70B)
Class dagger.spi.internal.shaded.androidx.room.jarjarred.kotlinx.metadata.internal.metadata.ProtoBuf$FunctionOrBuilder: loaded 4 times (x 70B)
Class dagger.hilt.android.processor.internal.androidentrypoint.AndroidEntryPointMetadata: loaded 4 times (x 91B)
Class com.squareup.javapoet.TypeSpec$Kind                                             : loaded 4 times (x 79B)
Class org.jetbrains.kotlin.idea.gradleTooling.model.kapt.KaptSourceSetModelImpl       : loaded 4 times (x 85B)
Class dagger.internal.codegen.extension.DaggerStreams                                 : loaded 4 times (x 71B)
Class com.intellij.gradle.toolingExtension.impl.util.javaPluginUtil.JavaPluginAccessor: loaded 4 times (x 70B)
Class dagger.spi.internal.shaded.androidx.room.compiler.processing.XProcessingEnvConfig$Companion: loaded 4 times (x 71B)
Class org.jetbrains.kotlin.idea.gradleTooling.reflect.KotlinExtensionReflection       : loaded 4 times (x 72B)
Class org.jetbrains.kotlin.idea.gradleTooling.reflect.KotlinExtensionReflection$Companion: loaded 4 times (x 71B)
Class dagger.internal.codegen.validation.BindingElementValidator                      : loaded 4 times (x 78B)
Class org.jetbrains.plugins.gradle.model.DefaultGradleExtensions                      : loaded 4 times (x 88B)
Class com.squareup.javapoet.CodeWriter                                                : loaded 4 times (x 72B)
Class dagger.spi.internal.shaded.androidx.room.compiler.processing.XNullability       : loaded 4 times (x 79B)
Class com.android.ide.gradle.model.dependencies.DeclaredDependenciesModelBuilderKt    : loaded 4 times (x 71B)
Class dagger.spi.internal.shaded.androidx.room.jarjarred.kotlinx.metadata.KmTypeVisitor: loaded 4 times (x 82B)
Class dagger.spi.internal.shaded.androidx.room.jarjarred.kotlinx.metadata.Attributes$visibility$10: loaded 4 times (x 137B)
Class dagger.spi.internal.shaded.androidx.room.compiler.processing.javac.JavacConstructorElement$typeParameters$2: loaded 4 times (x 79B)
Class org.jetbrains.plugins.gradle.tooling.builder.ProjectExtensionsDataBuilderImpl   : loaded 4 times (x 78B)
Class dagger.spi.internal.shaded.androidx.room.jarjarred.kotlinx.metadata.internal.metadata.jvm.deserialization.UtfEncodingKt: loaded 4 times (x 71B)
Class dagger.internal.codegen.kotlin.KotlinMetadataFactory_Factory$InstanceHolder     : loaded 4 times (x 71B)
Class dagger.internal.codegen.bindinggraphvalidation.CompositeBindingGraphPlugin_Factory_Impl: loaded 4 times (x 75B)
Class dagger.internal.codegen.model.DiagnosticReporter                                : loaded 4 times (x 75B)
Class [Ldagger.internal.codegen.base.ComponentCreatorAnnotation;                      : loaded 4 times (x 69B)
Class dagger.spi.model.DaggerProcessingEnv$Backend                                    : loaded 4 times (x 79B)
Class dagger.internal.codegen.validation.ValidationReport$Builder                     : loaded 4 times (x 72B)
Class dagger.spi.internal.shaded.kotlinx.metadata.internal.metadata.ProtoBuf$TypeParameter$Variance$1: loaded 4 times (x 74B)
Class dagger.spi.internal.shaded.androidx.room.jarjarred.kotlinx.metadata.internal.protobuf.WireFormat$FieldType$3: loaded 4 times (x 83B)
Class dagger.spi.internal.shaded.kotlinx.metadata.internal.metadata.ProtoBuf$Property$1: loaded 4 times (x 144B)
Class com.intellij.gradle.toolingExtension.impl.model.dependencyDownloadPolicyModel.DefaultGradleDependencyDownloadPolicy: loaded 4 times (x 77B)
Class com.google.common.util.concurrent.UncheckedExecutionException                   : loaded 4 times (x 82B)
Class [Ldagger.spi.internal.shaded.kotlinx.metadata.internal.metadata.ProtoBuf$MemberKind;: loaded 4 times (x 69B)
Class dagger.spi.internal.shaded.kotlinx.metadata.internal.metadata.ProtoBuf$Class$Kind: loaded 4 times (x 82B)
Class dagger.spi.internal.shaded.kotlinx.metadata.internal.metadata.ProtoBuf$ClassOrBuilder: loaded 4 times (x 70B)
Class dagger.spi.internal.shaded.kotlinx.metadata.internal.protobuf.ByteString        : loaded 4 times (x 108B)
Class dagger.spi.internal.shaded.kotlinx.metadata.internal.protobuf.GeneratedMessageLite$ExtendableMessage: loaded 4 times (x 113B)
Class dagger.spi.internal.shaded.androidx.room.compiler.processing.javac.kotlin.KmData: loaded 4 times (x 70B)
Class dagger.spi.internal.shaded.kotlinx.metadata.internal.protobuf.WireFormat$JavaType: loaded 4 times (x 79B)
Class dagger.internal.codegen.model.Scope                                             : loaded 4 times (x 72B)
Class dagger.internal.codegen.writing.ProducerFactoryGenerator$NoArgFutureTransform   : loaded 4 times (x 78B)
Class dagger.internal.codegen.binding.MultibindingDeclaration$Factory                 : loaded 4 times (x 72B)
Class dagger.internal.codegen.validation.BindsInstanceMethodValidator                 : loaded 4 times (x 78B)
Class dagger.internal.codegen.processingstep.InjectProcessingStep                     : loaded 4 times (x 86B)
Class dagger.internal.codegen.writing.FactoryGenerator                                : loaded 4 times (x 77B)
Class dagger.internal.codegen.binding.ContributionBinding$Builder                     : loaded 4 times (x 83B)
Class dagger.internal.codegen.validation.BindingGraphValidator_Factory                : loaded 4 times (x 79B)
Class dagger.internal.codegen.binding.BindingGraphFactory_Factory                     : loaded 4 times (x 79B)
Class com.squareup.kotlinpoet.CodeWriterKt                                            : loaded 4 times (x 71B)
Class dagger.spi.internal.shaded.androidx.room.jarjarred.kotlinx.metadata.ClassKind   : loaded 4 times (x 79B)
Class dagger.spi.internal.shaded.androidx.room.jarjarred.kotlinx.metadata.Visibility  : loaded 4 times (x 79B)
Class dagger.spi.internal.shaded.androidx.room.jarjarred.kotlinx.metadata.internal.metadata.ProtoBuf$Class$Kind$1: loaded 4 times (x 74B)
Class kotlin.reflect.jvm.internal.KMutableProperty1Impl                               : loaded 4 times (x 135B)
Class dagger.spi.internal.shaded.androidx.room.jarjarred.kotlinx.metadata.internal.protobuf.InvalidProtocolBufferException: loaded 4 times (x 84B)
Class dagger.spi.internal.shaded.androidx.room.jarjarred.kotlinx.metadata.internal.metadata.jvm.deserialization.JvmMetadataVersion: loaded 4 times (x 74B)
Class [Ldagger.spi.internal.shaded.androidx.room.compiler.processing.XFiler$Mode;     : loaded 4 times (x 69B)
Class dagger.spi.internal.shaded.androidx.room.compiler.processing.XFiler$Mode        : loaded 4 times (x 79B)
Class kotlin.reflect.jvm.internal.KClassImpl$Data$allStaticMembers$2                  : loaded 4 times (x 79B)
Class dagger.spi.internal.shaded.kotlinx.metadata.internal.metadata.deserialization.BinaryVersion$Companion: loaded 4 times (x 71B)
Class org.jetbrains.kotlin.idea.gradleTooling.reflect.ParameterList$Companion         : loaded 4 times (x 71B)
Class org.jetbrains.kotlin.idea.gradleTooling.reflect.GradleReflectionLogger          : loaded 4 times (x 75B)
Class com.intellij.gradle.toolingExtension.impl.util.javaPluginUtil.JavaPluginUtil    : loaded 4 times (x 71B)
Class com.intellij.compose.ide.plugin.gradleTooling.rt.ComposeResourcesExtension      : loaded 4 times (x 72B)
Class dagger.hilt.android.processor.internal.androidentrypoint.$AutoValue_AndroidEntryPointMetadata: loaded 4 times (x 92B)
Class dagger.internal.codegen.binding.$AutoValue_MembersInjectionBinding_InjectionSite: loaded 4 times (x 77B)
Class dagger.spi.internal.shaded.androidx.room.jarjarred.kotlinx.metadata.internal.protobuf.WireFormat$FieldType$2: loaded 4 times (x 83B)
Class dagger.spi.internal.shaded.androidx.room.jarjarred.kotlinx.metadata.internal.protobuf.ExtensionRegistryLite$ObjectIntPair: loaded 4 times (x 72B)
Class dagger.spi.internal.shaded.androidx.room.jarjarred.kotlinx.metadata.KmType      : loaded 4 times (x 83B)
Class dagger.hilt.processor.internal.HiltCompilerOptions$EnumOption                   : loaded 4 times (x 72B)
Class dagger.spi.internal.shaded.androidx.room.jarjarred.kotlinx.metadata.internal.metadata.deserialization.Flags: loaded 4 times (x 71B)
Class dagger.spi.internal.shaded.androidx.room.jarjarred.kotlinx.metadata.Attributes$hasAnnotations$18: loaded 4 times (x 137B)
Class com.squareup.javapoet.CodeWriter$Multiset                                       : loaded 4 times (x 72B)
Class dagger.spi.internal.shaded.androidx.room.compiler.processing.javac.JavacAnnotation$declaredAnnotationValues$2: loaded 4 times (x 79B)
Class dagger.internal.codegen.binding.BindingFactory_Factory                          : loaded 4 times (x 79B)
Class dagger.internal.codegen.base.SourceFileHjarGenerator                            : loaded 4 times (x 77B)
Class dagger.internal.codegen.validation.ComponentHierarchyValidator_Factory          : loaded 4 times (x 79B)
Class dagger.internal.codegen.binding.BindingGraphFactory                             : loaded 4 times (x 75B)
Class dagger.internal.codegen.writing.MembersInjectorGenerator                        : loaded 4 times (x 77B)
Class dagger.internal.codegen.binding.ProvisionBinding$Builder                        : loaded 4 times (x 88B)
Class com.google.common.collect.ImmutableMap$MapViewOfValuesAsSingletonSets$1         : loaded 4 times (x 82B)
Class dagger.internal.codegen.base.ClearableCache                                     : loaded 4 times (x 70B)
Class dagger.internal.codegen.binding.MonitoringModules_Factory$InstanceHolder        : loaded 4 times (x 71B)
Class dagger.internal.codegen.base.DaggerSuperficialValidation_Factory                : loaded 4 times (x 79B)
Class dagger.internal.codegen.base.DaggerSuperficialValidation                        : loaded 4 times (x 72B)
Class dagger.internal.codegen.DelegateComponentProcessor_SourceFileGeneratorsModule_MembersInjectorGeneratorFactory: loaded 4 times (x 79B)
Class dagger.hilt.processor.internal.kotlin.KotlinMetadataUtils                       : loaded 4 times (x 71B)
Class dagger.spi.internal.shaded.androidx.room.jarjarred.kotlinx.metadata.Attributes  : loaded 4 times (x 71B)
Class dagger.spi.internal.shaded.androidx.room.compiler.processing.javac.JavacExecutableElement$Companion: loaded 4 times (x 71B)
Class dagger.spi.internal.shaded.androidx.room.compiler.processing.XAnnotationValue   : loaded 4 times (x 70B)
Class dagger.spi.internal.shaded.androidx.room.compiler.processing.javac.JavacType$superTypes$2: loaded 4 times (x 79B)
Class kotlin.reflect.jvm.internal.KClassImpl$Data$declaredMembers$2                   : loaded 4 times (x 79B)
Class kotlin.reflect.jvm.internal.pcollections.ConsPStack                             : loaded 4 times (x 79B)
Class dagger.spi.internal.shaded.auto.common.MoreTypes$AsElementVisitor               : loaded 4 times (x 101B)
Class dagger.spi.internal.shaded.androidx.room.compiler.processing.javac.JavacTypeElement$type$2: loaded 4 times (x 79B)
Class dagger.spi.internal.shaded.androidx.room.compiler.processing.javac.JavacTypeElement$_declaredFields$2: loaded 4 times (x 79B)
Class dagger.internal.codegen.validation.ValidationBindingGraphPlugins                : loaded 4 times (x 72B)
Class kotlin.reflect.jvm.internal.KClassImpl$Data$qualifiedName$2                     : loaded 4 times (x 79B)
Class org.jetbrains.kotlin.idea.gradleTooling.reflect.ReflectionReceiver$Static       : loaded 4 times (x 77B)
Class kotlin.collections.CollectionsKt___CollectionsKt$withIndex$1                    : loaded 4 times (x 79B)
Class dagger.spi.internal.shaded.androidx.room.jarjarred.kotlinx.metadata.jvm.JvmTypeExtensionVisitor: loaded 4 times (x 80B)
Class dagger.spi.internal.shaded.androidx.room.compiler.processing.javac.JavacFiler   : loaded 4 times (x 78B)
Class dagger.hilt.processor.internal.kotlin.DaggerKotlinMetadataUtils_MetadataComponent$Builder: loaded 4 times (x 71B)
Class dagger.Lazy                                                                     : loaded 4 times (x 70B)
Class dagger.internal.codegen.processingstep.ProcessingStepsModule                    : loaded 4 times (x 70B)
Class dagger.hilt.android.processor.internal.viewmodel.ViewModelValidationPluginKt$WhenMappings: loaded 4 times (x 71B)
Class dagger.internal.codegen.model.AutoValue_DaggerType                              : loaded 4 times (x 75B)
Class dagger.spi.model.BindingGraph$Node                                              : loaded 4 times (x 70B)
Class dagger.spi.internal.shaded.kotlinx.metadata.internal.metadata.ProtoBuf$ValueParameterOrBuilder: loaded 4 times (x 70B)
Class dagger.spi.internal.shaded.kotlinx.metadata.internal.metadata.ProtoBuf$TypeParameter$1: loaded 4 times (x 144B)
Class com.google.common.cache.CacheLoader$UnsupportedLoadingOperationException        : loaded 4 times (x 82B)
Class dagger.spi.internal.shaded.androidx.room.compiler.processing.XEquality          : loaded 4 times (x 70B)
Class dagger.spi.internal.shaded.kotlinx.metadata.jvm.JvmTypeExtensionVisitor$Companion: loaded 4 times (x 71B)
Class dagger.spi.internal.shaded.androidx.room.compiler.processing.javac.kotlin.KmConstructorContainer$parameters$2: loaded 4 times (x 79B)
Class dagger.spi.internal.shaded.androidx.room.jarjarred.kotlinx.metadata.jvm.JvmFunctionExtensionVisitor$Companion: loaded 4 times (x 71B)
Class dagger.spi.internal.shaded.androidx.room.jarjarred.kotlinx.metadata.internal.metadata.ProtoBuf$Type$Argument: loaded 4 times (x 110B)
Class dagger.hilt.processor.internal.root.RootType                                    : loaded 4 times (x 79B)
Class dagger.internal.codegen.writing.ModuleProxies_ModuleConstructorProxyGenerator_Factory: loaded 4 times (x 79B)
Class org.jetbrains.kotlin.idea.gradleTooling.KotlinMPPGradleModelBinaryBuilder       : loaded 4 times (x 86B)
Class dagger.internal.codegen.processingstep.AssistedFactoryProcessingStep_Factory    : loaded 4 times (x 79B)
Class dagger.internal.codegen.validation.ComponentCreatorValidator_Factory            : loaded 4 times (x 79B)
Class dagger.internal.codegen.binding.MonitoringModules_Factory                       : loaded 4 times (x 78B)
Class dagger.internal.codegen.binding.InjectionAnnotations_Factory                    : loaded 4 times (x 79B)
Class com.google.common.collect.AbstractMapBasedMultimap$KeySet$1                     : loaded 4 times (x 82B)
Class dagger.spi.internal.shaded.kotlinx.metadata.jvm.internal.JvmPropertyExtension   : loaded 4 times (x 88B)
Class com.google.common.cache.LocalCache$EntryFactory$5                               : loaded 4 times (x 83B)
Class dagger.internal.Factory                                                         : loaded 4 times (x 70B)
Class dagger.spi.internal.shaded.androidx.room.jarjarred.kotlinx.metadata.Attributes$visibility$14: loaded 4 times (x 137B)
Class dagger.spi.internal.shaded.androidx.room.jarjarred.kotlinx.metadata.internal.metadata.deserialization.BinaryVersion$Companion: loaded 4 times (x 71B)
Class dagger.spi.internal.shaded.kotlinx.metadata.internal.protobuf.ByteString$ByteIterator: loaded 4 times (x 70B)
Class [Lcom.intellij.openapi.externalSystem.model.project.ExternalSystemSourceType;   : loaded 4 times (x 69B)
Class dagger.internal.codegen.binding.MethodSignatureFormatter                        : loaded 4 times (x 86B)
Class com.android.ide.gradle.model.artifacts.impl.AdditionalClassifierArtifactsModelImpl: loaded 4 times (x 76B)
Class org.jetbrains.plugins.gradle.model.DefaultDependencyAccessorsModel              : loaded 4 times (x 76B)
Class com.google.common.base.Ticker$1                                                 : loaded 4 times (x 72B)
Class com.google.common.cache.LocalCache$EntryFactory$3                               : loaded 4 times (x 83B)
Class dagger.spi.internal.shaded.androidx.room.compiler.processing.javac.JavacProcessingEnv$Companion: loaded 4 times (x 71B)
Class org.jetbrains.kotlin.idea.gradleTooling.OrphanSourceSetImportingChecker         : loaded 4 times (x 74B)
Class dagger.internal.codegen.writing.AnnotationCreatorGenerator                      : loaded 4 times (x 80B)
Class dagger.internal.codegen.validation.ProvidesMethodValidator$Validator            : loaded 4 times (x 80B)
Class dagger.internal.codegen.javapoet.AnnotationSpecs$Suppression                    : loaded 4 times (x 79B)
Class dagger.internal.codegen.binding.ModuleDescriptor                                : loaded 4 times (x 81B)
Class [Ldagger.internal.codegen.model.BindingKind;                                    : loaded 4 times (x 69B)
Class [Lcom.google.common.collect.AbstractIterator$State;                             : loaded 4 times (x 69B)
Class dagger.spi.internal.shaded.androidx.room.jarjarred.kotlinx.metadata.internal.metadata.ProtoBuf$Effect$EffectType: loaded 4 times (x 82B)
Class dagger.spi.internal.shaded.kotlinx.metadata.internal.metadata.jvm.deserialization.JvmMemberSignature$Method: loaded 4 times (x 75B)
Class dagger.spi.internal.shaded.kotlinx.metadata.internal.metadata.ProtoBuf$Contract$1: loaded 4 times (x 144B)
Class com.google.common.collect.FluentIterable$1                                      : loaded 4 times (x 81B)
Class dagger.spi.internal.shaded.androidx.room.compiler.processing.XTypeVariableType  : loaded 4 times (x 70B)
Class dagger.spi.internal.shaded.androidx.room.jarjarred.kotlinx.metadata.KmTypeProjection$Companion: loaded 4 times (x 71B)
Class dagger.spi.internal.shaded.androidx.room.compiler.processing.XConstructorType   : loaded 4 times (x 70B)
Class dagger.internal.codegen.model.AutoValue_DependencyRequest                       : loaded 4 times (x 76B)
Class [[Ldagger.internal.codegen.compileroption.ProcessingEnvironmentCompilerOptions$CommandLineOption;: loaded 4 times (x 69B)
Class dagger.internal.codegen.processingstep.BindingMethodProcessingStep              : loaded 4 times (x 86B)
Class dagger.spi.internal.shaded.androidx.room.compiler.processing.javac.JavacConstructorElement$executableType$2: loaded 4 times (x 79B)
Class dagger.spi.internal.shaded.kotlinx.metadata.internal.metadata.ProtoBuf$PropertyOrBuilder: loaded 4 times (x 70B)
Class com.intellij.gradle.toolingExtension.impl.modelBuilder.DefaultModelBuilderContext: loaded 4 times (x 77B)
Class dagger.spi.internal.shaded.kotlinx.metadata.internal.protobuf.CodedOutputStream$OutOfSpaceException: loaded 4 times (x 82B)
Class [Ldagger.spi.internal.shaded.kotlinx.metadata.internal.metadata.ProtoBuf$Modality;: loaded 4 times (x 69B)
Class dagger.spi.internal.shaded.androidx.room.jarjarred.kotlinx.metadata.internal.metadata.ProtoBuf$ClassOrBuilder: loaded 4 times (x 70B)
Class dagger.spi.internal.shaded.androidx.room.jarjarred.kotlinx.metadata.internal.protobuf.MessageLite: loaded 4 times (x 70B)
Class org.jetbrains.kotlin.idea.gradleTooling.model.noarg.NoArgModel                  : loaded 4 times (x 70B)
Class com.google.common.cache.LocalCache$2                                            : loaded 4 times (x 142B)
Class com.squareup.javapoet.JavaFile$Builder                                          : loaded 4 times (x 72B)
Class dagger.spi.internal.shaded.androidx.room.compiler.processing.InternalXAnnotation$valuesByName$2: loaded 4 times (x 79B)
Class dagger.hilt.processor.internal.aliasof.AliasOfProcessor                         : loaded 4 times (x 100B)
Class dagger.spi.internal.shaded.kotlinx.metadata.internal.metadata.ProtoBuf$MemberKind: loaded 4 times (x 82B)
Class com.intellij.gradle.toolingExtension.impl.model.warmUp.GradleTaskWarmUpService  : loaded 4 times (x 86B)
Class org.jetbrains.kotlin.idea.gradleTooling.reflect.KotlinAndroidSourceSetInfoReflection: loaded 4 times (x 70B)
Class dagger.internal.codegen.langmodel.Accessibility                                 : loaded 4 times (x 71B)
Class dagger.internal.codegen.model.DaggerExecutableElement                           : loaded 4 times (x 73B)
Class org.jetbrains.kotlin.idea.gradleTooling.KotlinMPPGradleModelBuilder$Companion   : loaded 4 times (x 71B)
Class com.intellij.gradle.toolingExtension.impl.model.projectModel.GradleExternalProjectModelBuilder: loaded 4 times (x 86B)
Class dagger.spi.internal.shaded.androidx.room.compiler.processing.XEquality$Companion: loaded 4 times (x 71B)
Class dagger.spi.internal.shaded.kotlinx.metadata.jvm.JvmConstructorExtensionVisitor$Companion: loaded 4 times (x 71B)
Class dagger.spi.internal.shaded.androidx.room.jarjarred.kotlinx.metadata.internal.protobuf.ByteString: loaded 4 times (x 108B)
Class dagger.spi.internal.shaded.androidx.room.jarjarred.kotlinx.metadata.internal.protobuf.WireFormat$FieldType$1: loaded 4 times (x 83B)
Class dagger.spi.internal.shaded.kotlinx.metadata.internal.metadata.ProtoBuf$ValueParameter: loaded 4 times (x 128B)
Class dagger.spi.internal.shaded.kotlinx.metadata.internal.protobuf.SmallSortedMap$EmptySet: loaded 4 times (x 71B)
Class dagger.spi.internal.shaded.androidx.room.jarjarred.kotlinx.metadata.jvm.JvmTypeParameterExtensionVisitor: loaded 4 times (x 79B)
Class com.google.common.collect.FluentIterable$2                                      : loaded 4 times (x 81B)
Class dagger.spi.internal.shaded.androidx.room.jarjarred.kotlinx.metadata.internal.metadata.jvm.JvmProtoBuf$JvmFieldSignature$1: loaded 4 times (x 144B)
Class dagger.internal.codegen.binding.InjectionSiteFactory$InjectionSiteVisitor       : loaded 4 times (x 72B)
Class com.google.common.base.Platform$JdkPatternCompiler                              : loaded 4 times (x 75B)
Class dagger.spi.internal.shaded.androidx.room.compiler.processing.util.MemoizedSequence$CachedIterator: loaded 4 times (x 79B)
Class dagger.internal.codegen.validation.SpiModelBindingGraphConverter$DiagnosticReporterImpl: loaded 4 times (x 76B)
Class dagger.internal.codegen.model.BindingGraph$MaybeBinding                         : loaded 4 times (x 70B)
Class dagger.internal.codegen.validation.BindsOptionalOfMethodValidator$Validator     : loaded 4 times (x 80B)
Class dagger.internal.codegen.ServiceLoaders                                          : loaded 4 times (x 71B)
Class dagger.spi.internal.shaded.androidx.room.jarjarred.kotlinx.metadata.KmValueParameter: loaded 4 times (x 77B)
Class kotlin.reflect.jvm.internal.impl.builtins.functions.FunctionClassKind           : loaded 4 times (x 80B)
Class dagger.spi.internal.shaded.androidx.room.jarjarred.kotlinx.metadata.internal.metadata.ProtoBuf$Modality$1: loaded 4 times (x 74B)
Class dagger.spi.internal.shaded.androidx.room.jarjarred.kotlinx.metadata.KmConstructorVisitor: loaded 4 times (x 76B)
Class dagger.internal.codegen.base.DaggerSuperficialValidation$ValidationException$KnownErrorType: loaded 4 times (x 83B)
Class dagger.spi.internal.shaded.androidx.room.compiler.processing.InternalXAnnotationValue$Companion: loaded 4 times (x 71B)
Class dagger.hilt.android.processor.internal.androidentrypoint.AndroidEntryPointMetadata$AndroidType: loaded 4 times (x 79B)
Class dagger.spi.internal.shaded.androidx.room.jarjarred.kotlinx.metadata.Attributes$modality$2: loaded 4 times (x 137B)
Class dagger.spi.internal.shaded.androidx.room.jarjarred.kotlinx.metadata.jvm.internal.JvmTypeExtension: loaded 4 times (x 86B)
Class dagger.spi.internal.shaded.androidx.room.jarjarred.kotlinx.metadata.internal.protobuf.WireFormat: loaded 4 times (x 71B)
Class dagger.spi.internal.shaded.androidx.room.jarjarred.kotlinx.metadata.internal.metadata.jvm.JvmProtoBuf$JvmFieldSignature: loaded 4 times (x 108B)
Class dagger.spi.internal.shaded.androidx.room.jarjarred.kotlinx.metadata.internal.protobuf.ByteString$Output: loaded 4 times (x 86B)
Class org.jetbrains.kotlin.idea.gradleTooling.reflect.ReflectionReceiver$Instance     : loaded 4 times (x 77B)
Class org.jetbrains.kotlin.idea.gradleTooling.reflect.KotlinMultiplatformImportReflectionImpl: loaded 4 times (x 76B)
Class org.jetbrains.kotlin.idea.gradleTooling.ResolveCompilerArgumentsKt              : loaded 4 times (x 71B)
Class org.jetbrains.plugins.gradle.tooling.internal.DefaultRepositoryModels           : loaded 4 times (x 76B)
Class org.jetbrains.kotlin.idea.gradleTooling.model.lombok.LombokModel                : loaded 4 times (x 70B)
Class org.jetbrains.kotlin.idea.gradleTooling.reflect.ReflectionLogger                : loaded 4 times (x 70B)
Class dagger.spi.internal.shaded.androidx.room.jarjarred.kotlinx.metadata.internal.FlagDelegatesImplKt$constructorBooleanFlag$1: loaded 4 times (x 137B)
Class dagger.internal.codegen.model.AutoValue_DaggerElement                           : loaded 4 times (x 74B)
Class dagger.spi.internal.shaded.androidx.room.compiler.processing.javac.JavacPackageElement: loaded 4 times (x 193B)
Class dagger.spi.internal.shaded.androidx.room.compiler.processing.javac.kotlin.KmPropertyContainer: loaded 4 times (x 79B)
Class dagger.spi.internal.shaded.androidx.room.compiler.processing.util.NamingUtilsKt : loaded 4 times (x 71B)
Class org.jetbrains.kotlin.idea.gradleTooling.reflect.KotlinSourceSetReflectionKt     : loaded 4 times (x 71B)
Class com.android.ide.gradle.model.composites.BuildMapModelBuilder                    : loaded 4 times (x 75B)
Class dagger.spi.internal.shaded.kotlinx.metadata.KmDeclarationContainerExtensionVisitor: loaded 4 times (x 70B)
Class dagger.spi.internal.shaded.kotlinx.metadata.internal.metadata.ProtoBuf$Function$1: loaded 4 times (x 144B)
Class dagger.spi.internal.shaded.kotlinx.metadata.internal.metadata.ProtoBuf$Constructor$1: loaded 4 times (x 144B)
Class com.google.common.collect.FluentIterable$3                                      : loaded 4 times (x 81B)
Class com.google.common.cache.LocalCache$EntryFactory$2                               : loaded 4 times (x 83B)
Class dagger.spi.internal.shaded.androidx.room.jarjarred.kotlinx.metadata.internal.protobuf.AbstractMessageLite$Builder$LimitedInputStream: loaded 4 times (x 92B)
Class dagger.spi.internal.shaded.androidx.room.jarjarred.kotlinx.metadata.internal.metadata.jvm.deserialization.JvmMemberSignature$Method: loaded 4 times (x 75B)
Class dagger.internal.codegen.validation.BindingMethodValidator$Abstractness          : loaded 4 times (x 79B)
Class dagger.internal.codegen.ProcessingEnvironmentModule_MessagerFactory             : loaded 4 times (x 79B)
Class [Ldagger.spi.internal.shaded.androidx.room.jarjarred.kotlinx.metadata.ClassKind;: loaded 4 times (x 69B)
Class com.google.common.graph.PredecessorsFunction                                    : loaded 4 times (x 70B)
Class dagger.spi.internal.shaded.androidx.room.compiler.processing.javac.JavacMethodParameter$jvmName$2: loaded 4 times (x 79B)
Class com.squareup.javapoet.MethodSpec$Builder                                        : loaded 4 times (x 72B)
Class dagger.spi.internal.shaded.androidx.room.jarjarred.kotlinx.metadata.Attributes$isReified$2: loaded 4 times (x 137B)
Class dagger.spi.internal.shaded.androidx.room.jarjarred.kotlinx.metadata.KmDeclarationContainerVisitor: loaded 4 times (x 77B)
Class [Ldagger.spi.internal.shaded.androidx.room.jarjarred.kotlinx.metadata.internal.metadata.jvm.JvmProtoBuf$StringTableTypes$Record$Operation;: loaded 4 times (x 69B)
Class org.jetbrains.kotlin.tooling.core.InternerImpl$Store$Strong                     : loaded 4 times (x 76B)
Class dagger.spi.internal.shaded.androidx.room.jarjarred.kotlinx.metadata.internal.protobuf.GeneratedMessageLite$ExtendableMessage: loaded 4 times (x 113B)
Class kotlin.reflect.jvm.internal.KClassImpl$Data$inheritedStaticMembers$2            : loaded 4 times (x 79B)
Class dagger.spi.internal.shaded.androidx.room.compiler.processing.javac.JavacTypeElement$packageElement$2: loaded 4 times (x 79B)
Class dagger.spi.internal.shaded.androidx.room.compiler.processing.CommonProcessorDelegate$processRound$currentElementsDeferredByStep$1$previousRoundDeferredElementsByAnnotation$1: loaded 4 times (x 78B)
Class dagger.spi.internal.shaded.androidx.room.jarjarred.kotlinx.metadata.jvm.JvmFieldSignature: loaded 4 times (x 74B)
Class dagger.internal.codegen.compileroption.CompilerOptions                          : loaded 4 times (x 94B)
Class dagger.internal.codegen.processingstep.ModuleProcessingStep_Factory             : loaded 4 times (x 79B)
Class dagger.spi.internal.shaded.androidx.room.compiler.processing.javac.kotlin.KmValueParameterContainer: loaded 4 times (x 72B)
Class dagger.hilt.processor.internal.aggregateddeps.AggregatedDepsProcessor           : loaded 4 times (x 100B)
Class dagger.hilt.processor.internal.BaseProcessingStep                               : loaded 4 times (x 87B)
Class org.jetbrains.kotlin.idea.gradleTooling.reflect.KotlinCompilerArgumentsResolverReflection: loaded 4 times (x 70B)
Class org.jetbrains.plugins.gradle.tooling.serialization.ExternalTestsSerializationService$1: loaded 4 times (x 76B)
Class dagger.spi.internal.shaded.androidx.room.compiler.processing.JavaPoetExtKt      : loaded 4 times (x 71B)
Class dagger.spi.internal.shaded.androidx.room.compiler.processing.javac.JavacBasicAnnotationProcessor: loaded 4 times (x 98B)
Class dagger.spi.internal.shaded.androidx.room.compiler.processing.javac.JavacProcessingEnvMessager$Companion: loaded 4 times (x 71B)
Class dagger.spi.internal.shaded.androidx.room.jarjarred.kotlinx.metadata.Attributes$kind$2: loaded 4 times (x 137B)
Class dagger.spi.internal.shaded.androidx.room.jarjarred.kotlinx.metadata.KmExtensionType: loaded 4 times (x 72B)
Class org.jetbrains.kotlin.idea.gradleTooling.MultiplatformModelImportingChecker      : loaded 4 times (x 70B)
Class org.jetbrains.kotlin.idea.gradleTooling.model.parcelize.ParcelizeModelBuilderService: loaded 4 times (x 81B)
Class dagger.spi.internal.shaded.androidx.room.compiler.processing.javac.kotlin.KmVisibility: loaded 4 times (x 70B)
Class kotlin.reflect.jvm.internal.KDeclarationContainerImpl$Data$moduleData$2         : loaded 4 times (x 79B)
Class dagger.spi.internal.shaded.androidx.room.jarjarred.kotlinx.metadata.internal.metadata.ProtoBuf$Effect$EffectType$1: loaded 4 times (x 74B)
Class kotlin.reflect.jvm.internal.pcollections.IntTreePMap                            : loaded 4 times (x 72B)
Class dagger.spi.internal.shaded.androidx.room.jarjarred.kotlinx.metadata.internal.protobuf.WireFormat$FieldType$4: loaded 4 times (x 83B)
Class [Ldagger.internal.codegen.model.DependencyRequest;                              : loaded 4 times (x 69B)
Class dagger.spi.internal.shaded.androidx.room.compiler.processing.javac.JavacMethodType$typeVariableNames$2: loaded 4 times (x 79B)
Class dagger.internal.codegen.binding.$AutoValue_DelegateDeclaration                  : loaded 4 times (x 83B)
Class dagger.internal.codegen.bindinggraphvalidation.MapMultibindingValidator_Factory : loaded 4 times (x 79B)
Class com.google.common.collect.ImmutableSetMultimap$Builder                          : loaded 4 times (x 83B)
Class dagger.spi.internal.shaded.kotlinx.metadata.internal.metadata.ProtoBuf$FunctionOrBuilder: loaded 4 times (x 70B)
Class dagger.internal.codegen.xprocessing.XTypes$1                                    : loaded 4 times (x 71B)
Class com.squareup.kotlinpoet.LineWrapper                                             : loaded 4 times (x 78B)
Class dagger.spi.internal.shaded.androidx.room.jarjarred.kotlinx.metadata.internal.FlagDelegatesImplKt$propertyAccessorBooleanFlag$1: loaded 4 times (x 137B)
Class dagger.spi.internal.shaded.androidx.room.jarjarred.kotlinx.metadata.Attributes$visibility$18: loaded 4 times (x 137B)
Class dagger.spi.internal.shaded.androidx.room.jarjarred.kotlinx.metadata.internal.metadata.jvm.JvmProtoBuf$JvmMethodSignature$Builder: loaded 4 times (x 134B)
Class dagger.spi.internal.shaded.androidx.room.jarjarred.kotlinx.metadata.internal.metadata.jvm.JvmProtoBuf$JvmFieldSignatureOrBuilder: loaded 4 times (x 70B)
Class dagger.spi.internal.shaded.androidx.room.jarjarred.kotlinx.metadata.internal.protobuf.WireFormat$JavaType: loaded 4 times (x 79B)
Class dagger.spi.internal.shaded.androidx.room.compiler.processing.XArrayType         : loaded 4 times (x 70B)
Class dagger.spi.internal.shaded.androidx.room.compiler.processing.InternalXAnnotationValue: loaded 4 times (x 155B)
Class dagger.internal.codegen.validation.DiagnosticReporterFactory$DiagnosticReporterImpl: loaded 4 times (x 76B)
Class com.squareup.kotlinpoet.Dynamic                                                 : loaded 4 times (x 82B)
Class [Lcom.google.common.cache.CacheBuilder$OneWeigher;                              : loaded 4 times (x 69B)
Class com.squareup.javapoet.ParameterizedTypeName                                     : loaded 4 times (x 81B)
Class dagger.spi.internal.shaded.kotlinx.metadata.KmExtensionType                     : loaded 4 times (x 72B)
Class dagger.internal.codegen.binding.ContributionBinding$1                           : loaded 4 times (x 71B)
Class dagger.spi.internal.shaded.kotlinx.metadata.internal.metadata.ProtoBuf$Package  : loaded 4 times (x 129B)
Class dagger.internal.codegen.binding.FrameworkType                                   : loaded 4 times (x 84B)
Class com.intellij.gradle.toolingExtension.impl.model.sourceSetArtifactIndex.GradleSourceSetArtifactModel: loaded 4 times (x 76B)
Class com.google.common.cache.LocalCache$1                                            : loaded 4 times (x 89B)
Class dagger.spi.internal.shaded.androidx.room.compiler.processing.javac.JavacExecutableElement$thrownTypes$2: loaded 4 times (x 79B)
Class com.squareup.javapoet.CodeBlock                                                 : loaded 4 times (x 72B)
Class org.jetbrains.plugins.gradle.tooling.builder.ProjectRepositoriesModelBuilder    : loaded 4 times (x 78B)
Class org.jetbrains.kotlin.idea.gradleTooling.reflect.TypeToken$Companion             : loaded 4 times (x 71B)
Class org.jetbrains.plugins.gradle.model.tests.DefaultExternalTestsModel              : loaded 4 times (x 77B)
Class dagger.spi.internal.shaded.kotlinx.metadata.internal.protobuf.UninitializedMessageException: loaded 4 times (x 84B)
Class dagger.spi.internal.shaded.androidx.room.compiler.processing.javac.JavacElement$docComment$2: loaded 4 times (x 79B)
Class dagger.spi.internal.shaded.androidx.room.compiler.codegen.XClassName$Companion  : loaded 4 times (x 71B)
Class dagger.spi.internal.shaded.androidx.room.compiler.processing.javac.JavacAnnotationValue$value$2: loaded 4 times (x 79B)
Class com.google.common.cache.Weigher                                                 : loaded 4 times (x 70B)
Class dagger.spi.internal.shaded.androidx.room.jarjarred.kotlinx.metadata.internal.protobuf.LazyField: loaded 4 times (x 83B)
Class dagger.spi.internal.shaded.kotlinx.metadata.internal.metadata.deserialization.VersionRequirementTable$Companion: loaded 4 times (x 71B)
Class dagger.spi.internal.shaded.kotlinx.metadata.internal.protobuf.FieldSet          : loaded 4 times (x 72B)
Class dagger.spi.internal.shaded.kotlinx.metadata.internal.protobuf.ByteString$Output : loaded 4 times (x 86B)
Class com.squareup.javapoet.AnnotationSpec                                            : loaded 4 times (x 72B)
Class dagger.internal.codegen.model.$AutoValue_Key$Builder                            : loaded 4 times (x 78B)
Class dagger.internal.codegen.binding.BindingDeclaration                              : loaded 4 times (x 74B)
Class dagger.internal.codegen.binding.BindingFactory                                  : loaded 4 times (x 72B)
Class dagger.internal.codegen.validation.ExternalBindingGraphPlugins_Factory          : loaded 4 times (x 79B)
Class dagger.internal.codegen.validation.DependencyRequestValidator_Factory           : loaded 4 times (x 79B)
Class dagger.spi.internal.shaded.androidx.room.jarjarred.kotlinx.metadata.internal.extensions.KmExtension: loaded 4 times (x 70B)
Class javax.inject.Provider                                                           : loaded 4 times (x 70B)
Class dagger.spi.internal.shaded.androidx.room.jarjarred.kotlinx.metadata.jvm.JvmMetadataVersion$Companion: loaded 4 times (x 71B)
Class dagger.spi.internal.shaded.androidx.room.jarjarred.kotlinx.metadata.internal.metadata.ProtoBuf$Class: loaded 4 times (x 180B)
Class dagger.spi.internal.shaded.androidx.room.jarjarred.kotlinx.metadata.internal.metadata.ProtoBuf$ValueParameter: loaded 4 times (x 128B)
Class dagger.spi.internal.shaded.androidx.room.jarjarred.kotlinx.metadata.internal.protobuf.SmallSortedMap$EmptySet: loaded 4 times (x 71B)
Class dagger.internal.codegen.xprocessing.XAnnotationValues                           : loaded 4 times (x 71B)
Class com.squareup.javapoet.AnnotationSpec$Builder                                    : loaded 4 times (x 72B)
Class kotlin.reflect.jvm.internal.KClassifierImpl                                     : loaded 4 times (x 70B)
Class kotlin.reflect.jvm.internal.pcollections.IntTree                                : loaded 4 times (x 72B)
Class kotlin.reflect.jvm.internal.KCallableImpl$_parameters$1                         : loaded 4 times (x 79B)
Class dagger.spi.internal.shaded.androidx.room.compiler.processing.javac.JavacTypeElement$DefaultJavacTypeElement: loaded 4 times (x 300B)
Class dagger.spi.internal.shaded.androidx.room.compiler.processing.XParameterizable   : loaded 4 times (x 70B)
Class dagger.spi.internal.shaded.kotlinx.metadata.KmExtensionVisitor                  : loaded 4 times (x 70B)
Class org.jetbrains.kotlin.idea.gradleTooling.KotlinGradleModelImpl                   : loaded 4 times (x 84B)
Class [Ldagger.spi.internal.shaded.androidx.room.compiler.processing.XNullability;    : loaded 4 times (x 69B)
Class com.intellij.gradle.toolingExtension.impl.model.dependencyModel.GradleDependencyTraverser: loaded 4 times (x 80B)
Class com.intellij.gradle.toolingExtension.impl.model.sourceSetDependencyModel.DefaultGradleSourceSetDependencyModel: loaded 4 times (x 77B)
Class com.intellij.gradle.toolingExtension.impl.util.GradleObjectUtil                 : loaded 4 times (x 71B)
Class com.intellij.openapi.externalSystem.model.project.dependencies.ArtifactDependencyNodeImpl: loaded 4 times (x 95B)
Class dagger.internal.codegen.validation.ModuleValidator                              : loaded 4 times (x 72B)
Class dagger.spi.internal.shaded.androidx.room.compiler.processing.javac.kotlin.KmClassContainer$constructorList$2: loaded 4 times (x 79B)
Class dagger.hilt.android.processor.internal.androidentrypoint.AndroidEntryPointProcessingStep: loaded 4 times (x 87B)
Class dagger.internal.codegen.kotlin.KotlinMetadataFactory                            : loaded 4 times (x 75B)
Class dagger.spi.internal.shaded.androidx.room.compiler.processing.javac.JavacAnnotation$defaultValues$2: loaded 4 times (x 79B)
Class dagger.spi.internal.shaded.androidx.room.jarjarred.kotlinx.metadata.internal.extensions.KmTypeExtension: loaded 4 times (x 70B)
Class dagger.spi.internal.shaded.androidx.room.jarjarred.kotlinx.metadata.internal.metadata.jvm.JvmProtoBuf$StringTableTypes$Record$Operation$1: loaded 4 times (x 74B)
Class dagger.hilt.processor.internal.aggregateddeps.PkgPrivateMetadata                : loaded 4 times (x 75B)
Class com.google.common.cache.LocalCache$Strength                                     : loaded 4 times (x 81B)
Class com.google.common.cache.Cache                                                   : loaded 4 times (x 70B)
Class [Ldagger.spi.internal.shaded.kotlinx.metadata.internal.metadata.ProtoBuf$Visibility;: loaded 4 times (x 69B)
Class dagger.spi.internal.shaded.kotlinx.metadata.jvm.JvmMemberSignatureKt            : loaded 4 times (x 71B)
Class dagger.spi.internal.shaded.kotlinx.metadata.KmConstructorExtensionVisitor       : loaded 4 times (x 70B)
Class dagger.spi.internal.shaded.kotlinx.metadata.jvm.JvmMetadataUtil$annotationImpl$kotlin_Metadata$0: loaded 4 times (x 88B)
Class dagger.spi.internal.shaded.auto.common.AnnotationOutput$SourceFormVisitor       : loaded 4 times (x 117B)
Class dagger.spi.internal.shaded.androidx.room.jarjarred.kotlinx.metadata.KmPropertyExtensionVisitor: loaded 4 times (x 70B)
Class dagger.internal.codegen.binding.BindsTypeChecker$1                              : loaded 4 times (x 71B)
Class dagger.internal.codegen.binding.$AutoValue_ModuleDescriptor                     : loaded 4 times (x 86B)
Class dagger.internal.codegen.binding.DependencyRequestFactory                        : loaded 4 times (x 72B)
Class dagger.internal.codegen.bindinggraphvalidation.SetMultibindingValidator_Factory : loaded 4 times (x 78B)
Class dagger.internal.codegen.bindinggraphvalidation.DependsOnProductionExecutorValidator_Factory: loaded 4 times (x 79B)
Class dagger.internal.codegen.compileroption.ProcessingEnvironmentCompilerOptions$Feature: loaded 4 times (x 90B)
Class dagger.internal.codegen.base.DaggerSuperficialValidation$ValidationException    : loaded 4 times (x 83B)
Class dagger.spi.internal.shaded.androidx.room.jarjarred.kotlinx.metadata.internal.protobuf.MessageLite$Builder: loaded 4 times (x 70B)
Class dagger.spi.internal.shaded.androidx.room.compiler.processing.XExecutableParameterElement: loaded 4 times (x 70B)
Class [Ldagger.internal.codegen.base.ModuleKind;                                      : loaded 4 times (x 69B)
Class dagger.spi.internal.shaded.androidx.room.jarjarred.kotlinx.metadata.Attributes$modality$6: loaded 4 times (x 137B)
Class dagger.spi.internal.shaded.androidx.room.compiler.processing.javac.kotlin.KmClassContainer$functionList$2: loaded 4 times (x 79B)
Class dagger.spi.internal.shaded.androidx.room.jarjarred.kotlinx.metadata.internal.protobuf.CodedOutputStream$OutOfSpaceException: loaded 4 times (x 82B)
Class dagger.spi.internal.shaded.androidx.room.jarjarred.kotlinx.metadata.internal.metadata.ProtoBuf$TypeParameterOrBuilder: loaded 4 times (x 70B)
Class dagger.spi.internal.shaded.androidx.room.jarjarred.kotlinx.metadata.internal.protobuf.BoundedByteString: loaded 4 times (x 112B)
Class dagger.spi.internal.shaded.androidx.room.compiler.processing.javac.JavacElement$equalityItems$2: loaded 4 times (x 79B)
Class dagger.spi.internal.shaded.androidx.room.compiler.processing.javac.JavacTypeElement$_declaredMethods$2: loaded 4 times (x 79B)
Class dagger.hilt.processor.internal.earlyentrypoint.EarlyEntryPointProcessingStep    : loaded 4 times (x 87B)
Class dagger.spi.internal.shaded.androidx.room.jarjarred.kotlinx.metadata.internal.metadata.jvm.JvmProtoBuf$JvmMethodSignature: loaded 4 times (x 108B)
Class dagger.spi.internal.shaded.androidx.room.jarjarred.kotlinx.metadata.Attributes$hasAnnotations$26: loaded 4 times (x 137B)
Class org.jetbrains.plugins.gradle.tooling.builder.IntelliJSettingsBuilder            : loaded 4 times (x 78B)
Class dagger.spi.internal.shaded.kotlinx.metadata.internal.metadata.ProtoBuf$Function : loaded 4 times (x 149B)
Class dagger.spi.internal.shaded.kotlinx.metadata.KmClassifier$Class                  : loaded 4 times (x 72B)
Class com.google.common.collect.Table                                                 : loaded 4 times (x 70B)
Class [Lcom.google.common.cache.RemovalListener;                                      : loaded 4 times (x 69B)
Class com.google.common.cache.LocalCache$EntryFactory$1                               : loaded 4 times (x 83B)
Class org.jetbrains.kotlin.idea.gradleTooling.AbstractKotlinGradleModelBuilder$Companion: loaded 4 times (x 71B)
Class dagger.spi.internal.shaded.kotlinx.metadata.KmType                              : loaded 4 times (x 83B)
Class dagger.spi.internal.shaded.kotlinx.metadata.internal.metadata.jvm.JvmProtoBuf$JvmFieldSignatureOrBuilder: loaded 4 times (x 70B)
Class dagger.spi.internal.shaded.kotlinx.metadata.internal.protobuf.AbstractMessageLite$Builder$LimitedInputStream: loaded 4 times (x 92B)
Class dagger.spi.internal.shaded.androidx.room.compiler.processing.javac.JavacConstructorElement$parameters$2$1$1: loaded 4 times (x 79B)
Class [Ldagger.internal.codegen.validation.ModuleValidator$ModuleMethodKind;          : loaded 4 times (x 69B)
Class dagger.internal.codegen.xprocessing.XTypeElements$Visibility                    : loaded 4 times (x 79B)
Class dagger.internal.codegen.validation.BindingGraphValidator                        : loaded 4 times (x 72B)
Class dagger.internal.codegen.bindinggraphvalidation.SubcomponentFactoryMethodValidator: loaded 4 times (x 85B)
Class dagger.internal.codegen.binding.OptionalBindingDeclaration$Factory              : loaded 4 times (x 73B)
Class dagger.internal.codegen.binding.DelegateDeclaration                             : loaded 4 times (x 80B)
Class dagger.internal.codegen.processingstep.MultibindingAnnotationsProcessingStep    : loaded 4 times (x 86B)
Class dagger.internal.codegen.validation.MultibindsMethodValidator_Factory            : loaded 4 times (x 79B)
Class dagger.internal.codegen.binding.BindingGraphConverter                           : loaded 4 times (x 72B)
Class dagger.spi.internal.shaded.androidx.room.jarjarred.kotlinx.metadata.jvm.internal.JvmPropertyExtension: loaded 4 times (x 88B)
Class dagger.internal.codegen.validation.DiagnosticMessageGenerator$Factory           : loaded 4 times (x 72B)
Class dagger.spi.internal.shaded.androidx.room.compiler.processing.XElement           : loaded 4 times (x 70B)
Class dagger.internal.codegen.binding.BindingGraph$TopLevelBindingGraph               : loaded 4 times (x 99B)
Class dagger.spi.internal.shaded.androidx.room.compiler.processing.javac.JavacAnnotationValue: loaded 4 times (x 155B)
Class org.jetbrains.plugins.gradle.model.ear.EarConfiguration                         : loaded 4 times (x 70B)
Class kotlin.reflect.jvm.internal.KClassImpl$Data$nestedClasses$2                     : loaded 4 times (x 79B)
Class dagger.spi.internal.shaded.androidx.room.compiler.processing.XProcessingEnv     : loaded 4 times (x 70B)
Class dagger.internal.codegen.binding.AssistedInjectionAnnotations                    : loaded 4 times (x 71B)
Class org.jetbrains.plugins.gradle.model.DefaultGradleConfiguration                   : loaded 4 times (x 79B)
Class com.intellij.gradle.toolingExtension.impl.model.dependencyModel.auxiliary.AuxiliaryConfigurationArtifacts: loaded 4 times (x 74B)
Class com.android.ide.gradle.model.builder.LegacyAndroidGradlePluginPropertiesModelBuilder$Companion: loaded 4 times (x 71B)
Class org.jetbrains.plugins.gradle.tooling.builder.ExternalTestsModelBuilderImpl      : loaded 4 times (x 78B)
Class org.jetbrains.kotlin.idea.gradleTooling.reflect.KotlinCompilerArgumentsResolverReflectionKt: loaded 4 times (x 71B)
Class dagger.internal.codegen.writing.InjectionMethods$InstanceCastPolicy             : loaded 4 times (x 79B)
Class dagger.internal.codegen.model.AutoValue_DaggerExecutableElement                 : loaded 4 times (x 74B)
Class [Lcom.squareup.javapoet.TypeSpec$Kind;                                          : loaded 4 times (x 69B)
Class dagger.spi.internal.shaded.androidx.room.compiler.processing.javac.JavacAnnotationValueKt$UNWRAP_VISITOR$1: loaded 4 times (x 103B)
Class dagger.spi.internal.shaded.androidx.room.jarjarred.kotlinx.metadata.internal.metadata.jvm.JvmProtoBuf$JvmPropertySignature: loaded 4 times (x 114B)
Class dagger.spi.internal.shaded.androidx.room.jarjarred.kotlinx.metadata.internal.protobuf.RopeByteString$RopeInputStream: loaded 4 times (x 92B)
Class com.google.common.cache.RemovalListener                                         : loaded 4 times (x 70B)
Class [Ldagger.spi.internal.shaded.androidx.room.jarjarred.kotlinx.metadata.internal.metadata.ProtoBuf$Class$Kind;: loaded 4 times (x 69B)
Class dagger.spi.internal.shaded.kotlinx.metadata.internal.metadata.jvm.deserialization.JvmNameResolverKt: loaded 4 times (x 71B)
Class dagger.spi.internal.shaded.kotlinx.metadata.internal.metadata.ProtoBuf$ConstructorOrBuilder: loaded 4 times (x 70B)
Class com.google.common.collect.Maps$EntryFunction$1                                  : loaded 4 times (x 91B)
Class dagger.spi.internal.shaded.androidx.room.compiler.processing.javac.JavacTypeElement: loaded 4 times (x 300B)
Class com.google.common.collect.AbstractMapBasedMultimap$WrappedCollection$WrappedIterator: loaded 4 times (x 84B)
Class dagger.spi.internal.shaded.androidx.room.compiler.processing.javac.JavacPackageElement$name$2: loaded 4 times (x 79B)
Class dagger.internal.codegen.binding.BindingType                                     : loaded 4 times (x 79B)
Class dagger.internal.codegen.base.ModuleKind                                         : loaded 4 times (x 79B)
Class dagger.spi.internal.shaded.kotlinx.metadata.internal.protobuf.WireFormat$FieldType: loaded 4 times (x 83B)
Class dagger.spi.internal.shaded.kotlinx.metadata.internal.metadata.ProtoBuf$TypeTable$1: loaded 4 times (x 144B)
Class dagger.internal.codegen.binding.BindsTypeChecker_Factory                        : loaded 4 times (x 79B)
Class com.google.common.graph.Traverser                                               : loaded 4 times (x 73B)
Class dagger.spi.internal.shaded.auto.common.MoreTypes                                : loaded 4 times (x 71B)
Class dagger.spi.internal.shaded.androidx.room.jarjarred.kotlinx.metadata.internal.protobuf.LiteralByteString: loaded 4 times (x 112B)
Class com.squareup.kotlinpoet.TagMap                                                  : loaded 4 times (x 77B)
Class dagger.spi.internal.shaded.kotlinx.metadata.internal.metadata.ProtoBuf$AnnotationOrBuilder: loaded 4 times (x 70B)
Class dagger.spi.internal.shaded.kotlinx.metadata.jvm.internal.JvmConstructorExtension: loaded 4 times (x 83B)
Class kotlin.reflect.jvm.internal.KClassImpl$Data$annotations$2                       : loaded 4 times (x 79B)
Class dagger.spi.internal.shaded.kotlinx.metadata.internal.metadata.deserialization.Flags: loaded 4 times (x 71B)
Class kotlin.reflect.jvm.internal.pcollections.HashPMap                               : loaded 4 times (x 72B)
Class com.google.common.cache.LocalCache$EntryFactory$6                               : loaded 4 times (x 83B)
Class dagger.spi.internal.shaded.auto.common.MoreElements$CastingElementVisitor       : loaded 4 times (x 93B)
Class dagger.spi.internal.shaded.androidx.room.compiler.processing.XAnnotation        : loaded 4 times (x 70B)
Class dagger.hilt.processor.internal.generatesrootinput.GeneratesRootInputs           : loaded 4 times (x 72B)
Class dagger.hilt.processor.internal.uninstallmodules.UninstallModulesProcessingStep  : loaded 4 times (x 87B)
Class dagger.spi.internal.shaded.androidx.room.jarjarred.kotlinx.metadata.jvm.KotlinClassMetadata$Class: loaded 4 times (x 77B)
Class dagger.spi.internal.shaded.kotlinx.metadata.internal.extensions.KmFunctionExtension: loaded 4 times (x 70B)
Class dagger.spi.internal.shaded.kotlinx.metadata.jvm.internal.JvmClassExtension      : loaded 4 times (x 93B)
Class dagger.spi.internal.shaded.kotlinx.metadata.internal.ReadUtilsKt                : loaded 4 times (x 71B)
Class com.intellij.gradle.toolingExtension.impl.model.sourceSetModel.GradleSourceSetModelBuilder: loaded 4 times (x 86B)
Class org.jetbrains.kotlin.idea.gradleTooling.model.samWithReceiver.SamWithReceiverModelBuilderService: loaded 4 times (x 85B)
Class dagger.spi.internal.shaded.androidx.room.jarjarred.kotlinx.metadata.internal.protobuf.GeneratedMessageLite$ExtendableMessageOrBuilder: loaded 4 times (x 70B)
Class dagger.spi.internal.shaded.androidx.room.compiler.processing.XVariableElement   : loaded 4 times (x 70B)
Class dagger.spi.internal.shaded.androidx.room.jarjarred.kotlinx.metadata.internal.metadata.ProtoBuf$TypeParameter$Variance: loaded 4 times (x 82B)
Class dagger.internal.codegen.kotlin.KotlinMetadataUtil_Factory                       : loaded 4 times (x 79B)
Class dagger.internal.codegen.ProcessingEnvironmentModule_ProcessingOptionsFactory    : loaded 4 times (x 79B)
Class dagger.internal.codegen.binding.DependencyRequestFactory_Factory                : loaded 4 times (x 79B)
Class dagger.spi.internal.shaded.kotlinx.metadata.internal.metadata.jvm.JvmProtoBuf$StringTableTypes$Record: loaded 4 times (x 119B)
Class dagger.spi.internal.shaded.kotlinx.metadata.internal.metadata.jvm.deserialization.BitEncoding: loaded 4 times (x 71B)
Class dagger.spi.internal.shaded.auto.common.MoreTypes$DeclaredTypeVisitor            : loaded 4 times (x 102B)
Class com.google.common.collect.Maps$EntryFunction$2                                  : loaded 4 times (x 91B)
Class dagger.spi.internal.shaded.androidx.room.compiler.processing.javac.JavacConstructorType: loaded 4 times (x 83B)
Class [Ldagger.internal.codegen.validation.BindingMethodValidator$Abstractness;       : loaded 4 times (x 69B)
Class dagger.internal.codegen.processingstep.AssistedInjectProcessingStep_Factory     : loaded 4 times (x 79B)
Class dagger.internal.codegen.model.RequestKind                                       : loaded 4 times (x 79B)
Class dagger.spi.internal.shaded.androidx.room.jarjarred.kotlinx.metadata.internal.metadata.jvm.JvmProtoBuf$StringTableTypes: loaded 4 times (x 110B)
Class dagger.spi.internal.shaded.androidx.room.jarjarred.kotlinx.metadata.internal.metadata.jvm.JvmProtoBuf$StringTableTypes$Record$Operation: loaded 4 times (x 82B)
Class dagger.internal.codegen.xprocessing.XTypes$XTypeEquivalence                     : loaded 4 times (x 84B)
Class dagger.spi.internal.shaded.androidx.room.jarjarred.kotlinx.metadata.KmDeclarationContainer: loaded 4 times (x 70B)
Class org.jetbrains.kotlin.idea.gradleTooling.ModelBuilderUtilsKt                     : loaded 4 times (x 71B)
Class com.squareup.javapoet.CodeBlock$Builder                                         : loaded 4 times (x 72B)
Class kotlin.reflect.jvm.internal.KPropertyImpl                                       : loaded 4 times (x 115B)
Class dagger.spi.internal.shaded.kotlinx.metadata.internal.metadata.jvm.JvmProtoBuf$StringTableTypes: loaded 4 times (x 110B)
Class dagger.spi.internal.shaded.androidx.room.compiler.processing.XProcessingStep    : loaded 4 times (x 70B)
Class dagger.spi.internal.shaded.androidx.room.compiler.processing.javac.JavacType    : loaded 4 times (x 187B)
Class [Ldagger.spi.internal.shaded.androidx.room.jarjarred.kotlinx.metadata.Modality; : loaded 4 times (x 69B)
Class dagger.spi.internal.shaded.androidx.room.jarjarred.kotlinx.metadata.Attributes$visibility$6: loaded 4 times (x 137B)
Class [Ldagger.internal.codegen.compileroption.ProcessingEnvironmentCompilerOptions$Validation;: loaded 4 times (x 69B)
Class dagger.spi.internal.shaded.androidx.room.compiler.processing.javac.JavacAnnotation: loaded 4 times (x 139B)
Class com.squareup.kotlinpoet.ClassName$Companion                                     : loaded 4 times (x 71B)
Class com.intellij.gradle.toolingExtension.impl.model.dependencyDownloadPolicyModel.GradleDependencyDownloadPolicyBuilder: loaded 4 times (x 86B)
Class dagger.internal.codegen.binding.MonitoringModules                               : loaded 4 times (x 75B)
Class dagger.internal.codegen.binding.DelegateDeclaration$Factory                     : loaded 4 times (x 72B)
Class dagger.spi.internal.shaded.androidx.room.jarjarred.kotlinx.metadata.jvm.JvmExtensionsKt: loaded 4 times (x 71B)
Class com.google.common.collect.CompactHashing                                        : loaded 4 times (x 71B)
Class dagger.spi.internal.shaded.androidx.room.compiler.processing.javac.kotlin.JvmDescriptorTypeVisitor: loaded 4 times (x 99B)
Class dagger.internal.codegen.model.AutoValue_DaggerTypeElement                       : loaded 4 times (x 75B)
Class dagger.spi.internal.shaded.kotlinx.metadata.internal.metadata.ProtoBuf$Visibility$1: loaded 4 times (x 74B)
Class dagger.spi.internal.shaded.androidx.room.jarjarred.kotlinx.metadata.internal.metadata.ProtoBuf$TypeTable: loaded 4 times (x 109B)
Class dagger.spi.internal.shaded.androidx.room.jarjarred.kotlinx.metadata.internal.FlagDelegatesImplKt$typeBooleanFlag$1: loaded 4 times (x 137B)
Class dagger.spi.internal.shaded.androidx.room.compiler.processing.compat.XConverters : loaded 4 times (x 71B)
Class dagger.spi.internal.shaded.androidx.room.jarjarred.kotlinx.metadata.Attributes$isNullCheckPredicate$2: loaded 4 times (x 137B)
Class dagger.spi.internal.shaded.androidx.room.compiler.processing.javac.JavacFieldElement$syntheticMethodForAnnotations$2: loaded 4 times (x 79B)
Class dagger.internal.codegen.model.DaggerProcessingEnv                               : loaded 4 times (x 74B)
Class dagger.internal.codegen.binding.AutoValue_OptionalBindingDeclaration            : loaded 4 times (x 75B)
Class [Ldagger.internal.codegen.compileroption.ProcessingEnvironmentCompilerOptions$CommandLineOption;: loaded 4 times (x 69B)
Class dagger.internal.codegen.ProcessingEnvironmentModule_FilerFactory                : loaded 4 times (x 79B)
Class dagger.internal.codegen.binding.MethodSignatureFormatter_Factory                : loaded 4 times (x 79B)
Class com.squareup.javapoet.TypeSpec$Builder                                          : loaded 4 times (x 72B)
Class dagger.spi.internal.shaded.androidx.room.compiler.processing.XEnumEntry         : loaded 4 times (x 70B)
Class dagger.spi.internal.shaded.androidx.room.compiler.processing.javac.JavacMethodParameter$name$2: loaded 4 times (x 79B)
Class dagger.spi.internal.shaded.androidx.room.compiler.processing.javac.kotlin.KmTypeContainer: loaded 4 times (x 76B)
Class dagger.spi.internal.shaded.androidx.room.compiler.processing.InternalXAnnotationValue$kind$2: loaded 4 times (x 79B)
Class dagger.spi.internal.shaded.androidx.room.jarjarred.kotlinx.metadata.internal.metadata.deserialization.NameResolver: loaded 4 times (x 70B)
Class dagger.spi.internal.shaded.androidx.room.jarjarred.kotlinx.metadata.internal.protobuf.GeneratedMessageLite$ExtensionDescriptor: loaded 4 times (x 84B)
Class dagger.spi.internal.shaded.androidx.room.jarjarred.kotlinx.metadata.internal.protobuf.ExtensionRegistryLite: loaded 4 times (x 74B)
Class dagger.hilt.processor.internal.ProcessorErrors                                  : loaded 4 times (x 71B)
Class kotlin.reflect.jvm.internal.KClassImpl$Data$declaredNonStaticMembers$2          : loaded 4 times (x 79B)
Class dagger.spi.internal.shaded.kotlinx.metadata.InconsistentKotlinMetadataException : loaded 4 times (x 82B)
Class dagger.internal.codegen.base.SourceFileGenerationException                      : loaded 4 times (x 82B)
Class com.squareup.javapoet.CodeBlock$CodeBlockJoiner                                 : loaded 4 times (x 72B)
Class dagger.spi.internal.shaded.androidx.room.jarjarred.kotlinx.metadata.internal.metadata.ProtoBuf$TypeParameter$Variance$1: loaded 4 times (x 74B)
Class com.intellij.gradle.toolingExtension.impl.model.dependencyModel.auxiliary.AuxiliaryArtifactResolver: loaded 4 times (x 70B)
Class dagger.spi.internal.shaded.androidx.room.jarjarred.kotlinx.metadata.internal.protobuf.SmallSortedMap$EmptySet$2: loaded 4 times (x 78B)
Class org.jetbrains.plugins.gradle.tooling.serialization.internal.adapter.InternalBuildIdentifier: loaded 4 times (x 75B)
Class com.squareup.javapoet.MethodSpec                                                : loaded 4 times (x 72B)
Class dagger.spi.internal.shaded.kotlinx.metadata.internal.metadata.ProtoBuf$TypeTableOrBuilder: loaded 4 times (x 70B)
Class org.jetbrains.plugins.gradle.tooling.builder.EarModelBuilderImplKt              : loaded 4 times (x 71B)
Class dagger.internal.codegen.kotlin.KotlinMetadataFactory_Factory                    : loaded 4 times (x 78B)
Class org.jetbrains.plugins.gradle.tooling.builder.MavenRepositoriesModelBuilder      : loaded 4 times (x 81B)
Class [Ldagger.spi.internal.shaded.androidx.room.jarjarred.kotlinx.metadata.internal.metadata.ProtoBuf$TypeParameter$Variance;: loaded 4 times (x 69B)
Class com.google.common.base.MoreObjects                                              : loaded 4 times (x 71B)
Class com.google.common.base.PatternCompiler                                          : loaded 4 times (x 70B)
Class [Ldagger.spi.internal.shaded.kotlinx.metadata.internal.protobuf.WireFormat$FieldType;: loaded 4 times (x 69B)
Class dagger.spi.internal.shaded.kotlinx.metadata.internal.metadata.ProtoBuf$TypeParameterOrBuilder: loaded 4 times (x 70B)
Class dagger.spi.internal.shaded.kotlinx.metadata.internal.metadata.jvm.JvmProtoBuf$StringTableTypes$1: loaded 4 times (x 144B)
Class com.google.common.cache.CacheBuilder                                            : loaded 4 times (x 72B)
Class dagger.spi.internal.shaded.kotlinx.metadata.internal.metadata.jvm.JvmProtoBuf$JvmMethodSignature$Builder: loaded 4 times (x 134B)
Class dagger.spi.internal.shaded.kotlinx.metadata.internal.metadata.jvm.deserialization.JvmProtoBufUtil: loaded 4 times (x 71B)
Class dagger.internal.codegen.componentgenerator.TopLevelImplementationComponent      : loaded 4 times (x 70B)
Class dagger.internal.codegen.bindinggraphvalidation.DependsOnProductionExecutorValidator: loaded 4 times (x 85B)
Class dagger.internal.codegen.bindinggraphvalidation.ProvisionDependencyOnProducerBindingValidator_Factory$InstanceHolder: loaded 4 times (x 71B)
Class org.jetbrains.kotlin.idea.gradleTooling.reflect.KotlinSourceSetReflectionImpl   : loaded 4 times (x 82B)
Class dagger.spi.internal.shaded.androidx.room.jarjarred.kotlinx.metadata.jvm.JvmMemberSignatureKt: loaded 4 times (x 71B)
Class dagger.spi.internal.shaded.androidx.room.jarjarred.kotlinx.metadata.internal.metadata.jvm.deserialization.JvmNameResolverBase: loaded 4 times (x 80B)
Class dagger.spi.internal.shaded.androidx.room.jarjarred.kotlinx.metadata.jvm.KotlinClassMetadata: loaded 4 times (x 76B)
Class com.intellij.gradle.toolingExtension.impl.model.sourceSetModel.DefaultGradleSourceSetModel: loaded 4 times (x 81B)
Class dagger.spi.internal.shaded.androidx.room.jarjarred.kotlinx.metadata.jvm.internal.JvmFunctionExtension: loaded 4 times (x 85B)
Class dagger.internal.codegen.bindinggraphvalidation.CompositeBindingGraphPlugin$Factory: loaded 4 times (x 70B)
Class dagger.hilt.processor.internal.HiltProcessingEnvConfigs                         : loaded 4 times (x 71B)
Class dagger.internal.codegen.binding.MethodSignatureFormatter$1                      : loaded 4 times (x 87B)
Class org.jetbrains.kotlin.idea.gradleTooling.PrepareKotlinIdeaImportTaskModelBuilder$Companion: loaded 4 times (x 71B)
Class org.jetbrains.plugins.gradle.tooling.ModelBuilderService                        : loaded 4 times (x 70B)
Class dagger.spi.internal.shaded.androidx.room.jarjarred.kotlinx.metadata.internal.metadata.ProtoBuf$PackageOrBuilder: loaded 4 times (x 70B)
Class dagger.spi.internal.shaded.androidx.room.compiler.processing.javac.JavacRoundEnv: loaded 4 times (x 77B)
Class com.squareup.kotlinpoet.Taggable                                                : loaded 4 times (x 70B)
Class com.google.common.base.Splitter$Strategy                                        : loaded 4 times (x 70B)
Class dagger.spi.internal.shaded.androidx.room.compiler.processing.javac.JavacMethodElement$propertyName$2: loaded 4 times (x 79B)
Class dagger.spi.internal.shaded.androidx.room.jarjarred.kotlinx.metadata.internal.protobuf.LazyFieldLite: loaded 4 times (x 82B)
Class dagger.spi.internal.shaded.androidx.room.jarjarred.kotlinx.metadata.internal.metadata.ProtoBuf$TypeParameter: loaded 4 times (x 130B)
Class dagger.spi.internal.shaded.androidx.room.jarjarred.kotlinx.metadata.jvm.internal.JvmMetadataExtensions: loaded 4 times (x 103B)
Class dagger.spi.internal.shaded.androidx.room.jarjarred.kotlinx.metadata.KmDeclarationContainerExtensionVisitor: loaded 4 times (x 70B)
Class dagger.spi.internal.shaded.androidx.room.jarjarred.kotlinx.metadata.internal.metadata.deserialization.VersionRequirementTable$Companion: loaded 4 times (x 71B)
Class dagger.spi.internal.shaded.androidx.room.jarjarred.kotlinx.metadata.Attributes$hasAnnotations$14: loaded 4 times (x 137B)
Class dagger.internal.codegen.binding.KeyFactory$1                                    : loaded 4 times (x 71B)
Class dagger.spi.internal.shaded.kotlinx.metadata.internal.metadata.ProtoBuf$TypeTable: loaded 4 times (x 109B)
Class dagger.spi.internal.shaded.kotlinx.metadata.internal.metadata.jvm.JvmProtoBuf$JvmMethodSignature: loaded 4 times (x 108B)
Class dagger.spi.internal.shaded.androidx.room.compiler.processing.javac.JavacArrayType$componentType$2: loaded 4 times (x 79B)
Class dagger.spi.internal.shaded.kotlinx.metadata.internal.metadata.jvm.JvmProtoBuf$JvmPropertySignature$1: loaded 4 times (x 144B)
Class dagger.internal.InstanceFactory                                                 : loaded 4 times (x 82B)
Class [Ldagger.internal.codegen.base.ContributionType;                                : loaded 4 times (x 69B)
Class dagger.internal.codegen.validation.SpiModelBindingGraphConverter$DaggerProcessingEnvImpl: loaded 4 times (x 76B)
Class dagger.internal.codegen.validation.BindsOptionalOfMethodValidator               : loaded 4 times (x 78B)
Class dagger.internal.codegen.DelegateComponentProcessor$SourceFileGeneratorsModule   : loaded 4 times (x 70B)
Class dagger.internal.codegen.validation.ProvidesMethodValidator_Factory              : loaded 4 times (x 79B)
Class dagger.internal.codegen.DaggerDelegateComponentProcessor_Injector$Factory       : loaded 4 times (x 74B)
Class [Lkotlin.reflect.jvm.internal.impl.builtins.functions.FunctionClassKind;        : loaded 4 times (x 69B)
Class com.squareup.kotlinpoet.LineWrapper$Companion                                   : loaded 4 times (x 71B)
Class dagger.spi.internal.shaded.kotlinx.metadata.internal.protobuf.MessageLiteOrBuilder: loaded 4 times (x 70B)
Class dagger.spi.internal.shaded.androidx.room.jarjarred.kotlinx.metadata.jvm.JvmDeclarationContainerExtensionVisitor: loaded 4 times (x 81B)
Class dagger.spi.internal.shaded.androidx.room.jarjarred.kotlinx.metadata.internal.metadata.ProtoBuf$PropertyOrBuilder: loaded 4 times (x 70B)
Class dagger.spi.internal.shaded.androidx.room.jarjarred.kotlinx.metadata.jvm.internal.JvmExceptionUtilsKt: loaded 4 times (x 71B)
Class dagger.spi.internal.shaded.auto.common.GeneratedAnnotations                     : loaded 4 times (x 71B)
Class dagger.spi.internal.shaded.kotlinx.metadata.internal.protobuf.RopeByteString$RopeInputStream: loaded 4 times (x 92B)
Class dagger.spi.internal.shaded.kotlinx.metadata.jvm.JvmDeclarationContainerExtensionVisitor: loaded 4 times (x 81B)
Class com.intellij.openapi.externalSystem.model.project.dependencies.ProjectDependencyNode: loaded 4 times (x 70B)
Class dagger.hilt.android.processor.internal.viewmodel.ViewModelProcessor             : loaded 4 times (x 100B)
Class dagger.hilt.processor.internal.root.RootProcessingStep                          : loaded 4 times (x 87B)
Class dagger.internal.codegen.binding.ComponentDescriptor_Factory_Factory             : loaded 4 times (x 79B)
Class dagger.spi.internal.shaded.androidx.room.jarjarred.kotlinx.metadata.Attributes$kind$11: loaded 4 times (x 137B)
Class org.jetbrains.kotlin.idea.gradleTooling.reflect.KotlinSourceSetReflection       : loaded 4 times (x 70B)
Class com.intellij.gradle.toolingExtension.impl.javaModel.manifestModel.DefaultJavaGradleManifestModel: loaded 4 times (x 76B)
Class com.intellij.openapi.externalSystem.model.project.ExternalSystemSourceType      : loaded 4 times (x 85B)
Class org.jetbrains.kotlin.idea.gradleTooling.KotlinTaskPropertiesImpl                : loaded 4 times (x 78B)
Class org.jetbrains.kotlin.idea.gradleTooling.model.kapt.KaptModelBuilderService      : loaded 4 times (x 86B)
Class com.intellij.gradle.toolingExtension.impl.model.sourceSetArtifactIndex.GradleSourceSetArtifactIndexBuilder: loaded 4 times (x 86B)
Class org.jetbrains.plugins.gradle.tooling.serialization.GradleExtensionsSerializationService$3: loaded 4 times (x 76B)
Class dagger.spi.internal.shaded.androidx.room.compiler.processing.XMethodElementKt   : loaded 4 times (x 71B)
Class dagger.spi.internal.shaded.androidx.room.jarjarred.kotlinx.metadata.internal.metadata.ProtoBuf$VersionRequirement$VersionKind: loaded 4 times (x 82B)
Class dagger.spi.internal.shaded.androidx.room.compiler.processing.javac.kotlin.JvmDescriptorTypeVisitor$WhenMappings: loaded 4 times (x 71B)
Class dagger.spi.internal.shaded.kotlinx.metadata.internal.protobuf.Parser            : loaded 4 times (x 70B)
Class dagger.spi.internal.shaded.kotlinx.metadata.internal.metadata.ProtoBuf$Type     : loaded 4 times (x 145B)
Class dagger.spi.internal.shaded.kotlinx.metadata.internal.metadata.jvm.deserialization.JvmMetadataVersion$Companion: loaded 4 times (x 71B)
Class dagger.spi.internal.shaded.androidx.room.jarjarred.kotlinx.metadata.KmTypeParameterVisitor: loaded 4 times (x 75B)
Class [Ldagger.spi.internal.shaded.androidx.room.jarjarred.kotlinx.metadata.internal.metadata.ProtoBuf$Effect$EffectType;: loaded 4 times (x 69B)
Class com.android.ide.gradle.model.dependencies.DeclaredDependenciesImpl              : loaded 4 times (x 76B)
Class dagger.internal.codegen.base.AutoValue_ComponentAnnotation                      : loaded 4 times (x 76B)
Class dagger.spi.internal.shaded.androidx.room.jarjarred.kotlinx.metadata.KmFunctionExtensionVisitor: loaded 4 times (x 70B)
Class dagger.internal.codegen.validation.DiagnosticMessageGenerator_Factory_Factory   : loaded 4 times (x 79B)
Class com.android.ide.gradle.model.composites.BuildMapImpl                            : loaded 4 times (x 75B)
Class jdk.internal.jrtfs.ExplodedImage                                                : loaded 4 times (x 77B)
Class com.squareup.javapoet.ParameterSpec$Builder                                     : loaded 4 times (x 72B)
Class dagger.hilt.android.processor.internal.AndroidClassNames                        : loaded 4 times (x 71B)
Class kotlin.reflect.jvm.internal.KClassImpl$Data$declaredStaticMembers$2             : loaded 4 times (x 79B)
Class kotlin.reflect.jvm.internal.KProperty1Impl$delegateSource$1                     : loaded 4 times (x 79B)
Class dagger.spi.internal.shaded.androidx.room.compiler.processing.javac.JavacBasicAnnotationProcessor$steps$2: loaded 4 times (x 79B)
Class dagger.spi.internal.shaded.androidx.room.compiler.processing.javac.JavacTypeElement$typeParameters$2: loaded 4 times (x 79B)
Class [Ldagger.hilt.processor.internal.optionvalues.BooleanValue;                     : loaded 4 times (x 69B)
Class dagger.spi.internal.shaded.androidx.room.compiler.processing.XFiler             : loaded 4 times (x 70B)
Class dagger.spi.internal.shaded.kotlinx.metadata.internal.extensions.KmPropertyExtension: loaded 4 times (x 70B)
Class dagger.spi.internal.shaded.androidx.room.compiler.processing.XProcessingEnvConfig: loaded 4 times (x 71B)
Class com.intellij.gradle.toolingExtension.impl.model.sourceSetModel.GradleSourceSetModelBuilder$3: loaded 4 times (x 83B)
Class dagger.spi.internal.shaded.kotlinx.metadata.internal.metadata.ProtoBuf$Annotation$1: loaded 4 times (x 144B)
Class dagger.hilt.processor.internal.root.ir.InvalidRootsException                    : loaded 4 times (x 82B)
Class dagger.spi.internal.shaded.androidx.room.compiler.processing.XTypeElement       : loaded 4 times (x 70B)
Class dagger.internal.codegen.xprocessing.XElements                                   : loaded 4 times (x 71B)
Class dagger.spi.internal.shaded.auto.common.MoreElements$TypeElementVisitor          : loaded 4 times (x 93B)
Class dagger.hilt.processor.internal.definecomponent.DefineComponentProcessor         : loaded 4 times (x 100B)
Class dagger.spi.internal.shaded.kotlinx.metadata.internal.metadata.ProtoBuf$TypeOrBuilder: loaded 4 times (x 70B)
Class kotlin.reflect.jvm.internal.KClassImpl$data$1                                   : loaded 4 times (x 79B)
Class dagger.spi.internal.shaded.androidx.room.jarjarred.kotlinx.metadata.internal.metadata.jvm.JvmProtoBuf: loaded 4 times (x 71B)
Class dagger.spi.internal.shaded.androidx.room.jarjarred.kotlinx.metadata.internal.metadata.ProtoBuf$Contract: loaded 4 times (x 107B)
Class kotlin.reflect.jvm.internal.KPropertyImpl$_javaField$1                          : loaded 4 times (x 79B)
Class dagger.spi.internal.shaded.androidx.room.jarjarred.kotlinx.metadata.KmTypeExtensionVisitor: loaded 4 times (x 70B)
Class dagger.spi.internal.shaded.androidx.room.jarjarred.kotlinx.metadata.Attributes$hasAnnotations$6: loaded 4 times (x 137B)
Class dagger.spi.internal.shaded.androidx.room.jarjarred.kotlinx.metadata.internal.FlagImpl: loaded 4 times (x 71B)
Class com.intellij.gradle.toolingExtension.impl.model.dependencyModel.GradleDependencyResolver: loaded 4 times (x 72B)
Class dagger.spi.internal.shaded.androidx.room.jarjarred.kotlinx.metadata.internal.metadata.ProtoBuf$ContractOrBuilder: loaded 4 times (x 70B)
Class com.google.common.base.Suppliers$SupplierOfInstance                             : loaded 4 times (x 79B)
Class dagger.spi.internal.shaded.androidx.room.jarjarred.kotlinx.metadata.KmTypeParameterExtensionVisitor: loaded 4 times (x 70B)
Class dagger.internal.codegen.binding.AutoValue_DelegateDeclaration                   : loaded 4 times (x 83B)
Class dagger.internal.codegen.validation.DependencyRequestValidator                   : loaded 4 times (x 72B)
Class dagger.internal.SingleCheck                                                     : loaded 4 times (x 77B)
Class com.google.common.collect.AbstractIterator$State                                : loaded 4 times (x 79B)
Class dagger.spi.internal.shaded.androidx.room.jarjarred.kotlinx.metadata.internal.metadata.jvm.deserialization.JvmNameResolverBase$Companion: loaded 4 times (x 71B)
Class dagger.internal.codegen.validation.BindingMethodValidatorsModule_IndexValidatorsFactory: loaded 4 times (x 79B)
Class dagger.spi.internal.shaded.androidx.room.jarjarred.kotlinx.metadata.internal.protobuf.CodedOutputStream$ByteBufferOutputStream: loaded 4 times (x 86B)
Class [Ldagger.spi.internal.shaded.androidx.room.jarjarred.kotlinx.metadata.MemberKind;: loaded 4 times (x 69B)
Class dagger.spi.internal.shaded.androidx.room.jarjarred.kotlinx.metadata.internal.protobuf.AbstractMessageLite$Builder: loaded 4 times (x 122B)
Class dagger.spi.internal.shaded.androidx.room.jarjarred.kotlinx.metadata.internal.metadata.jvm.deserialization.JvmNameResolver: loaded 4 times (x 80B)
Class dagger.internal.codegen.xprocessing.XAnnotations                                : loaded 4 times (x 71B)
Class com.squareup.kotlinpoet.TypeName$Companion                                      : loaded 4 times (x 71B)
Class dagger.spi.internal.shaded.androidx.room.jarjarred.kotlinx.metadata.internal.metadata.deserialization.ProtoBufUtilKt: loaded 4 times (x 71B)
Class [Ldagger.internal.codegen.compileroption.FeatureStatus;                         : loaded 4 times (x 69B)
Class dagger.spi.internal.shaded.androidx.room.jarjarred.kotlinx.metadata.internal.metadata.ProtoBuf$MemberKind: loaded 4 times (x 82B)
Class org.jetbrains.plugins.gradle.DefaultExternalDependencyId                        : loaded 4 times (x 80B)
Class org.jetbrains.kotlin.idea.gradleTooling.reflect.KotlinLanguageSettingsReflection: loaded 4 times (x 70B)
Class dagger.internal.codegen.model.DaggerTypeElement                                 : loaded 4 times (x 74B)
Class dagger.spi.internal.shaded.androidx.room.compiler.processing.javac.JavacConstructorElement$parameters$2: loaded 4 times (x 79B)
Class dagger.internal.codegen.binding.KeyFactory                                      : loaded 4 times (x 72B)
Class org.jetbrains.kotlin.idea.gradleTooling.model.noarg.NoArgModelBuilderService    : loaded 4 times (x 85B)
Class dagger.internal.codegen.binding.InjectBindingRegistry                           : loaded 4 times (x 70B)
Class dagger.internal.codegen.model.Binding                                           : loaded 4 times (x 70B)
Class dagger.spi.internal.shaded.androidx.room.compiler.processing.javac.JavacExecutableType$parameterTypes$2: loaded 4 times (x 79B)
Class [Lcom.squareup.javapoet.TypeName;                                               : loaded 4 times (x 69B)
Class dagger.spi.internal.shaded.androidx.room.compiler.processing.ksp.KSTypeJavaPoetExtKt$typeVarNameConstructor$2: loaded 4 times (x 78B)
Class dagger.spi.internal.shaded.auto.common.AnnotationOutput                         : loaded 4 times (x 71B)
Class com.google.common.cache.LocalCache$ComputingValueReference                      : loaded 4 times (x 97B)
Class dagger.internal.codegen.validation.BindsInstanceMethodValidator_Factory         : loaded 4 times (x 79B)
Class dagger.spi.internal.shaded.kotlinx.metadata.internal.metadata.ProtoBuf$Property : loaded 4 times (x 148B)
Class dagger.spi.internal.shaded.kotlinx.metadata.internal.metadata.ProtoBuf$Modality : loaded 4 times (x 82B)
Class dagger.spi.internal.shaded.kotlinx.metadata.KmFunctionVisitor                   : loaded 4 times (x 81B)
Class dagger.spi.internal.shaded.kotlinx.metadata.jvm.internal.JvmMetadataExtensions  : loaded 4 times (x 103B)
Class dagger.internal.codegen.xprocessing.XTypes$TypeResolutionVisitor                : loaded 4 times (x 101B)
Class [Ldagger.internal.codegen.base.ComponentCreatorKind;                            : loaded 4 times (x 69B)
Class dagger.internal.codegen.processingstep.ProcessingStepsModule_ProcessingStepsFactory: loaded 4 times (x 79B)
Class dagger.internal.codegen.DelegateComponentProcessor_MembersInjector              : loaded 4 times (x 75B)
Class dagger.internal.codegen.compileroption.ProcessingEnvironmentCompilerOptions_Factory: loaded 4 times (x 79B)
Class dagger.hilt.android.processor.internal.viewmodel.ViewModelProcessingStep        : loaded 4 times (x 87B)
Class dagger.spi.internal.shaded.kotlinx.metadata.internal.metadata.deserialization.Flags$FlagField: loaded 4 times (x 73B)
Class dagger.spi.internal.shaded.androidx.room.jarjarred.kotlinx.metadata.KmClassifier$Class: loaded 4 times (x 72B)
Class dagger.spi.internal.shaded.androidx.room.jarjarred.kotlinx.metadata.internal.protobuf.FieldSet$1: loaded 4 times (x 71B)
Class dagger.spi.internal.shaded.androidx.room.jarjarred.kotlinx.metadata.internal.metadata.ProtoBuf$TypeOrBuilder: loaded 4 times (x 70B)
Class dagger.spi.internal.shaded.androidx.room.jarjarred.kotlinx.metadata.internal.protobuf.AbstractParser: loaded 4 times (x 144B)
Class kotlin.reflect.jvm.internal.impl.builtins.PrimitiveType$typeFqName$2            : loaded 4 times (x 79B)
Class dagger.spi.internal.shaded.androidx.room.jarjarred.kotlinx.metadata.internal.metadata.jvm.JvmProtoBuf$JvmPropertySignature$1: loaded 4 times (x 144B)
Class dagger.spi.internal.shaded.androidx.room.compiler.processing.javac.JavacType$typeElement$2: loaded 4 times (x 79B)
Class dagger.spi.internal.shaded.auto.common.MoreElements                             : loaded 4 times (x 71B)
Class dagger.spi.internal.shaded.androidx.room.compiler.processing.javac.JavacTypeElement$Companion: loaded 4 times (x 71B)
Class com.google.common.collect.ForwardingCollection                                  : loaded 4 times (x 130B)
Class dagger.spi.internal.shaded.androidx.room.jarjarred.kotlinx.metadata.KmValueParameterVisitor: loaded 4 times (x 76B)
Class com.google.common.cache.LocalCache$ValueReference                               : loaded 4 times (x 70B)
Class com.android.ide.gradle.model.builder.LegacyAndroidGradlePluginPropertiesModelBuilder$VariantCollectionProvider$AndroidTest: loaded 4 times (x 72B)
Class org.jetbrains.plugins.gradle.tooling.MessageReportBuilder                       : loaded 4 times (x 70B)
Class dagger.internal.codegen.base.ContributionType                                   : loaded 4 times (x 79B)
Class dagger.spi.internal.shaded.androidx.room.jarjarred.kotlinx.metadata.KmClassExtensionVisitor: loaded 4 times (x 70B)
Class com.intellij.gradle.toolingExtension.impl.model.sourceSetModel.GradleSourceSetModelBuilder$2: loaded 4 times (x 83B)
Class dagger.spi.internal.shaded.androidx.room.jarjarred.kotlinx.metadata.internal.metadata.ProtoBuf$Type: loaded 4 times (x 145B)
Class dagger.spi.internal.shaded.androidx.room.jarjarred.kotlinx.metadata.KmTypeProjection: loaded 4 times (x 72B)
Class com.google.common.cache.LocalCache$Segment                                      : loaded 4 times (x 154B)
Class dagger.internal.codegen.writing.ProducerFactoryGenerator$FutureTransform        : loaded 4 times (x 78B)
Class dagger.spi.internal.shaded.kotlinx.metadata.internal.metadata.ProtoBuf$Class    : loaded 4 times (x 180B)
Class dagger.spi.internal.shaded.androidx.room.compiler.processing.javac.JavacFieldElement$getter$2: loaded 4 times (x 79B)
Class com.google.common.collect.AbstractMapBasedMultimap$AsMap$AsMapEntries           : loaded 4 times (x 138B)
Class dagger.spi.internal.shaded.androidx.room.compiler.processing.javac.JavacPackageElement$qualifiedName$2: loaded 4 times (x 79B)
Class dagger.internal.codegen.binding.AutoValue_Nullability                           : loaded 4 times (x 74B)
Class dagger.internal.codegen.writing.InaccessibleMapKeyProxyGenerator                : loaded 4 times (x 77B)
Class dagger.internal.codegen.base.DaggerSuperficialValidation$ValidationException$UnexpectedException: loaded 4 times (x 83B)
Class dagger.internal.codegen.binding.ProvisionBinding                                : loaded 4 times (x 95B)
Class dagger.internal.codegen.binding.InjectionSiteFactory                            : loaded 4 times (x 72B)
Class dagger.spi.internal.shaded.androidx.room.compiler.processing.javac.kotlin.KmPropertyFunctionContainerImpl: loaded 4 times (x 109B)
Class dagger.spi.internal.shaded.kotlinx.metadata.internal.extensions.MetadataExtensions$Companion: loaded 4 times (x 71B)
Class dagger.spi.internal.shaded.androidx.room.compiler.processing.javac.JavacMethodElement$kotlinDefaultImplClass$2: loaded 4 times (x 79B)
Class kotlin.reflect.jvm.internal.KClassImpl$Data$supertypes$2                        : loaded 4 times (x 79B)
Class dagger.spi.internal.shaded.kotlinx.metadata.internal.metadata.jvm.JvmProtoBuf$JvmFieldSignature: loaded 4 times (x 108B)
Class com.squareup.kotlinpoet.WildcardTypeName                                        : loaded 4 times (x 82B)
Class com.squareup.kotlinpoet.ClassName                                               : loaded 4 times (x 85B)
Class dagger.hilt.processor.internal.originatingelement.OriginatingElementProcessingStep: loaded 4 times (x 87B)
Class dagger.spi.internal.shaded.kotlinx.metadata.internal.metadata.ProtoBuf$VersionRequirementTable: loaded 4 times (x 107B)
Class com.android.ide.gradle.model.impl.GradlePropertiesModelImpl                     : loaded 4 times (x 80B)
Class com.android.ide.gradle.model.impl.LegacyAndroidGradlePluginPropertiesImpl       : loaded 4 times (x 83B)
Class org.jetbrains.kotlin.idea.gradleTooling.model.annotation.AnnotationBasedPluginModel: loaded 4 times (x 70B)
Class com.intellij.gradle.toolingExtension.impl.model.dependencyDownloadPolicyModel.GradleDependencyDownloadPolicyCache: loaded 4 times (x 75B)
Class dagger.spi.internal.shaded.kotlinx.metadata.internal.ReadContext                : loaded 4 times (x 72B)
Class org.jetbrains.plugins.gradle.tooling.MessageReporter                            : loaded 4 times (x 70B)
Class org.jetbrains.kotlin.idea.gradleTooling.model.assignment.AssignmentModelBuilderService: loaded 4 times (x 85B)
Class com.intellij.compose.ide.plugin.gradleTooling.rt.ComposeResourcesModelBuilder   : loaded 4 times (x 78B)
Class dagger.spi.internal.shaded.kotlinx.metadata.internal.extensions.KmConstructorExtension: loaded 4 times (x 70B)
Class dagger.spi.internal.shaded.androidx.room.jarjarred.kotlinx.metadata.jvm.JvmPropertyExtensionVisitor: loaded 4 times (x 82B)
Class dagger.internal.codegen.writing.MembersInjectorGenerator_Factory                : loaded 4 times (x 79B)
Class dagger.spi.internal.shaded.androidx.room.compiler.processing.javac.JavacProcessingEnvMessager: loaded 4 times (x 73B)
Class dagger.spi.internal.shaded.androidx.room.compiler.processing.javac.JavacTypeElement$Companion$WhenMappings: loaded 4 times (x 71B)
Class dagger.spi.internal.shaded.androidx.room.jarjarred.kotlinx.metadata.internal.metadata.jvm.deserialization.JvmProtoBufUtil: loaded 4 times (x 71B)
Class com.google.common.cache.CacheLoader$FunctionToCacheLoader                       : loaded 4 times (x 75B)
Class dagger.spi.internal.shaded.androidx.room.jarjarred.kotlinx.metadata.internal.FlagDelegatesImplKt$propertyBooleanFlag$1: loaded 4 times (x 137B)
Class dagger.spi.internal.shaded.androidx.room.jarjarred.kotlinx.metadata.internal.protobuf.SmallSortedMap$1: loaded 4 times (x 130B)
Class dagger.hilt.android.processor.internal.androidentrypoint.InjectorEntryPointGenerator: loaded 4 times (x 72B)
Class com.google.common.collect.AbstractMapBasedMultimap$RandomAccessWrappedList      : loaded 4 times (x 205B)
Class com.google.common.cache.CacheLoader                                             : loaded 4 times (x 74B)
Class dagger.spi.internal.shaded.kotlinx.metadata.KmPropertyExtensionVisitor          : loaded 4 times (x 70B)
Class [Ldagger.spi.internal.shaded.kotlinx.metadata.internal.protobuf.WireFormat$JavaType;: loaded 4 times (x 69B)
Class dagger.spi.internal.shaded.androidx.room.jarjarred.kotlinx.metadata.internal.metadata.ProtoBuf$VersionRequirement$VersionKind$1: loaded 4 times (x 74B)
Class dagger.internal.codegen.writing.ModuleProxies                                   : loaded 4 times (x 71B)
Class dagger.internal.codegen.componentgenerator.ComponentHjarGenerator_Factory       : loaded 4 times (x 79B)
Class dagger.internal.codegen.validation.ValidationBindingGraphPlugin                 : loaded 4 times (x 85B)
Class dagger.internal.codegen.processingstep.MonitoringModuleProcessingStep           : loaded 4 times (x 86B)
Class dagger.internal.codegen.processingstep.InjectProcessingStep_Factory             : loaded 4 times (x 79B)
Class dagger.internal.codegen.bindinggraphvalidation.SubcomponentFactoryMethodValidator_Factory$InstanceHolder: loaded 4 times (x 71B)
Class dagger.internal.codegen.validation.AnyBindingMethodValidator                    : loaded 4 times (x 75B)
Class dagger.spi.internal.shaded.androidx.room.jarjarred.kotlinx.metadata.internal.metadata.ProtoBuf$ConstructorOrBuilder: loaded 4 times (x 70B)
Class com.google.common.graph.Network                                                 : loaded 4 times (x 70B)
Class dagger.spi.internal.shaded.androidx.room.jarjarred.kotlinx.metadata.Attributes$modality$10: loaded 4 times (x 137B)
Class dagger.spi.internal.shaded.androidx.room.jarjarred.kotlinx.metadata.KmConstructorExtensionVisitor: loaded 4 times (x 70B)
Class dagger.spi.internal.shaded.androidx.room.jarjarred.kotlinx.metadata.internal.metadata.ProtoBuf$VersionRequirementTable$1: loaded 4 times (x 144B)
Class dagger.spi.internal.shaded.androidx.room.jarjarred.kotlinx.metadata.internal.metadata.jvm.JvmProtoBuf$JvmMethodSignatureOrBuilder: loaded 4 times (x 70B)
Class dagger.spi.internal.shaded.androidx.room.compiler.processing.javac.JavacExecutableElement$enclosingElement$2: loaded 4 times (x 79B)
Class dagger.internal.codegen.extension.DaggerCollectors                              : loaded 4 times (x 71B)
Class dagger.spi.internal.shaded.androidx.room.jarjarred.kotlinx.metadata.internal.FlagDelegatesImplKt$valueParameterBooleanFlag$1: loaded 4 times (x 137B)
Class kotlin.reflect.jvm.internal.KClassImpl$Data$simpleName$2                        : loaded 4 times (x 79B)
Class dagger.spi.internal.shaded.androidx.room.compiler.processing.CommonProcessorDelegate: loaded 4 times (x 72B)
Class dagger.hilt.processor.internal.ClassNames                                       : loaded 4 times (x 71B)
Class dagger.spi.internal.shaded.androidx.room.compiler.processing.javac.JavacExecutableType: loaded 4 times (x 81B)
Class com.android.ide.gradle.model.builder.LegacyAndroidGradlePluginPropertiesModelBuilder: loaded 4 times (x 80B)
Class dagger.internal.codegen.base.Util                                               : loaded 4 times (x 71B)
Class dagger.spi.internal.shaded.androidx.room.compiler.processing.XProcessingEnv$Backend: loaded 4 times (x 79B)
Class org.jetbrains.plugins.gradle.tooling.builder.VersionCatalogsModelBuilder        : loaded 4 times (x 86B)
Class com.intellij.openapi.externalSystem.model.project.dependencies.AbstractDependencyNode: loaded 4 times (x 87B)
Class com.intellij.gradle.toolingExtension.impl.model.utilDummyModel.DummyModelBuilder: loaded 4 times (x 86B)
Class [Ldagger.internal.codegen.validation.BindingElementValidator$AllowsMultibindings;: loaded 4 times (x 69B)
Class dagger.internal.codegen.validation.BindsInstanceParameterValidator              : loaded 4 times (x 78B)
Class dagger.internal.codegen.model.BindingGraph$Edge                                 : loaded 4 times (x 70B)
Class dagger.spi.internal.shaded.kotlinx.metadata.internal.metadata.ProtoBuf$ContractOrBuilder: loaded 4 times (x 70B)
Class dagger.spi.internal.shaded.kotlinx.metadata.jvm.JvmClassExtensionVisitor        : loaded 4 times (x 87B)
Class dagger.spi.internal.shaded.kotlinx.metadata.jvm.JvmMethodSignature              : loaded 4 times (x 75B)
Class com.google.common.base.Splitter$SplittingIterator                               : loaded 4 times (x 84B)
Class dagger.spi.internal.shaded.kotlinx.metadata.KmProperty                          : loaded 4 times (x 81B)
Class org.jetbrains.kotlin.idea.gradleTooling.reflect.ParameterList                   : loaded 4 times (x 169B)
Class org.jetbrains.plugins.gradle.tooling.builder.AnnotationProcessingModelBuilder   : loaded 4 times (x 86B)
Class dagger.internal.codegen.model.Key$MultibindingContributionIdentifier            : loaded 4 times (x 73B)
Class dagger.internal.codegen.binding.MapKeys                                         : loaded 4 times (x 71B)
Class dagger.spi.internal.shaded.androidx.room.compiler.processing.javac.JavacMethodType$returnType$2: loaded 4 times (x 79B)
Class dagger.internal.codegen.binding.DependencyRequestFormatter                      : loaded 4 times (x 86B)
Class dagger.internal.codegen.validation.MultibindsMethodValidator                    : loaded 4 times (x 79B)
Class org.jetbrains.plugins.gradle.tooling.serialization.GradleExtensionsSerializationService$2: loaded 4 times (x 76B)
Class [Ldagger.spi.internal.shaded.androidx.room.jarjarred.kotlinx.metadata.Visibility;: loaded 4 times (x 69B)
Class dagger.spi.internal.shaded.androidx.room.jarjarred.kotlinx.metadata.jvm.JvmMemberSignature: loaded 4 times (x 73B)
Class dagger.spi.internal.shaded.androidx.room.jarjarred.kotlinx.metadata.internal.metadata.jvm.JvmProtoBuf$StringTableTypes$RecordOrBuilder: loaded 4 times (x 70B)
Class [Ldagger.spi.internal.shaded.androidx.room.jarjarred.kotlinx.metadata.internal.protobuf.WireFormat$FieldType;: loaded 4 times (x 69B)
Class dagger.spi.internal.shaded.androidx.room.compiler.processing.InternalXAnnotationValue$Kind$Companion: loaded 4 times (x 71B)
Class dagger.internal.codegen.validation.ComponentValidator                           : loaded 4 times (x 75B)
Class dagger.spi.internal.shaded.kotlinx.metadata.internal.protobuf.CodedOutputStream$ByteBufferOutputStream: loaded 4 times (x 86B)
Class dagger.spi.internal.shaded.kotlinx.metadata.internal.protobuf.GeneratedMessageLite$Builder: loaded 4 times (x 128B)
Class dagger.hilt.processor.internal.aliasof.AliasOfProcessingStep                    : loaded 4 times (x 87B)
Class dagger.hilt.android.processor.internal.androidentrypoint.AndroidEntryPointProcessor: loaded 4 times (x 100B)
Class com.android.ide.gradle.model.artifacts.builder.AdditionalClassifierArtifactsModelBuilder: loaded 4 times (x 79B)
Class com.intellij.gradle.toolingExtension.impl.model.sourceSetModel.GradleSourceSetModelBuilder$1: loaded 4 times (x 83B)
Class dagger.spi.internal.shaded.androidx.room.compiler.processing.javac.JavacBasicAnnotationProcessor$commonDelegate$2: loaded 4 times (x 79B)
Class dagger.spi.internal.shaded.auto.common.Overrides$NativeOverrides                : loaded 4 times (x 74B)
Class dagger.internal.codegen.base.ComponentCreatorAnnotation                         : loaded 4 times (x 79B)
Class dagger.spi.internal.shaded.androidx.room.compiler.processing.javac.JavacType$typeName$2: loaded 4 times (x 79B)
Class dagger.spi.internal.shaded.androidx.room.jarjarred.kotlinx.metadata.internal.metadata.jvm.deserialization.JvmMetadataVersion$Companion: loaded 4 times (x 71B)
Class dagger.spi.internal.shaded.androidx.room.jarjarred.kotlinx.metadata.internal.protobuf.WireFormat$FieldType: loaded 4 times (x 83B)
Class org.jetbrains.kotlin.idea.gradleTooling.model.parcelize.ParcelizeGradleModel    : loaded 4 times (x 70B)
Class dagger.spi.internal.shaded.kotlinx.metadata.jvm.JvmFunctionExtensionVisitor$Companion: loaded 4 times (x 71B)
Class dagger.spi.internal.shaded.kotlinx.metadata.KmPropertyVisitor                   : loaded 4 times (x 80B)
Class dagger.hilt.processor.internal.HiltCompilerOptions                              : loaded 4 times (x 71B)
Class dagger.internal.codegen.binding.ProductionBinding$Builder                       : loaded 4 times (x 90B)
Class dagger.spi.internal.shaded.androidx.room.compiler.processing.javac.JavacAnnotation$annotationValues$2: loaded 4 times (x 79B)
Class dagger.spi.internal.shaded.androidx.room.compiler.processing.javac.JavacDeclaredType: loaded 4 times (x 187B)
Class dagger.spi.internal.shaded.androidx.room.jarjarred.kotlinx.metadata.internal.metadata.ProtoBuf$TypeTable$1: loaded 4 times (x 144B)
Class dagger.spi.internal.shaded.androidx.room.jarjarred.kotlinx.metadata.internal.metadata.ProtoBuf$Class$1: loaded 4 times (x 144B)
Class dagger.internal.DoubleCheck                                                     : loaded 4 times (x 80B)
Class dagger.internal.codegen.compileroption.FeatureStatus                            : loaded 4 times (x 79B)
Class com.google.common.cache.LocalCache$LocalManualCache$1                           : loaded 4 times (x 75B)
Class com.google.common.graph.BaseGraph                                               : loaded 4 times (x 70B)
Class dagger.internal.codegen.DelegateComponentProcessor$Injector                     : loaded 4 times (x 70B)
Class dagger.internal.codegen.xprocessing.XProcessingEnvs$1                           : loaded 4 times (x 71B)
Class dagger.internal.codegen.extension.Optionals                                     : loaded 4 times (x 71B)
Class dagger.internal.codegen.processingstep.ComponentHjarProcessingStep              : loaded 4 times (x 86B)
Class dagger.internal.codegen.processingstep.MapKeyProcessingStep_Factory             : loaded 4 times (x 79B)
Class dagger.hilt.android.processor.internal.bindvalue.BindValueMetadata              : loaded 4 times (x 73B)
Class dagger.spi.internal.shaded.androidx.room.jarjarred.kotlinx.metadata.internal.metadata.jvm.deserialization.ClassMapperLite: loaded 4 times (x 71B)
Class dagger.spi.internal.shaded.androidx.room.compiler.processing.javac.JavacAnnotationValueKt$UNWRAP_VISITOR$1$visitArray$1$1: loaded 4 times (x 79B)
Class dagger.hilt.processor.internal.kotlin.KotlinMetadataUtils$MetadataComponent     : loaded 4 times (x 70B)
Class dagger.internal.codegen.base.ElementFormatter_Factory                           : loaded 4 times (x 78B)
Class dagger.internal.codegen.validation.MapKeyValidator                              : loaded 4 times (x 72B)
Class dagger.spi.internal.shaded.androidx.room.compiler.processing.XFieldElement      : loaded 4 times (x 70B)
Class dagger.spi.internal.shaded.androidx.room.jarjarred.kotlinx.metadata.Attributes$isNegated$2: loaded 4 times (x 137B)
Class dagger.spi.internal.shaded.androidx.room.jarjarred.kotlinx.metadata.internal.FlagDelegatesImplKt$functionBooleanFlag$1: loaded 4 times (x 137B)
Class dagger.spi.internal.shaded.androidx.room.jarjarred.kotlinx.metadata.internal.protobuf.GeneratedMessageLite$Builder: loaded 4 times (x 128B)
Class dagger.spi.internal.shaded.androidx.room.jarjarred.kotlinx.metadata.internal.metadata.ProtoBuf$Property$1: loaded 4 times (x 144B)
Class com.squareup.javapoet.JavaFile$1                                                : loaded 4 times (x 79B)
Class dagger.internal.codegen.validation.ComponentDescriptorValidator                 : loaded 4 times (x 72B)
Class dagger.spi.internal.shaded.androidx.room.compiler.processing.util.MemoizedSequence$delegateIterator$2: loaded 4 times (x 79B)
Class dagger.spi.internal.shaded.androidx.room.jarjarred.kotlinx.metadata.internal.metadata.ProtoBuf$Modality: loaded 4 times (x 82B)
Class dagger.spi.internal.shaded.androidx.room.compiler.processing.XTypeParameterElement: loaded 4 times (x 70B)
Class dagger.internal.codegen.validation.InjectBindingRegistryImpl_Factory            : loaded 4 times (x 79B)
Class dagger.internal.codegen.validation.BindingElementValidator$AllowsMultibindings  : loaded 4 times (x 79B)
Class dagger.internal.codegen.processingstep.BindsInstanceProcessingStep              : loaded 4 times (x 86B)
Class dagger.spi.model.DiagnosticReporter                                             : loaded 4 times (x 75B)
Class dagger.internal.codegen.binding.AutoValue_ComponentDescriptor                   : loaded 4 times (x 90B)
Class kotlin.reflect.jvm.internal.KPackageImpl$data$1                                 : loaded 4 times (x 79B)
Class dagger.spi.internal.shaded.kotlinx.metadata.internal.protobuf.LazyFieldLite     : loaded 4 times (x 82B)
Class dagger.spi.internal.shaded.kotlinx.metadata.NodesKt                             : loaded 4 times (x 71B)
Class dagger.internal.codegen.binding.$AutoValue_ProvisionBinding$Builder             : loaded 4 times (x 103B)
Class dagger.internal.codegen.javapoet.CodeBlocks                                     : loaded 4 times (x 71B)
Class dagger.spi.internal.shaded.androidx.room.jarjarred.kotlinx.metadata.internal.metadata.ProtoBuf$Type$ArgumentOrBuilder: loaded 4 times (x 70B)
Class [Lcom.google.common.cache.Weigher;                                              : loaded 4 times (x 69B)
Class dagger.spi.internal.shaded.kotlinx.metadata.internal.metadata.deserialization.Flags$EnumLiteFlagField: loaded 4 times (x 76B)
Class dagger.spi.internal.shaded.kotlinx.metadata.internal.metadata.jvm.JvmProtoBuf$JvmFieldSignature$1: loaded 4 times (x 144B)
Class dagger.spi.internal.shaded.kotlinx.metadata.internal.metadata.jvm.JvmProtoBuf$JvmPropertySignature: loaded 4 times (x 114B)
Class dagger.spi.internal.shaded.kotlinx.metadata.internal.metadata.jvm.JvmProtoBuf   : loaded 4 times (x 71B)
Class dagger.spi.internal.shaded.kotlinx.metadata.KmDeclarationContainer              : loaded 4 times (x 70B)
Class dagger.spi.internal.shaded.androidx.room.jarjarred.kotlinx.metadata.KmClassifier$TypeParameter: loaded 4 times (x 71B)
Class dagger.spi.internal.shaded.androidx.room.compiler.processing.javac.DefaultJavacType: loaded 4 times (x 187B)
Class dagger.internal.codegen.processingstep.BindingMethodProcessingStep_Factory      : loaded 4 times (x 79B)
Class [Ldagger.internal.codegen.model.BindingGraphPlugin;                             : loaded 4 times (x 69B)
Class dagger.internal.codegen.validation.BindingElementValidator$AllowsScoping        : loaded 4 times (x 79B)
Class dagger.internal.codegen.base.Formatter                                          : loaded 4 times (x 85B)
Class dagger.spi.internal.shaded.kotlinx.metadata.internal.metadata.ProtoBuf$Constructor: loaded 4 times (x 124B)
Class com.intellij.gradle.toolingExtension.impl.model.taskModel.DefaultGradleTaskModel: loaded 4 times (x 75B)
Class dagger.spi.internal.shaded.androidx.room.jarjarred.kotlinx.metadata.internal.metadata.deserialization.TypeTable: loaded 4 times (x 72B)
Class dagger.spi.internal.shaded.androidx.room.jarjarred.kotlinx.metadata.internal.metadata.ProtoBuf$MemberKind$1: loaded 4 times (x 74B)
Class dagger.spi.internal.shaded.androidx.room.jarjarred.kotlinx.metadata.KmClassVisitor: loaded 4 times (x 92B)
Class dagger.spi.internal.shaded.androidx.room.compiler.processing.javac.JavacAnnotationValueKt: loaded 4 times (x 71B)
Class dagger.spi.internal.shaded.auto.common.MoreTypes$CastingTypeVisitor             : loaded 4 times (x 102B)
Class dagger.spi.internal.shaded.androidx.room.compiler.processing.javac.JavacMethodElement$kotlinMetadata$2: loaded 4 times (x 79B)
Class dagger.spi.internal.shaded.androidx.room.compiler.processing.XRoundEnv          : loaded 4 times (x 70B)
Class com.intellij.gradle.toolingExtension.impl.model.utilDummyModel.DefaultDummyModel: loaded 4 times (x 73B)
Class dagger.spi.internal.shaded.kotlinx.metadata.internal.metadata.jvm.JvmProtoBuf$JvmPropertySignatureOrBuilder: loaded 4 times (x 70B)
Class dagger.internal.codegen.ComponentProcessor                                      : loaded 4 times (x 98B)
Class com.google.common.collect.Lists$TransformingRandomAccessList                    : loaded 4 times (x 199B)
Class com.google.common.cache.CacheBuilder$NullListener                               : loaded 4 times (x 82B)
Class dagger.internal.codegen.javapoet.AnnotationSpecs                                : loaded 4 times (x 71B)
Class dagger.internal.codegen.model.AutoValue_DaggerAnnotation                        : loaded 4 times (x 77B)
Class jdk.internal.jimage.ImageReader$LinkNode                                        : loaded 4 times (x 84B)
Class dagger.internal.codegen.bindinggraphvalidation.DependencyCycleValidator         : loaded 4 times (x 85B)
Class com.google.common.cache.LocalCache$EntryFactory$7                               : loaded 4 times (x 83B)
Class dagger.internal.codegen.binding.AutoValue_ProvisionBinding                      : loaded 4 times (x 96B)
Class org.jetbrains.plugins.gradle.tooling.internal.VersionCatalogsModelImpl          : loaded 4 times (x 76B)
Class dagger.spi.internal.shaded.androidx.room.compiler.processing.javac.JavacTypeVariableType: loaded 4 times (x 211B)
Class [Ldagger.internal.codegen.binding.FrameworkType;                                : loaded 4 times (x 69B)
Class dagger.spi.internal.shaded.androidx.room.compiler.processing.javac.JavacProcessingEnv$messager$2: loaded 4 times (x 79B)
Class dagger.spi.internal.shaded.kotlinx.metadata.KmFunctionExtensionVisitor          : loaded 4 times (x 70B)
Class dagger.spi.internal.shaded.kotlinx.metadata.jvm.JvmTypeExtensionVisitor         : loaded 4 times (x 80B)
Class com.google.common.cache.ReferenceEntry                                          : loaded 4 times (x 70B)
Class dagger.spi.internal.shaded.kotlinx.metadata.internal.metadata.jvm.JvmProtoBuf$StringTableTypes$Record$Operation$1: loaded 4 times (x 74B)
Class dagger.spi.internal.shaded.kotlinx.metadata.internal.protobuf.ExtensionRegistryLite$ObjectIntPair: loaded 4 times (x 72B)
Class dagger.spi.internal.shaded.kotlinx.metadata.internal.metadata.deserialization.BinaryVersion: loaded 4 times (x 73B)
Class [Ldagger.internal.codegen.binding.BindingType;                                  : loaded 4 times (x 69B)
Class com.intellij.gradle.toolingExtension.impl.util.GradleProjectUtil                : loaded 4 times (x 71B)
Class com.squareup.kotlinpoet.ClassNames                                              : loaded 4 times (x 71B)
Class org.jetbrains.kotlin.idea.gradleTooling.reflect.ReflectionReceiver              : loaded 4 times (x 70B)
Class dagger.internal.codegen.validation.BindingMethodValidator$1                     : loaded 4 times (x 71B)
Class dagger.internal.codegen.bindinggraphvalidation.BindingGraphValidationModule     : loaded 4 times (x 70B)
Class dagger.internal.codegen.bindinggraphvalidation.MapMultibindingValidator         : loaded 4 times (x 85B)
Class dagger.internal.codegen.validation.BindsInstanceParameterValidator_Factory      : loaded 4 times (x 79B)
Class dagger.internal.codegen.compileroption.ProcessingEnvironmentCompilerOptions$KeyOnlyOption$1: loaded 4 times (x 86B)
Class dagger.spi.BindingGraphPlugin                                                   : loaded 4 times (x 70B)
Class com.google.common.collect.ImmutableSetMultimap$EntrySet                         : loaded 4 times (x 146B)
Class com.squareup.javapoet.ClassName                                                 : loaded 4 times (x 84B)
Class dagger.spi.internal.shaded.androidx.room.compiler.processing.javac.JavacMethodParameter$closestMemberContainer$2: loaded 4 times (x 79B)
Class org.jetbrains.plugins.gradle.tooling.serialization.GradleExtensionsSerializationService$1: loaded 4 times (x 76B)
Class dagger.spi.internal.shaded.androidx.room.jarjarred.kotlinx.metadata.Attributes$modality$14: loaded 4 times (x 137B)
Class dagger.spi.internal.shaded.androidx.room.jarjarred.kotlinx.metadata.internal.metadata.ProtoBuf$Class$Kind: loaded 4 times (x 82B)
Class dagger.spi.internal.shaded.androidx.room.jarjarred.kotlinx.metadata.internal.metadata.jvm.JvmProtoBuf$StringTableTypes$Record$1: loaded 4 times (x 144B)
Class dagger.spi.internal.shaded.kotlinx.metadata.internal.protobuf.GeneratedMessageLite$ExtendableMessageOrBuilder: loaded 4 times (x 70B)
Class org.jetbrains.plugins.gradle.model.DefaultFileCollectionDependency              : loaded 4 times (x 110B)
Class dagger.hilt.processor.internal.BadInputException                                : loaded 4 times (x 82B)
Class com.squareup.javapoet.TypeName                                                  : loaded 4 times (x 81B)
Class dagger.spi.internal.shaded.kotlinx.metadata.jvm.KotlinClassMetadata$Class       : loaded 4 times (x 72B)
Class dagger.hilt.android.processor.internal.customtestapplication.CustomTestApplicationProcessingStep: loaded 4 times (x 87B)
Class dagger.spi.internal.shaded.androidx.room.compiler.processing.CommonProcessorDelegate$processRound$currentElementsDeferredByStep$1$stepDeferredElementsByAnnotation$1: loaded 4 times (x 78B)
Class com.android.ide.gradle.model.dependencies.CoordinatesImpl                       : loaded 4 times (x 77B)
Class com.android.ide.gradle.model.dependencies.DeclaredDependenciesModelBuilder$Companion: loaded 4 times (x 71B)
Class org.jetbrains.plugins.gradle.model.DefaultExternalLibraryDependency             : loaded 4 times (x 111B)
Class dagger.internal.codegen.bindinggraphvalidation.MissingBindingValidator          : loaded 4 times (x 85B)
Class dagger.internal.codegen.bindinggraphvalidation.IncompatiblyScopedBindingsValidator: loaded 4 times (x 85B)
Class dagger.internal.codegen.processingstep.AssistedInjectProcessingStep             : loaded 4 times (x 86B)
Class dagger.spi.internal.shaded.androidx.room.compiler.processing.javac.JavacTypeElement$kotlinMetadata$2: loaded 4 times (x 79B)
Class com.squareup.kotlinpoet.WildcardTypeName$Companion                              : loaded 4 times (x 71B)
Class jdk.internal.jimage.BasicImageReader$2                                          : loaded 4 times (x 77B)
Class dagger.spi.internal.shaded.androidx.room.compiler.processing.XAnnotated         : loaded 4 times (x 70B)
Class dagger.spi.internal.shaded.kotlinx.metadata.jvm.JvmFunctionExtensionVisitor     : loaded 4 times (x 80B)
Class dagger.spi.internal.shaded.kotlinx.metadata.internal.metadata.deserialization.ProtoBufUtilKt: loaded 4 times (x 71B)
Class [Ldagger.spi.internal.shaded.kotlinx.metadata.internal.metadata.jvm.JvmProtoBuf$StringTableTypes$Record$Operation;: loaded 4 times (x 69B)
Class dagger.spi.internal.shaded.kotlinx.metadata.internal.protobuf.SmallSortedMap$1  : loaded 4 times (x 130B)
Class dagger.spi.internal.shaded.androidx.room.compiler.processing.javac.kotlin.KmConstructorContainer: loaded 4 times (x 100B)
Class kotlin.reflect.jvm.internal.KClassImpl$Data$sealedSubclasses$2                  : loaded 4 times (x 79B)
Class dagger.spi.internal.shaded.androidx.room.compiler.processing.XEnumTypeElement   : loaded 4 times (x 70B)
Class dagger.internal.codegen.compileroption.ProcessingEnvironmentCompilerOptions$KeyOnlyOption$2: loaded 4 times (x 86B)
Class kotlin.reflect.jvm.internal.KClassImpl$Data$descriptor$2                        : loaded 4 times (x 79B)
Class com.squareup.javapoet.FieldSpec$Builder                                         : loaded 4 times (x 72B)
Class dagger.spi.internal.shaded.androidx.room.compiler.processing.javac.kotlin.KmClassContainer: loaded 4 times (x 79B)
Class dagger.spi.internal.shaded.androidx.room.compiler.processing.javac.JavacTypeVariableType$equalityItems$2: loaded 4 times (x 79B)
Class dagger.spi.internal.shaded.androidx.room.jarjarred.kotlinx.metadata.internal.metadata.jvm.JvmProtoBuf$StringTableTypes$1: loaded 4 times (x 144B)
Class dagger.spi.internal.shaded.androidx.room.compiler.processing.javac.JavacTypeElement$allMethods$1: loaded 4 times (x 79B)
Class dagger.spi.internal.shaded.androidx.room.jarjarred.kotlinx.metadata.internal.extensions.MetadataExtensions$Companion: loaded 4 times (x 71B)
Class com.squareup.javapoet.ParameterSpec                                             : loaded 4 times (x 72B)
Class dagger.spi.internal.shaded.auto.common.Overrides$ExplicitOverrides              : loaded 4 times (x 76B)
Class kotlin.reflect.jvm.internal.KClassImpl$Data$allMembers$2                        : loaded 4 times (x 79B)
Class dagger.spi.internal.shaded.androidx.room.jarjarred.kotlinx.metadata.KmFunction  : loaded 4 times (x 82B)
Class dagger.spi.internal.shaded.androidx.room.jarjarred.kotlinx.metadata.internal.metadata.ProtoBuf$TypeTableOrBuilder: loaded 4 times (x 70B)
Class dagger.spi.internal.shaded.androidx.room.jarjarred.kotlinx.metadata.jvm.JvmConstructorExtensionVisitor$Companion: loaded 4 times (x 71B)
Class com.android.ide.gradle.model.builder.AndroidStudioToolingPlugin                 : loaded 4 times (x 75B)
Class com.intellij.gradle.toolingExtension.impl.model.repositoryModel.DefaultProjectRepositoriesModel: loaded 4 times (x 76B)
Class dagger.spi.internal.shaded.androidx.room.jarjarred.kotlinx.metadata.Attributes$hasAnnotations$22: loaded 4 times (x 137B)
Class dagger.internal.Provider                                                        : loaded 4 times (x 70B)
Class dagger.spi.internal.shaded.androidx.room.jarjarred.kotlinx.metadata.internal.metadata.deserialization.Flags$FlagField: loaded 4 times (x 73B)
Class org.jetbrains.kotlin.idea.gradleTooling.model.annotation.AnnotationBasedPluginModelBuilderService: loaded 4 times (x 85B)
Class com.intellij.gradle.toolingExtension.impl.model.taskModel.GradleTaskModelBuilder: loaded 4 times (x 86B)
Class dagger.spi.internal.shaded.androidx.room.jarjarred.kotlinx.metadata.internal.extensions.ExtensionUtilsKt: loaded 4 times (x 71B)
Class dagger.spi.internal.shaded.androidx.room.jarjarred.kotlinx.metadata.Attributes$hasAnnotations$10: loaded 4 times (x 137B)
Class dagger.spi.internal.shaded.androidx.room.compiler.processing.javac.DefaultJavacType$equalityItems$2: loaded 4 times (x 79B)
Class dagger.internal.codegen.bindinggraphvalidation.IncompatiblyScopedBindingsValidator_Factory: loaded 4 times (x 79B)
Class dagger.internal.codegen.DaggerDelegateComponentProcessor_Injector$InjectorImpl  : loaded 4 times (x 75B)
Class dagger.internal.codegen.bindinggraphvalidation.ProvisionDependencyOnProducerBindingValidator_Factory: loaded 4 times (x 78B)
Class [Ldagger.internal.codegen.compileroption.ProcessingEnvironmentCompilerOptions$Feature;: loaded 4 times (x 69B)
Class dagger.spi.model.DaggerProcessingEnv                                            : loaded 4 times (x 75B)
Class [Ldagger.spi.model.DaggerProcessingEnv$Backend;                                 : loaded 4 times (x 69B)
Class com.google.common.cache.CacheLoader$SupplierToCacheLoader                       : loaded 4 times (x 75B)
Class dagger.spi.internal.shaded.androidx.room.compiler.processing.javac.JavacMethodType: loaded 4 times (x 91B)
Class dagger.internal.codegen.xprocessing.XMethodElements                             : loaded 4 times (x 71B)
Class dagger.spi.internal.shaded.kotlinx.metadata.internal.extensions.ExtensionUtilsKt: loaded 4 times (x 71B)
Class dagger.spi.internal.shaded.kotlinx.metadata.internal.ReadersKt                  : loaded 4 times (x 71B)
Class dagger.spi.internal.shaded.kotlinx.metadata.internal.metadata.ProtoBuf$TypeParameter: loaded 4 times (x 130B)
Class dagger.spi.internal.shaded.androidx.room.jarjarred.kotlinx.metadata.internal.protobuf.FieldSet$FieldDescriptorLite: loaded 4 times (x 70B)
Class dagger.spi.internal.shaded.androidx.room.compiler.processing.javac.JavacMethodType$typeVariables$2: loaded 4 times (x 79B)
Class dagger.internal.codegen.DelegateComponentProcessor_SourceFileGeneratorsModule_ProducerFactoryGeneratorFactory: loaded 4 times (x 79B)
Class dagger.internal.codegen.validation.BindsInstanceElementValidator                : loaded 4 times (x 78B)
Class dagger.internal.codegen.validation.BindsMethodValidator                         : loaded 4 times (x 78B)
Class dagger.internal.codegen.processingstep.TypeCheckingProcessingStep_MembersInjector: loaded 4 times (x 75B)
Class dagger.internal.codegen.bindinggraphvalidation.DuplicateBindingsValidator_Factory: loaded 4 times (x 79B)
Class dagger.spi.internal.shaded.androidx.room.jarjarred.kotlinx.metadata.Modality    : loaded 4 times (x 79B)
Class dagger.spi.internal.shaded.androidx.room.jarjarred.kotlinx.metadata.internal.EnumFlagDelegate: loaded 4 times (x 72B)
Class dagger.internal.codegen.bindinggraphvalidation.BindingGraphValidationModule_ProvidePluginsFactory: loaded 4 times (x 79B)
Class dagger.spi.internal.shaded.androidx.room.jarjarred.kotlinx.metadata.jvm.JvmTypeExtensionVisitor$Companion: loaded 4 times (x 71B)
Class dagger.spi.internal.shaded.androidx.room.jarjarred.kotlinx.metadata.jvm.JvmClassExtensionVisitor: loaded 4 times (x 87B)
Class dagger.spi.internal.shaded.androidx.room.jarjarred.kotlinx.metadata.internal.metadata.jvm.deserialization.JvmNameResolverKt: loaded 4 times (x 71B)
Class dagger.spi.internal.shaded.androidx.room.compiler.processing.javac.JavacTypeElement$enclosingTypeElement$2: loaded 4 times (x 79B)
Class dagger.spi.internal.shaded.androidx.room.compiler.processing.javac.JavacProcessingEnv: loaded 4 times (x 116B)
Class com.google.common.collect.AbstractMapBasedMultimap$WrappedCollection            : loaded 4 times (x 124B)
Class dagger.internal.codegen.validation.BindingMethodValidatorsModule                : loaded 4 times (x 70B)
Class dagger.internal.codegen.binding.SubcomponentDeclaration$Factory                 : loaded 4 times (x 73B)
Class dagger.spi.internal.shaded.androidx.room.jarjarred.kotlinx.metadata.internal.metadata.ProtoBuf$ValueParameter$1: loaded 4 times (x 144B)
Class dagger.spi.internal.shaded.androidx.room.compiler.processing.DeclarationCollectorKt: loaded 4 times (x 71B)
Class [Lcom.google.common.collect.Maps$EntryFunction;                                 : loaded 4 times (x 69B)
Class dagger.spi.internal.shaded.androidx.room.jarjarred.kotlinx.metadata.internal.ReadersKt$WhenMappings: loaded 4 times (x 71B)
Class dagger.spi.internal.shaded.kotlinx.metadata.internal.metadata.jvm.deserialization.JvmMetadataVersion: loaded 4 times (x 73B)
Class dagger.spi.internal.shaded.androidx.room.compiler.processing.javac.kotlin.KmFunctionContainerImpl: loaded 4 times (x 100B)
Class dagger.spi.internal.shaded.androidx.room.compiler.processing.javac.JavacFieldElement$setter$2: loaded 4 times (x 79B)
Class dagger.internal.codegen.model.AutoValue_DependencyRequest$Builder               : loaded 4 times (x 77B)
Class [Lcom.android.ide.gradle.model.builder.LegacyAndroidGradlePluginPropertiesModelBuilder$VariantCollectionProvider;: loaded 4 times (x 69B)
Class com.google.common.collect.FluentIterable                                        : loaded 4 times (x 81B)
Class dagger.spi.internal.shaded.kotlinx.metadata.jvm.KotlinClassMetadata$Class$classData$2: loaded 4 times (x 79B)
Class dagger.internal.codegen.bindinggraphvalidation.SubcomponentFactoryMethodValidator_Factory: loaded 4 times (x 78B)
Class com.google.common.cache.LocalCache$Strength$3                                   : loaded 4 times (x 81B)
Class com.google.common.cache.LoadingCache                                            : loaded 4 times (x 70B)
Class dagger.spi.internal.shaded.androidx.room.compiler.processing.XMethodType        : loaded 4 times (x 70B)
Class dagger.internal.codegen.binding.FrameworkField                                  : loaded 4 times (x 73B)
Class [Ldagger.spi.internal.shaded.kotlinx.metadata.Flag;                             : loaded 4 times (x 69B)
Class com.google.common.base.Splitter$1                                               : loaded 4 times (x 77B)
Class dagger.internal.codegen.validation.ComponentHierarchyValidator                  : loaded 4 times (x 72B)
Class dagger.spi.internal.shaded.kotlinx.metadata.internal.protobuf.SmallSortedMap    : loaded 4 times (x 130B)
Class dagger.spi.internal.shaded.kotlinx.metadata.internal.metadata.ProtoBuf$Class$1  : loaded 4 times (x 144B)
Class dagger.spi.internal.shaded.kotlinx.metadata.internal.metadata.ProtoBuf$Visibility: loaded 4 times (x 82B)
Class dagger.spi.internal.shaded.kotlinx.metadata.jvm.JvmConstructorExtensionVisitor  : loaded 4 times (x 78B)
Class dagger.spi.internal.shaded.kotlinx.metadata.internal.metadata.jvm.JvmProtoBuf$StringTableTypes$Record$Operation: loaded 4 times (x 82B)
Class org.jetbrains.plugins.gradle.model.web.WebConfiguration                         : loaded 4 times (x 70B)
Class com.intellij.gradle.toolingExtension.impl.util.javaPluginUtil.ExtensionJavaPluginAccessor: loaded 4 times (x 82B)
Class dagger.internal.codegen.binding.SubcomponentDeclaration_Factory_Factory         : loaded 4 times (x 79B)
Class dagger.internal.codegen.base.RequestKinds                                       : loaded 4 times (x 71B)
Class dagger.spi.internal.shaded.androidx.room.compiler.processing.javac.JavacMethodType$Companion: loaded 4 times (x 71B)
Class dagger.hilt.processor.internal.aggregateddeps.AggregatedDepsGenerator           : loaded 4 times (x 72B)
Class dagger.internal.codegen.validation.SpiModelBindingGraphConverter                : loaded 4 times (x 71B)
Class dagger.internal.codegen.binding.AutoValue_ModuleDescriptor                      : loaded 4 times (x 86B)
Class dagger.internal.codegen.compileroption.ValidationType                           : loaded 4 times (x 79B)
Class dagger.internal.codegen.binding.AutoValue_FrameworkField                        : loaded 4 times (x 74B)
Class jdk.internal.jrtfs.JrtFileStore                                                 : loaded 4 times (x 83B)
Class dagger.spi.internal.shaded.androidx.room.jarjarred.kotlinx.metadata.internal.metadata.deserialization.ProtoTypeTableUtilKt: loaded 4 times (x 71B)
Class dagger.spi.internal.shaded.androidx.room.jarjarred.kotlinx.metadata.internal.metadata.ProtoBuf$VersionRequirementTable: loaded 4 times (x 107B)
Class dagger.spi.internal.shaded.androidx.room.jarjarred.kotlinx.metadata.internal.metadata.ProtoBuf$Contract$1: loaded 4 times (x 144B)
Class dagger.spi.internal.shaded.androidx.room.jarjarred.kotlinx.metadata.jvm.internal.JvmReadUtils: loaded 4 times (x 71B)
Class dagger.spi.internal.shaded.androidx.room.compiler.processing.javac.VisitorData  : loaded 4 times (x 72B)
Class dagger.internal.codegen.bindinggraphvalidation.DependencyCycleValidator_Factory : loaded 4 times (x 79B)
Class com.squareup.kotlinpoet.UtilKt                                                  : loaded 4 times (x 71B)
Class dagger.internal.codegen.model.AutoValue_DaggerProcessingEnv                     : loaded 4 times (x 75B)
Class dagger.hilt.processor.internal.JavacBaseProcessingStepProcessor                 : loaded 4 times (x 100B)
Class com.intellij.gradle.toolingExtension.impl.model.dependencyModel.GradleDependencyResolver$1: loaded 4 times (x 77B)
Class org.jetbrains.plugins.gradle.model.DefaultGradleProperty                        : loaded 4 times (x 78B)
Class org.jetbrains.kotlin.idea.gradleTooling.GetAdditionalVisibleSourceSetsKt        : loaded 4 times (x 71B)
Class dagger.internal.codegen.writing.ProducerFactoryGenerator$MultiArgFutureTransform: loaded 4 times (x 78B)
Class dagger.internal.codegen.validation.BindsInstanceMethodValidator$Validator       : loaded 4 times (x 77B)
Class dagger.internal.codegen.binding.BindingGraphConverter_Factory                   : loaded 4 times (x 79B)
Class dagger.spi.internal.shaded.androidx.room.compiler.processing.javac.JavacMethodElement$parameters$2: loaded 4 times (x 79B)
Class org.jetbrains.kotlin.idea.gradleTooling.PrepareKotlinIdeaImportTaskModelBuilder : loaded 4 times (x 86B)
Class [Ldagger.spi.internal.shaded.androidx.room.compiler.processing.XProcessingEnv$Backend;: loaded 4 times (x 69B)
Class [Lcom.squareup.javapoet.ClassName;                                              : loaded 4 times (x 69B)
Class com.google.common.collect.Maps$KeySet                                           : loaded 4 times (x 137B)
Class dagger.hilt.processor.internal.ProcessorErrorHandler                            : loaded 4 times (x 72B)
Class com.google.devtools.ksp.symbol.KSAnnotated                                      : loaded 4 times (x 70B)
Class org.jetbrains.plugins.gradle.tooling.builder.DependencyAccessorsModelBuilder    : loaded 4 times (x 81B)
Class com.intellij.gradle.toolingExtension.impl.util.GradleIdeaPluginUtil             : loaded 4 times (x 71B)
Class com.squareup.kotlinpoet.TypeNames                                               : loaded 4 times (x 71B)
Class com.android.ide.gradle.model.impl.GradlePluginModelImpl$Companion               : loaded 4 times (x 71B)
Class dagger.spi.internal.shaded.androidx.room.jarjarred.kotlinx.metadata.internal.metadata.deserialization.VersionRequirementTable: loaded 4 times (x 72B)
Class [Lcom.google.common.cache.LocalCache$EntryFactory;                              : loaded 4 times (x 69B)
Class kotlin.reflect.jvm.internal.KClassImpl$Data$objectInstance$2                    : loaded 4 times (x 79B)
Class dagger.spi.internal.shaded.kotlinx.metadata.KmConstructorVisitor                : loaded 4 times (x 76B)
Class [Ldagger.spi.internal.shaded.androidx.room.jarjarred.kotlinx.metadata.KmVariance;: loaded 4 times (x 69B)
Class dagger.internal.codegen.validation.SpiModelBindingGraphConverter$1              : loaded 4 times (x 71B)
Class dagger.internal.codegen.writing.FactoryGenerator_Factory                        : loaded 4 times (x 79B)
Class dagger.internal.codegen.binding.InjectionAnnotations                            : loaded 4 times (x 72B)
Class dagger.internal.codegen.binding.DependencyRequestFormatter_Factory              : loaded 4 times (x 79B)
Class dagger.spi.internal.shaded.androidx.room.jarjarred.kotlinx.metadata.internal.metadata.jvm.deserialization.JvmMemberSignature$Field: loaded 4 times (x 75B)
Class dagger.spi.internal.shaded.androidx.room.jarjarred.kotlinx.metadata.jvm.JvmFunctionExtensionVisitor: loaded 4 times (x 80B)
Class dagger.internal.codegen.model.AutoValue_Scope                                   : loaded 4 times (x 73B)
Class dagger.hilt.processor.internal.Components                                       : loaded 4 times (x 71B)
Class com.squareup.kotlinpoet.CodeWriter                                              : loaded 4 times (x 78B)
Class dagger.spi.internal.shaded.androidx.room.compiler.processing.javac.JavacTypeElement$xClassName$2: loaded 4 times (x 79B)
Class dagger.spi.internal.shaded.androidx.room.jarjarred.kotlinx.metadata.KmExtensionVisitor: loaded 4 times (x 70B)
Class dagger.spi.internal.shaded.androidx.room.jarjarred.kotlinx.metadata.internal.protobuf.GeneratedMessageLite$1: loaded 4 times (x 71B)
Class dagger.spi.internal.shaded.androidx.room.compiler.processing.javac.JavacDeclaredType$equalityItems$2: loaded 4 times (x 79B)
Class com.squareup.kotlinpoet.TypeName$cachedString$2                                 : loaded 4 times (x 79B)
Class com.squareup.javapoet.LineWrapper                                               : loaded 4 times (x 72B)
Class kotlin.reflect.jvm.internal.KClassImpl$Data$allNonStaticMembers$2               : loaded 4 times (x 79B)
Class [Lcom.google.common.cache.LocalCache$Segment;                                   : loaded 4 times (x 69B)
Class [Lorg.jetbrains.kotlin.tooling.core.KotlinToolingVersion$Maturity;              : loaded 4 times (x 69B)
Class dagger.spi.internal.shaded.androidx.room.compiler.processing.javac.kotlin.KmClassContainer$typeParameters$2: loaded 4 times (x 79B)
Class dagger.hilt.processor.internal.kotlin.KotlinMetadataFactory                     : loaded 4 times (x 72B)
Class com.google.common.collect.EmptyImmutableSetMultimap                             : loaded 4 times (x 180B)
Class dagger.internal.codegen.validation.ProducesMethodValidator                      : loaded 4 times (x 78B)
Class org.jetbrains.plugins.gradle.tooling.builder.ProjectExtensionsDataBuilderImpl$Companion: loaded 4 times (x 71B)
Class [Lcom.google.common.cache.LocalCache$Strength;                                  : loaded 4 times (x 69B)
Class dagger.spi.internal.shaded.androidx.room.compiler.processing.javac.JavacType$rawType$2: loaded 4 times (x 79B)
Class dagger.internal.codegen.componentgenerator.ComponentGenerator_Factory           : loaded 4 times (x 79B)
Class dagger.spi.internal.shaded.androidx.room.jarjarred.kotlinx.metadata.Attributes$hasAnnotations$2: loaded 4 times (x 137B)
Class [Ldagger.internal.codegen.writing.InjectionMethods$InstanceCastPolicy;          : loaded 4 times (x 69B)
Class dagger.internal.codegen.model.Key$Builder                                       : loaded 4 times (x 76B)
Class dagger.internal.codegen.model.DaggerElement                                     : loaded 4 times (x 73B)
Class dagger.spi.internal.shaded.androidx.room.compiler.processing.javac.JavacMethodParameter$kotlinMetadata$2: loaded 4 times (x 79B)
Class dagger.internal.codegen.DelegateComponentProcessor$Injector$Factory             : loaded 4 times (x 70B)
Class com.google.common.cache.LocalCache$LocalManualCache                             : loaded 4 times (x 99B)
Class dagger.spi.internal.shaded.kotlinx.metadata.internal.protobuf.WireFormat$FieldType$1: loaded 4 times (x 83B)
Class dagger.spi.internal.shaded.kotlinx.metadata.internal.metadata.jvm.JvmProtoBuf$JvmMethodSignatureOrBuilder: loaded 4 times (x 70B)
Class dagger.spi.internal.shaded.kotlinx.metadata.internal.protobuf.AbstractParser    : loaded 4 times (x 144B)
Class org.jetbrains.kotlin.idea.gradleTooling.model.allopen.AllOpenModelBuilderService: loaded 4 times (x 85B)
Class dagger.internal.codegen.model.DependencyRequest                                 : loaded 4 times (x 75B)
Class dagger.internal.codegen.validation.ProducesMethodValidator$Validator            : loaded 4 times (x 80B)
Class dagger.internal.codegen.processingstep.MonitoringModuleGenerator_Factory        : loaded 4 times (x 79B)
Class dagger.internal.codegen.validation.InjectValidator_Factory                      : loaded 4 times (x 79B)
Class dagger.spi.model.BindingGraphPlugin                                             : loaded 4 times (x 70B)
Class com.google.common.collect.Collections2$FilteredCollection                       : loaded 4 times (x 119B)
Class dagger.spi.internal.shaded.kotlinx.metadata.internal.protobuf.CodedOutputStream : loaded 4 times (x 72B)
Class dagger.spi.internal.shaded.androidx.room.jarjarred.kotlinx.metadata.internal.FlagDelegatesImplKt: loaded 4 times (x 71B)
Class dagger.spi.internal.shaded.androidx.room.jarjarred.kotlinx.metadata.jvm.internal.JvmConstructorExtension: loaded 4 times (x 83B)
Class dagger.spi.internal.shaded.androidx.room.jarjarred.kotlinx.metadata.internal.metadata.ProtoBuf$VersionRequirementTableOrBuilder: loaded 4 times (x 70B)
Class dagger.spi.internal.shaded.androidx.room.jarjarred.kotlinx.metadata.internal.metadata.ProtoBuf$Function$1: loaded 4 times (x 144B)
Class dagger.spi.internal.shaded.auto.common.AnnotationOutput$1                       : loaded 4 times (x 107B)
Class dagger.spi.internal.shaded.androidx.room.compiler.codegen.XClassName            : loaded 4 times (x 75B)
Class dagger.internal.codegen.model.BindingGraph$Node                                 : loaded 4 times (x 70B)
Class dagger.internal.codegen.writing.InaccessibleMapKeyProxyGenerator_Factory        : loaded 4 times (x 79B)
Class com.google.common.collect.Maps$13                                               : loaded 4 times (x 85B)
Class dagger.spi.internal.shaded.androidx.room.compiler.processing.javac.JavacMethodElement: loaded 4 times (x 269B)
Class dagger.spi.internal.shaded.androidx.room.compiler.processing.javac.JavacFieldElement: loaded 4 times (x 227B)
Class com.android.ide.gradle.model.builder.LegacyAndroidGradlePluginPropertiesModelBuilder$VariantCollectionProvider$ApplicationVariant: loaded 4 times (x 72B)
Class com.android.ide.gradle.model.builder.LegacyAndroidGradlePluginPropertiesModelBuilder$PluginType: loaded 4 times (x 79B)
Class com.intellij.gradle.toolingExtension.impl.model.dependencyModel.auxiliary.AuxiliaryArtifactResolverImpl: loaded 4 times (x 76B)
Class dagger.spi.internal.shaded.kotlinx.metadata.KmDeclarationContainerVisitor       : loaded 4 times (x 77B)
Class dagger.spi.internal.shaded.kotlinx.metadata.internal.metadata.jvm.deserialization.JvmNameResolverBase: loaded 4 times (x 80B)
Class dagger.spi.internal.shaded.kotlinx.metadata.internal.metadata.jvm.JvmProtoBuf$StringTableTypesOrBuilder: loaded 4 times (x 70B)
Class dagger.spi.internal.shaded.kotlinx.metadata.internal.protobuf.CodedInputStream  : loaded 4 times (x 72B)
Class dagger.spi.internal.shaded.kotlinx.metadata.internal.protobuf.GeneratedMessageLite$1: loaded 4 times (x 71B)
Class dagger.spi.internal.shaded.androidx.room.compiler.codegen.XTypeName$Companion   : loaded 4 times (x 71B)
Class dagger.spi.internal.shaded.androidx.room.jarjarred.kotlinx.metadata.KmVariance  : loaded 4 times (x 79B)
Class dagger.internal.codegen.binding.SourceFiles$1                                   : loaded 4 times (x 71B)
Class dagger.spi.internal.shaded.kotlinx.metadata.internal.extensions.KmExtension     : loaded 4 times (x 70B)
Class dagger.spi.internal.shaded.kotlinx.metadata.internal.protobuf.GeneratedMessageLite: loaded 4 times (x 101B)
Class dagger.spi.internal.shaded.kotlinx.metadata.internal.protobuf.Internal$EnumLiteMap: loaded 4 times (x 70B)
Class dagger.spi.internal.shaded.kotlinx.metadata.KmValueParameterVisitor             : loaded 4 times (x 76B)
Class dagger.spi.internal.shaded.kotlinx.metadata.internal.metadata.ProtoBuf$Class$Kind$1: loaded 4 times (x 74B)
Class dagger.spi.internal.shaded.kotlinx.metadata.internal.metadata.deserialization.Flags$BooleanFlagField: loaded 4 times (x 76B)
Class dagger.spi.internal.shaded.kotlinx.metadata.internal.protobuf.WireFormat$FieldType$2: loaded 4 times (x 83B)
Class dagger.internal.codegen.binding.MembersInjectionBinding$InjectionSite$Kind      : loaded 4 times (x 79B)
Class dagger.internal.codegen.binding.AutoValue_MembersInjectionBinding_InjectionSite : loaded 4 times (x 77B)
Class dagger.internal.codegen.binding.MembersInjectionBinding$InjectionSite           : loaded 4 times (x 76B)
Class com.google.common.cache.CacheLoader$InvalidCacheLoadException                   : loaded 4 times (x 82B)
Class dagger.spi.internal.shaded.androidx.room.compiler.processing.XPackageElement    : loaded 4 times (x 70B)
Class dagger.spi.internal.shaded.androidx.room.compiler.processing.javac.JavacTypeElement$qualifiedName$2: loaded 4 times (x 79B)
Class dagger.internal.codegen.validation.DiagnosticReporterFactory_Factory            : loaded 4 times (x 79B)
Class dagger.spi.internal.shaded.kotlinx.metadata.internal.metadata.jvm.deserialization.JvmNameResolverBase$WhenMappings: loaded 4 times (x 71B)
Class com.google.common.collect.AbstractMapBasedMultimap$KeySet                       : loaded 4 times (x 137B)
Class com.google.common.cache.LocalCache$Strength$2                                   : loaded 4 times (x 81B)
Class [Ldagger.spi.internal.shaded.androidx.room.jarjarred.kotlinx.metadata.internal.metadata.ProtoBuf$MemberKind;: loaded 4 times (x 69B)
Class dagger.spi.internal.shaded.androidx.room.jarjarred.kotlinx.metadata.jvm.JvmClassExtensionVisitor$Companion: loaded 4 times (x 71B)
Class dagger.spi.internal.shaded.androidx.room.jarjarred.kotlinx.metadata.internal.protobuf.UninitializedMessageException: loaded 4 times (x 84B)
Class com.squareup.javapoet.WildcardTypeName                                          : loaded 4 times (x 81B)
Class com.squareup.javapoet.LineWrapper$FlushType                                     : loaded 4 times (x 79B)
Class dagger.spi.internal.shaded.androidx.room.compiler.processing.javac.JavacConstructorElement: loaded 4 times (x 256B)
Class dagger.spi.internal.shaded.androidx.room.compiler.processing.javac.JavacProcessingEnv$typeElementStore$1: loaded 4 times (x 79B)
Class dagger.hilt.processor.internal.root.RootProcessor                               : loaded 4 times (x 100B)
Class dagger.hilt.processor.internal.generatesrootinput.GeneratesRootInputProcessor   : loaded 4 times (x 100B)
Class dagger.spi.internal.shaded.androidx.room.compiler.processing.javac.JavacBasicAnnotationProcessor$xEnv$2: loaded 4 times (x 79B)
Class kotlin.reflect.jvm.internal.KProperty1Impl                                      : loaded 4 times (x 128B)
Class com.android.ide.gradle.model.builder.LegacyAndroidGradlePluginPropertiesModelBuilder$Companion$MethodCacheKey: loaded 4 times (x 72B)
Class org.jetbrains.kotlin.tooling.core.KotlinToolingVersionKt                        : loaded 4 times (x 71B)
Class org.jetbrains.kotlin.tooling.core.InternerImpl$Store                            : loaded 4 times (x 70B)
Class com.squareup.kotlinpoet.TypeName                                                : loaded 4 times (x 82B)
Class dagger.hilt.processor.internal.aggregateddeps.AggregatedDepsProcessingStep      : loaded 4 times (x 87B)
Class dagger.spi.internal.shaded.androidx.room.compiler.processing.XProcessingEnvConfig$Builder: loaded 4 times (x 72B)
Class [Ldagger.internal.codegen.javapoet.AnnotationSpecs$Suppression;                 : loaded 4 times (x 69B)
Class com.google.common.cache.CacheBuilder$1                                          : loaded 4 times (x 85B)
Class [Ldagger.internal.codegen.writing.InjectionMethods$CheckNotNullPolicy;          : loaded 4 times (x 69B)
Class org.jetbrains.plugins.gradle.tooling.ModelBuilderService$Ex                     : loaded 4 times (x 70B)
Class com.intellij.openapi.externalSystem.model.project.dependencies.ComponentDependencies: loaded 4 times (x 70B)
Class com.android.ide.gradle.model.impl.GradlePluginModelImpl                         : loaded 4 times (x 78B)
Class com.google.common.cache.LocalCache$EntryFactory$8                               : loaded 4 times (x 83B)
Class dagger.spi.internal.shaded.kotlinx.metadata.internal.metadata.deserialization.NameResolver: loaded 4 times (x 70B)
Class dagger.spi.internal.shaded.kotlinx.metadata.internal.protobuf.WireFormat$FieldType$3: loaded 4 times (x 83B)
Class dagger.spi.internal.shaded.androidx.room.jarjarred.kotlinx.metadata.internal.metadata.ProtoBuf$Type$Argument$Projection: loaded 4 times (x 82B)
Class org.jetbrains.kotlin.idea.gradleTooling.model.assignment.AssignmentModel        : loaded 4 times (x 70B)
Class [Ldagger.spi.internal.shaded.androidx.room.jarjarred.kotlinx.metadata.internal.metadata.ProtoBuf$Effect$InvocationKind;: loaded 4 times (x 69B)
Class [Lorg.jetbrains.kotlin.idea.gradleTooling.reflect.Parameter;                    : loaded 4 times (x 69B)
Class com.squareup.javapoet.LineWrapper$RecordingAppendable                           : loaded 4 times (x 77B)
Class dagger.internal.codegen.model.AutoValue_Key                                     : loaded 4 times (x 80B)
Class dagger.internal.codegen.writing.ProducerFactoryGenerator                        : loaded 4 times (x 77B)
Class dagger.internal.codegen.compileroption.ProcessingEnvironmentCompilerOptions$KeyOnlyOption: loaded 4 times (x 86B)
Class com.google.common.util.concurrent.ExecutionError                                : loaded 4 times (x 82B)
Class com.intellij.openapi.externalSystem.model.project.dependencies.UnknownDependencyNode: loaded 4 times (x 87B)
Class dagger.spi.internal.shaded.androidx.room.compiler.processing.KnownTypeNames     : loaded 4 times (x 71B)
Class dagger.spi.internal.shaded.androidx.room.jarjarred.kotlinx.metadata.internal.protobuf.SmallSortedMap$Entry: loaded 4 times (x 88B)
Class dagger.spi.internal.shaded.androidx.room.jarjarred.kotlinx.metadata.internal.metadata.jvm.JvmProtoBuf$StringTableTypes$Record: loaded 4 times (x 119B)
Class com.squareup.javapoet.FieldSpec                                                 : loaded 4 times (x 72B)
Class dagger.spi.internal.shaded.androidx.room.compiler.processing.javac.ElementExtKt : loaded 4 times (x 71B)
Class dagger.spi.internal.shaded.androidx.room.compiler.processing.javac.AnnotationMirrorExtKt: loaded 4 times (x 71B)
Class dagger.internal.codegen.base.$AutoValue_ModuleAnnotation                        : loaded 4 times (x 76B)
Class dagger.spi.internal.shaded.androidx.room.compiler.processing.javac.JavacProcessingEnv$typeElementStore$2: loaded 4 times (x 78B)
Class dagger.hilt.processor.internal.definecomponent.DefineComponentProcessingStep    : loaded 4 times (x 87B)
Class [Ldagger.internal.codegen.validation.BindingMethodValidator$ExceptionSuperclass;: loaded 4 times (x 69B)
Class com.intellij.gradle.toolingExtension.impl.model.buildScriptClasspathModel.GradleBuildScriptClasspathSerializationService$1: loaded 4 times (x 76B)
Class com.intellij.gradle.toolingExtension.impl.model.sourceSetModel.GradleSourceSetResolutionContext: loaded 4 times (x 73B)
Class com.intellij.compose.ide.plugin.gradleTooling.rt.ComposeResourcesExtension$Companion: loaded 4 times (x 71B)
Class dagger.internal.codegen.xprocessing.XExecutableTypes                            : loaded 4 times (x 71B)
Class dagger.spi.internal.shaded.androidx.room.compiler.processing.XProcessingEnv$Companion: loaded 4 times (x 71B)
Class com.intellij.gradle.toolingExtension.impl.modelBuilder.DefaultMessageReporter   : loaded 4 times (x 75B)
Class com.squareup.javapoet.Util                                                      : loaded 4 times (x 71B)
Class dagger.internal.codegen.validation.BindsMethodValidator_Factory                 : loaded 4 times (x 79B)
Class dagger.spi.internal.shaded.androidx.room.compiler.processing.javac.XTypeElementStore: loaded 4 times (x 72B)
Class dagger.spi.internal.shaded.androidx.room.jarjarred.kotlinx.metadata.internal.metadata.ProtoBuf$Constructor: loaded 4 times (x 124B)
Class dagger.spi.internal.shaded.androidx.room.jarjarred.kotlinx.metadata.InconsistentKotlinMetadataException: loaded 4 times (x 82B)
Class dagger.spi.internal.shaded.androidx.room.jarjarred.kotlinx.metadata.internal.protobuf.FieldSet: loaded 4 times (x 72B)
Class dagger.spi.internal.shaded.androidx.room.jarjarred.kotlinx.metadata.internal.protobuf.Internal$EnumLite: loaded 4 times (x 70B)
Class dagger.spi.internal.shaded.androidx.room.jarjarred.kotlinx.metadata.internal.metadata.jvm.deserialization.JvmNameResolverBase$WhenMappings: loaded 4 times (x 71B)
Class dagger.spi.internal.shaded.androidx.room.jarjarred.kotlinx.metadata.internal.ReadUtilsKt: loaded 4 times (x 71B)
Class dagger.spi.internal.shaded.androidx.room.jarjarred.kotlinx.metadata.jvm.JvmPropertyExtensionVisitor$Companion: loaded 4 times (x 71B)
Class dagger.internal.codegen.binding.KeyFactory_Factory                              : loaded 4 times (x 79B)
Class dagger.internal.codegen.validation.MembersInjectionValidator                    : loaded 4 times (x 72B)
Class com.google.common.collect.Maps$12                                               : loaded 4 times (x 82B)
Class dagger.spi.internal.shaded.kotlinx.metadata.jvm.JvmMemberSignature              : loaded 4 times (x 74B)
Class dagger.spi.internal.shaded.kotlinx.metadata.internal.protobuf.WireFormat$FieldType$4: loaded 4 times (x 83B)
Class dagger.spi.internal.shaded.kotlinx.metadata.internal.metadata.jvm.JvmProtoBuf$JvmMethodSignature$1: loaded 4 times (x 144B)
Class dagger.spi.internal.shaded.androidx.room.jarjarred.kotlinx.metadata.jvm.internal.JvmTypeParameterExtension: loaded 4 times (x 84B)
Class dagger.spi.internal.shaded.androidx.room.compiler.processing.javac.JavacFieldElement$kotlinMetadata$2: loaded 4 times (x 79B)
Class [Ldagger.spi.internal.shaded.androidx.room.compiler.processing.XType;           : loaded 4 times (x 69B)
Class [Ldagger.spi.internal.shaded.androidx.room.compiler.processing.XAnnotated;      : loaded 4 times (x 69B)
Class kotlin.reflect.jvm.internal.impl.builtins.functions.FunctionClassKind$Companion : loaded 4 times (x 71B)
Class com.google.common.base.Predicates                                               : loaded 4 times (x 71B)
Class dagger.internal.codegen.bindinggraphvalidation.NullableBindingValidator         : loaded 4 times (x 85B)
Class com.google.common.graph.Traverser$1                                             : loaded 4 times (x 74B)
Class dagger.spi.internal.shaded.androidx.room.compiler.processing.javac.kotlin.KmClassContainer$primaryConstructorSignature$2: loaded 4 times (x 79B)
Class dagger.spi.internal.shaded.androidx.room.compiler.processing.javac.JavacVariableElement$type$2: loaded 4 times (x 79B)
Class dagger.spi.internal.shaded.androidx.room.compiler.processing.javac.JavacTypeElement$superInterfaces$2: loaded 4 times (x 79B)
Class dagger.spi.internal.shaded.androidx.room.compiler.processing.javac.kotlin.KmBaseTypeContainer: loaded 4 times (x 70B)
Class dagger.spi.internal.shaded.androidx.room.jarjarred.kotlinx.metadata.Attributes$visibility$22: loaded 4 times (x 137B)
Class dagger.spi.internal.shaded.auto.common.AnnotationMirrors$1                      : loaded 4 times (x 84B)
Class dagger.spi.internal.shaded.androidx.room.compiler.processing.javac.JavacTypeElement$packageName$2: loaded 4 times (x 79B)
Class dagger.internal.codegen.validation.BindingElementValidator$ElementValidator     : loaded 4 times (x 77B)
Class dagger.internal.codegen.base.FrameworkTypes                                     : loaded 4 times (x 71B)
Class dagger.spi.internal.shaded.androidx.room.compiler.processing.javac.JavacProcessingEnv$typeElementStore$3: loaded 4 times (x 79B)
Class dagger.hilt.android.processor.internal.customtestapplication.CustomTestApplicationProcessor: loaded 4 times (x 100B)
Class dagger.spi.internal.shaded.androidx.room.compiler.processing.javac.kotlin.KmFunctionContainer: loaded 4 times (x 70B)
Class dagger.internal.codegen.binding.InjectionSiteFactory_Factory                    : loaded 4 times (x 79B)
Class dagger.internal.codegen.validation.ModuleValidator$ModuleMethodKind             : loaded 4 times (x 79B)
Class dagger.internal.codegen.processingstep.ComponentProcessingStep_Factory          : loaded 4 times (x 79B)
Class org.jetbrains.plugins.gradle.tooling.ModelBuilderService$ParameterizedModelBuilderService: loaded 4 times (x 70B)
Class org.jetbrains.plugins.gradle.tooling.builder.EarModelBuilderImpl                : loaded 4 times (x 86B)
Class dagger.internal.codegen.extension.DaggerCollectors$ToOptionalState              : loaded 4 times (x 72B)
Class com.google.common.collect.Iterables$5                                           : loaded 4 times (x 81B)
Class dagger.internal.codegen.validation.DependencyRequestValidator$Validator         : loaded 4 times (x 72B)
Class dagger.internal.codegen.writing.InjectionMethods$ProvisionMethod                : loaded 4 times (x 71B)
Class dagger.internal.codegen.processingstep.ModuleProcessingStep                     : loaded 4 times (x 86B)
Class com.google.common.cache.CacheBuilder$OneWeigher                                 : loaded 4 times (x 82B)
Class [Lcom.intellij.openapi.externalSystem.model.project.IExternalSystemSourceType;  : loaded 4 times (x 69B)
Class dagger.internal.codegen.bindinggraphvalidation.InjectBindingValidator           : loaded 4 times (x 85B)
Class dagger.spi.internal.shaded.kotlinx.metadata.jvm.JvmClassExtensionVisitor$Companion: loaded 4 times (x 71B)
Class dagger.internal.codegen.processingstep.AssistedProcessingStep                   : loaded 4 times (x 86B)
Class dagger.internal.codegen.model.$AutoValue_Key                                    : loaded 4 times (x 80B)
Class dagger.internal.codegen.processingstep.ComponentHjarProcessingStep_Factory      : loaded 4 times (x 79B)
Class dagger.internal.codegen.DaggerDelegateComponentProcessor_Injector$TopLevelImplementationComponentFactory: loaded 4 times (x 75B)
Class dagger.internal.codegen.base.ElementFormatter                                   : loaded 4 times (x 85B)
Class [Ldagger.internal.codegen.compileroption.ProcessingEnvironmentCompilerOptions$KeyOnlyOption;: loaded 4 times (x 69B)
Class com.google.common.graph.Traverser$2                                             : loaded 4 times (x 74B)
Class dagger.spi.internal.shaded.androidx.room.jarjarred.kotlinx.metadata.KmFunctionVisitor: loaded 4 times (x 81B)
Class com.intellij.gradle.toolingExtension.impl.util.collectionUtil.GradleCollectionVisitor: loaded 4 times (x 70B)
Class dagger.hilt.processor.internal.kotlin.DaggerKotlinMetadataUtils_MetadataComponent$MetadataComponentImpl: loaded 4 times (x 75B)
Class dagger.spi.internal.shaded.androidx.room.jarjarred.kotlinx.metadata.KmConstructor: loaded 4 times (x 77B)
Class kotlin.reflect.jvm.internal.KCallableImpl$_returnType$1                         : loaded 4 times (x 79B)
Class com.intellij.gradle.toolingExtension.impl.model.dependencyGraphModel.GradleDependencyGraphModelBuilder: loaded 4 times (x 82B)
Class dagger.spi.internal.shaded.kotlinx.metadata.Flag                                : loaded 4 times (x 71B)
Class org.jetbrains.plugins.gradle.tooling.util.StringUtils                           : loaded 4 times (x 71B)
Class org.jetbrains.kotlin.idea.gradleTooling.reflect.TypeToken                       : loaded 4 times (x 72B)
Class dagger.spi.internal.shaded.kotlinx.metadata.jvm.internal.JvmTypeExtension       : loaded 4 times (x 86B)
Class dagger.spi.internal.shaded.androidx.room.jarjarred.kotlinx.metadata.MemberKind  : loaded 4 times (x 79B)
Class org.jetbrains.kotlin.idea.gradleTooling.KotlinDslScriptTaskModelBuilder$Companion: loaded 4 times (x 71B)
Class com.intellij.gradle.toolingExtension.impl.javaModel.manifestModel.JavaGradleManifestModelBuilder: loaded 4 times (x 86B)
Class dagger.spi.internal.shaded.androidx.room.compiler.processing.javac.kotlin.KmClassContainer$type$2: loaded 4 times (x 79B)
Class org.jetbrains.kotlin.tooling.core.KotlinToolingVersion$Maturity                 : loaded 4 times (x 79B)
Class dagger.hilt.processor.internal.earlyentrypoint.EarlyEntryPointProcessor         : loaded 4 times (x 100B)
Class com.google.common.cache.LocalCache$Strength$1                                   : loaded 4 times (x 81B)
Class kotlin.reflect.jvm.internal.KPropertyImpl$Companion                             : loaded 4 times (x 71B)
Class dagger.internal.codegen.componentgenerator.TopLevelImplementationComponent$Factory: loaded 4 times (x 70B)
Class com.google.common.collect.CompactHashSet                                        : loaded 4 times (x 150B)
Class dagger.spi.internal.shaded.androidx.room.compiler.processing.javac.JavacVariableElement: loaded 4 times (x 200B)
Class dagger.spi.internal.shaded.androidx.room.compiler.processing.javac.JavacExecutableElement$jvmDescriptor$2: loaded 4 times (x 79B)
Class dagger.spi.internal.shaded.androidx.room.jarjarred.kotlinx.metadata.internal.metadata.ProtoBuf$TypeParameter$1: loaded 4 times (x 144B)
Class dagger.spi.internal.shaded.kotlinx.metadata.internal.protobuf.SmallSortedMap$Entry: loaded 4 times (x 88B)
Class dagger.spi.internal.shaded.kotlinx.metadata.internal.protobuf.BoundedByteString : loaded 4 times (x 112B)
Class dagger.spi.internal.shaded.kotlinx.metadata.internal.protobuf.SmallSortedMap$EmptySet$1: loaded 4 times (x 78B)
Class dagger.spi.internal.shaded.androidx.room.jarjarred.kotlinx.metadata.KmTypeParameter: loaded 4 times (x 76B)
Class com.google.common.collect.Maps$EntryFunction                                    : loaded 4 times (x 91B)
Class dagger.spi.internal.shaded.androidx.room.jarjarred.kotlinx.metadata.jvm.JvmConstructorExtensionVisitor: loaded 4 times (x 78B)
Class dagger.internal.codegen.binding.$AutoValue_ProvisionBinding                     : loaded 4 times (x 95B)
Class dagger.internal.codegen.model.BindingKind                                       : loaded 4 times (x 79B)
Class dagger.internal.codegen.base.$AutoValue_ComponentAnnotation                     : loaded 4 times (x 76B)
Class dagger.internal.codegen.compileroption.ProcessingEnvironmentCompilerOptions$Validation: loaded 4 times (x 93B)
Class dagger.internal.codegen.ProcessingEnvironmentModule                             : loaded 4 times (x 70B)
Class dagger.internal.codegen.ServiceLoaders$1                                        : loaded 4 times (x 71B)
Class dagger.internal.Preconditions                                                   : loaded 4 times (x 71B)
Class dagger.internal.codegen.xprocessing.XTypes                                      : loaded 4 times (x 71B)
Class [Ldagger.spi.internal.shaded.androidx.room.jarjarred.kotlinx.metadata.internal.metadata.ProtoBuf$Visibility;: loaded 4 times (x 69B)
Class dagger.spi.internal.shaded.androidx.room.jarjarred.kotlinx.metadata.KmClassifier: loaded 4 times (x 71B)
Class dagger.internal.codegen.xprocessing.XAnnotations$1                              : loaded 4 times (x 84B)
Class dagger.spi.internal.shaded.androidx.room.jarjarred.kotlinx.metadata.jvm.JvmMetadataVersion: loaded 4 times (x 74B)
Class dagger.hilt.processor.internal.optionvalues.BooleanValue                        : loaded 4 times (x 79B)
Class dagger.spi.internal.shaded.androidx.room.jarjarred.kotlinx.metadata.internal.extensions.KmPropertyExtension: loaded 4 times (x 70B)
Class org.jetbrains.kotlin.idea.gradleTooling.AndroidAwareGradleModelProvider$Result  : loaded 4 times (x 72B)
Class org.jetbrains.kotlin.idea.gradleTooling.reflect.ReflectionKt                    : loaded 4 times (x 71B)
Class dagger.spi.internal.shaded.androidx.room.jarjarred.kotlinx.metadata.internal.metadata.jvm.JvmProtoBuf$JvmPropertySignatureOrBuilder: loaded 4 times (x 70B)
Class dagger.spi.internal.shaded.androidx.room.jarjarred.kotlinx.metadata.internal.protobuf.ByteString$ByteIterator: loaded 4 times (x 70B)
Class dagger.internal.codegen.validation.MembersInjectionValidator_Factory            : loaded 4 times (x 79B)
Class dagger.internal.codegen.bindinggraphvalidation.CompositeBindingGraphPlugin_Factory: loaded 4 times (x 72B)
Class [Ldagger.internal.codegen.model.RequestKind;                                    : loaded 4 times (x 69B)
Class dagger.internal.codegen.validation.BindsMethodValidator$Validator               : loaded 4 times (x 80B)
Class dagger.internal.codegen.writing.ProducerFactoryGenerator$SingleArgFutureTransform: loaded 4 times (x 78B)
Class dagger.internal.codegen.processingstep.MapKeyProcessingStep                     : loaded 4 times (x 86B)
Class dagger.internal.codegen.binding.Nullability                                     : loaded 4 times (x 73B)
Class [Ldagger.spi.internal.shaded.kotlinx.metadata.internal.metadata.ProtoBuf$Class$Kind;: loaded 4 times (x 69B)
Class dagger.spi.internal.shaded.kotlinx.metadata.internal.metadata.ProtoBuf$PackageOrBuilder: loaded 4 times (x 70B)
Class dagger.spi.internal.shaded.kotlinx.metadata.internal.protobuf.SmallSortedMap$EmptySet$2: loaded 4 times (x 78B)
Class dagger.spi.internal.shaded.androidx.room.compiler.processing.javac.kotlin.JvmAbi: loaded 4 times (x 71B)
Class dagger.spi.internal.shaded.androidx.room.jarjarred.kotlinx.metadata.internal.metadata.ProtoBuf$Effect$InvocationKind: loaded 4 times (x 82B)
Class dagger.spi.internal.shaded.androidx.room.compiler.processing.DeclarationCollectorKt$collectAllMethods$1: loaded 4 times (x 95B)
Class dagger.spi.internal.shaded.androidx.room.compiler.processing.javac.JavacMethodType$NormalMethodType: loaded 4 times (x 91B)
Class dagger.internal.codegen.model.BindingGraphPlugin                                : loaded 4 times (x 70B)
Class dagger.internal.codegen.validation.MultibindsMethodValidator$Validator          : loaded 4 times (x 80B)
Class dagger.internal.codegen.processingstep.AssistedProcessingStep_Factory           : loaded 4 times (x 79B)
Class dagger.hilt.android.processor.internal.viewmodel.ViewModelValidationPlugin      : loaded 4 times (x 83B)
Class dagger.spi.internal.shaded.androidx.room.compiler.processing.javac.JavacArrayType: loaded 4 times (x 211B)
Class dagger.spi.internal.shaded.androidx.room.jarjarred.kotlinx.metadata.internal.metadata.ProtoBuf$Visibility$1: loaded 4 times (x 74B)
Class dagger.spi.internal.shaded.androidx.room.jarjarred.kotlinx.metadata.jvm.internal.JvmExtensionNodesKt: loaded 4 times (x 71B)
Class dagger.spi.internal.shaded.androidx.room.jarjarred.kotlinx.metadata.internal.ReadContext: loaded 4 times (x 72B)
Class dagger.spi.internal.shaded.androidx.room.jarjarred.kotlinx.metadata.internal.metadata.jvm.deserialization.BitEncoding: loaded 4 times (x 71B)
Class dagger.spi.internal.shaded.androidx.room.jarjarred.kotlinx.metadata.internal.protobuf.Parser: loaded 4 times (x 70B)
Class dagger.spi.internal.shaded.auto.common.Visibility                               : loaded 4 times (x 79B)
Class dagger.spi.internal.shaded.androidx.room.jarjarred.kotlinx.metadata.KmClassifier$TypeAlias: loaded 4 times (x 72B)
Class [Lcom.android.ide.gradle.model.builder.LegacyAndroidGradlePluginPropertiesModelBuilder$PluginType;: loaded 4 times (x 69B)
Class com.intellij.gradle.toolingExtension.impl.model.buildScriptClasspathModel.DefaultGradleBuildScriptClasspathModel: loaded 4 times (x 83B)
Class org.jetbrains.kotlin.idea.gradleTooling.reflect.KotlinSourceSetReflectionImpl$Companion: loaded 4 times (x 71B)
Class com.intellij.gradle.toolingExtension.impl.model.sourceSetDependencyModel.GradleSourceSetDependencyResolver: loaded 4 times (x 72B)
Class org.jetbrains.plugins.gradle.model.DefaultExternalProject                       : loaded 4 times (x 95B)
Class dagger.spi.internal.shaded.androidx.room.compiler.codegen.XTypeNameKt           : loaded 4 times (x 71B)
Class com.intellij.gradle.toolingExtension.impl.model.sourceSetDependencyModel.GradleSourceSetDependencyModelBuilder: loaded 4 times (x 86B)
Class dagger.internal.codegen.binding.ContributionBinding                             : loaded 4 times (x 90B)
Class dagger.spi.internal.shaded.kotlinx.metadata.internal.metadata.ProtoBuf$MemberKind$1: loaded 4 times (x 74B)
Class org.jetbrains.kotlin.idea.gradleTooling.KotlinGradleModelBuilder                : loaded 4 times (x 86B)
Class com.google.common.cache.LocalCache$EntryFactory                                 : loaded 4 times (x 83B)
Class org.jetbrains.kotlin.idea.gradleTooling.reflect.KotlinMultiplatformImportReflection: loaded 4 times (x 70B)
Class com.android.ide.gradle.model.builder.LegacyV1AgpVersionModelBuilder             : loaded 4 times (x 75B)
Class org.jetbrains.plugins.gradle.tooling.ModelBuilderContext$DataProvider           : loaded 4 times (x 70B)
Class com.android.ide.gradle.model.dependencies.DeclaredDependenciesModelBuilder      : loaded 4 times (x 75B)
Class org.jetbrains.plugins.gradle.tooling.serialization.ToolingStreamApiUtilsKt      : loaded 4 times (x 71B)
Class org.jetbrains.plugins.gradle.model.ModelFactory                                 : loaded 4 times (x 71B)
Class dagger.hilt.processor.internal.generatesrootinput.GeneratesRootInputProcessingStep: loaded 4 times (x 87B)
Class com.intellij.gradle.toolingExtension.impl.model.utilTurnOffDefaultTasksModel.DefaultTurnOffDefaultTasks: loaded 4 times (x 71B)
Class dagger.spi.internal.shaded.kotlinx.metadata.jvm.JvmFieldSignature               : loaded 4 times (x 75B)
Class dagger.spi.internal.shaded.kotlinx.metadata.KmValueParameter                    : loaded 4 times (x 77B)
Class dagger.spi.internal.shaded.kotlinx.metadata.internal.metadata.ProtoBuf$Annotation: loaded 4 times (x 109B)
Class dagger.spi.internal.shaded.kotlinx.metadata.internal.protobuf.LiteralByteString : loaded 4 times (x 112B)
Class dagger.spi.internal.shaded.kotlinx.metadata.internal.protobuf.InvalidProtocolBufferException: loaded 4 times (x 84B)
Class org.jetbrains.kotlin.idea.gradleTooling.KotlinGradlePluginVersion$Companion     : loaded 4 times (x 71B)
Class com.google.common.collect.AbstractMapBasedMultimap$WrappedSet                   : loaded 4 times (x 142B)
Class dagger.spi.internal.shaded.androidx.room.compiler.codegen.XTypeName             : loaded 4 times (x 75B)
Class dagger.internal.codegen.base.ModuleKind$1                                       : loaded 4 times (x 71B)
Class [Ldagger.internal.codegen.xprocessing.XTypeElements$Visibility;                 : loaded 4 times (x 69B)
Class dagger.internal.codegen.componentgenerator.ComponentGeneratorModule_ComponentHjarGeneratorFactory: loaded 4 times (x 79B)
Class dagger.internal.codegen.validation.ComponentDescriptorValidator_Factory         : loaded 4 times (x 79B)
Class dagger.internal.codegen.bindinggraphvalidation.ProvisionDependencyOnProducerBindingValidator: loaded 4 times (x 85B)
Class dagger.internal.codegen.processingstep.TypeCheckingProcessingStep               : loaded 4 times (x 86B)
Class dagger.internal.codegen.binding.SourceFiles_Factory                             : loaded 4 times (x 78B)
Class dagger.spi.internal.shaded.androidx.room.jarjarred.kotlinx.metadata.internal.protobuf.CodedInputStream: loaded 4 times (x 72B)
Class net.ltgt.gradle.incap.IncrementalAnnotationProcessorType                        : loaded 4 times (x 79B)
Class dagger.spi.internal.shaded.androidx.room.compiler.processing.XElementKt         : loaded 4 times (x 71B)
Class dagger.hilt.processor.internal.root.ComponentTreeDepsProcessor                  : loaded 4 times (x 100B)
Class dagger.internal.codegen.processingstep.MonitoringModuleGenerator                : loaded 4 times (x 77B)
Class com.squareup.javapoet.TypeVariableName                                          : loaded 4 times (x 81B)
Class dagger.spi.internal.shaded.androidx.room.compiler.processing.javac.kotlin.KmClassContainer$functionByDescriptor$2: loaded 4 times (x 79B)
Class dagger.spi.internal.shaded.androidx.room.jarjarred.kotlinx.metadata.Attributes$kind$7: loaded 4 times (x 137B)
Class com.squareup.javapoet.LineWrapper$1                                             : loaded 4 times (x 71B)
Class dagger.spi.internal.shaded.androidx.room.jarjarred.kotlinx.metadata.jvm.JvmTypeParameterExtensionVisitor$Companion: loaded 4 times (x 71B)
Class org.jetbrains.plugins.gradle.tooling.AbstractModelBuilderService                : loaded 4 times (x 86B)
Class dagger.spi.internal.shaded.kotlinx.metadata.internal.protobuf.MessageLite       : loaded 4 times (x 70B)
Class kotlin.reflect.jvm.internal.KPropertyImpl$_descriptor$1                         : loaded 4 times (x 79B)
Class com.google.common.cache.LocalCache$LocalLoadingCache                            : loaded 4 times (x 134B)
Class dagger.spi.internal.shaded.androidx.room.jarjarred.kotlinx.metadata.internal.protobuf.GeneratedMessageLite: loaded 4 times (x 101B)
Class dagger.internal.codegen.writing.InjectionMethods$CheckNotNullPolicy             : loaded 4 times (x 79B)
Class org.jetbrains.plugins.gradle.tooling.builder.ScalaModelBuilderImpl              : loaded 4 times (x 81B)
Class dagger.spi.internal.shaded.androidx.room.jarjarred.kotlinx.metadata.internal.metadata.ProtoBuf$Annotation: loaded 4 times (x 109B)
Class dagger.spi.internal.shaded.androidx.room.jarjarred.kotlinx.metadata.internal.protobuf.Internal$EnumLiteMap: loaded 4 times (x 70B)
Class dagger.spi.internal.shaded.kotlinx.metadata.internal.metadata.deserialization.TypeTable: loaded 4 times (x 72B)
Class dagger.spi.internal.shaded.kotlinx.metadata.internal.metadata.jvm.JvmProtoBuf$StringTableTypes$Record$1: loaded 4 times (x 144B)
Class [Ldagger.spi.internal.shaded.kotlinx.metadata.internal.metadata.ProtoBuf$TypeParameter$Variance;: loaded 4 times (x 69B)
Class dagger.internal.codegen.validation.BindingElementValidator$1                    : loaded 4 times (x 71B)
Class dagger.internal.codegen.binding.ProductionBinding                               : loaded 4 times (x 95B)
Class dagger.internal.codegen.validation.ExternalBindingGraphPlugins                  : loaded 4 times (x 72B)
Class dagger.internal.codegen.binding.MultibindingDeclaration_Factory_Factory         : loaded 4 times (x 79B)
Class dagger.hilt.android.processor.internal.androidentrypoint.AndroidEntryPointProcessingStep$1: loaded 4 times (x 71B)
Class dagger.spi.internal.shaded.androidx.room.compiler.processing.javac.JavacTypeElement$allFieldsIncludingPrivateSupers$1: loaded 4 times (x 79B)
Class dagger.hilt.processor.internal.kotlin.KotlinMetadataUtil                        : loaded 4 times (x 72B)
Class dagger.spi.internal.shaded.androidx.room.jarjarred.kotlinx.metadata.internal.metadata.ProtoBuf$AnnotationOrBuilder: loaded 4 times (x 70B)
Class dagger.spi.internal.shaded.androidx.room.jarjarred.kotlinx.metadata.internal.metadata.ProtoBuf$Property: loaded 4 times (x 148B)
Class dagger.spi.internal.shaded.androidx.room.jarjarred.kotlinx.metadata.internal.protobuf.SmallSortedMap: loaded 4 times (x 130B)
Class org.jetbrains.plugins.gradle.tooling.ModelBuilderContext                        : loaded 4 times (x 70B)
Class com.google.common.cache.CacheLoader$1                                           : loaded 4 times (x 75B)
Class dagger.spi.internal.shaded.kotlinx.metadata.KmTypeExtensionVisitor              : loaded 4 times (x 70B)
Class dagger.spi.internal.shaded.androidx.room.jarjarred.kotlinx.metadata.internal.protobuf.CodedOutputStream: loaded 4 times (x 72B)
Class org.jetbrains.kotlin.tooling.core.InternerImpl                                  : loaded 4 times (x 76B)
Class com.android.ide.gradle.model.builder.GradlePluginModelBuilder                   : loaded 4 times (x 75B)
Class com.intellij.gradle.toolingExtension.impl.model.utilTurnOffDefaultTasksModel.TurnOffDefaultTasksModelBuilder: loaded 4 times (x 86B)
Class org.jetbrains.kotlin.idea.gradleTooling.KotlinMPPGradleModelBuilder             : loaded 4 times (x 86B)
Class org.jetbrains.plugins.gradle.tooling.serialization.internal.adapter.InternalProjectIdentifier: loaded 4 times (x 76B)
Class dagger.internal.codegen.compileroption.ProcessingEnvironmentCompilerOptions     : loaded 4 times (x 95B)
Class dagger.internal.codegen.validation.DiagnosticReporterFactory                    : loaded 4 times (x 72B)
Class dagger.internal.codegen.model.DaggerType                                        : loaded 4 times (x 74B)
Class com.google.common.cache.LocalCache$LoadingValueReference                        : loaded 4 times (x 97B)
Class com.google.common.collect.Maps$AbstractFilteredMap                              : loaded 4 times (x 127B)
Class dagger.spi.internal.shaded.kotlinx.metadata.internal.protobuf.LazyField         : loaded 4 times (x 83B)
Class dagger.spi.internal.shaded.androidx.room.compiler.processing.ksp.KSTypeJavaPoetExtKt: loaded 4 times (x 71B)
Class dagger.spi.internal.shaded.androidx.room.compiler.processing.javac.kotlin.JvmDescriptorTypeVisitor$visitExecutable$parameterDescriptors$1: loaded 4 times (x 79B)
Class com.intellij.gradle.toolingExtension.impl.model.dependencyModel.GradleDependencyTraverser$Itr: loaded 4 times (x 83B)
Class dagger.internal.codegen.validation.ProducesMethodValidator_Factory              : loaded 4 times (x 79B)
Class dagger.hilt.processor.internal.kotlin.KotlinMetadataFactory_Factory             : loaded 4 times (x 78B)
Class dagger.internal.codegen.base.ComponentAnnotation                                : loaded 4 times (x 76B)
Class dagger.spi.internal.shaded.androidx.room.compiler.processing.javac.kotlin.KmClassContainer$superType$2: loaded 4 times (x 79B)
Class kotlin.reflect.jvm.internal.KClassImpl$Data$constructors$2                      : loaded 4 times (x 79B)
Class org.jetbrains.kotlin.tooling.core.Interner                                      : loaded 4 times (x 70B)
Class [Ldagger.hilt.processor.internal.root.RootType;                                 : loaded 4 times (x 69B)
Class kotlin.reflect.jvm.internal.KClassCacheKt                                       : loaded 4 times (x 71B)
Class dagger.spi.internal.shaded.androidx.room.compiler.processing.javac.JavacElement : loaded 4 times (x 179B)
Class dagger.spi.internal.shaded.auto.common.MoreTypes$TypeEquivalence                : loaded 4 times (x 82B)
Class kotlin.reflect.jvm.internal.impl.builtins.PrimitiveType$arrayTypeFqName$2       : loaded 4 times (x 79B)
Class org.jetbrains.plugins.gradle.tooling.builder.WarModelBuilderImpl                : loaded 4 times (x 86B)
Class com.intellij.gradle.toolingExtension.impl.modelBuilder.ExtraModelBuilder        : loaded 4 times (x 85B)
Class dagger.spi.internal.shaded.auto.common.MoreTypes$PrimitiveTypeVisitor           : loaded 4 times (x 102B)
Class dagger.spi.internal.shaded.kotlinx.metadata.internal.protobuf.AbstractMessageLite: loaded 4 times (x 98B)
Class dagger.spi.internal.shaded.kotlinx.metadata.internal.metadata.ProtoBuf$TypeParameter$Variance: loaded 4 times (x 82B)
Class dagger.spi.internal.shaded.kotlinx.metadata.internal.metadata.jvm.deserialization.JvmNameResolverBase$Companion: loaded 4 times (x 71B)
Class dagger.spi.internal.shaded.kotlinx.metadata.internal.metadata.jvm.deserialization.UtfEncodingKt: loaded 4 times (x 71B)
Class dagger.spi.internal.shaded.kotlinx.metadata.internal.metadata.ProtoBuf$VersionRequirementTable$1: loaded 4 times (x 144B)
Class dagger.spi.internal.shaded.kotlinx.metadata.internal.protobuf.FieldSet$FieldDescriptorLite: loaded 4 times (x 70B)
Class dagger.spi.internal.shaded.kotlinx.metadata.internal.protobuf.RopeByteString    : loaded 4 times (x 110B)
Class com.google.common.collect.AbstractMapBasedMultimap$AsMap                        : loaded 4 times (x 128B)
Class dagger.internal.codegen.binding.MultibindingDeclaration                         : loaded 4 times (x 78B)
Class dagger.internal.codegen.writing.UnwrappedMapKeyGenerator_Factory                : loaded 4 times (x 79B)
Class dagger.internal.codegen.writing.ModuleProxies$ModuleConstructorProxyGenerator   : loaded 4 times (x 77B)
Class dagger.internal.codegen.compileroption.ProcessingEnvironmentCompilerOptions$CommandLineOption: loaded 4 times (x 70B)
Class dagger.internal.codegen.validation.ComponentValidator_Factory                   : loaded 4 times (x 79B)
Class dagger.spi.internal.shaded.androidx.room.jarjarred.kotlinx.metadata.internal.metadata.jvm.JvmProtoBuf$JvmPropertySignature$Builder: loaded 4 times (x 141B)
Class com.intellij.gradle.toolingExtension.impl.model.resourceFilterModel.GradleResourceFilterModelBuilder: loaded 4 times (x 71B)
Class kotlin.reflect.jvm.internal.KCallableImpl$_annotations$1                        : loaded 4 times (x 79B)
Class dagger.hilt.processor.internal.kotlin.DaggerKotlinMetadataUtils_MetadataComponent: loaded 4 times (x 71B)
Class dagger.spi.internal.shaded.androidx.room.jarjarred.kotlinx.metadata.internal.metadata.deserialization.Flags$BooleanFlagField: loaded 4 times (x 76B)
Class [Ldagger.spi.internal.shaded.androidx.room.jarjarred.kotlinx.metadata.internal.protobuf.Internal$EnumLite;: loaded 4 times (x 69B)
Class dagger.spi.internal.shaded.androidx.room.jarjarred.kotlinx.metadata.internal.metadata.ProtoBuf$Type$1: loaded 4 times (x 144B)
Class dagger.spi.internal.shaded.androidx.room.jarjarred.kotlinx.metadata.internal.metadata.ProtoBuf$Constructor$1: loaded 4 times (x 144B)
Class dagger.internal.codegen.bindinggraphvalidation.SetMultibindingValidator         : loaded 4 times (x 85B)
Class kotlin.reflect.jvm.internal.KClassImpl$Data$inheritedNonStaticMembers$2         : loaded 4 times (x 79B)
Class kotlin.collections.MapWithDefaultImpl                                           : loaded 4 times (x 126B)
Class com.squareup.javapoet.ArrayTypeName                                             : loaded 4 times (x 81B)
Class dagger.spi.internal.shaded.androidx.room.compiler.processing.javac.kotlin.KmClassContainer$Companion: loaded 4 times (x 71B)
Class dagger.spi.internal.shaded.androidx.room.jarjarred.kotlinx.metadata.internal.metadata.deserialization.BinaryVersion: loaded 4 times (x 74B)
Class com.intellij.gradle.toolingExtension.impl.model.dependencyGraphModel.GradleDependencyReportGenerator: loaded 4 times (x 73B)
Class com.google.common.base.Platform                                                 : loaded 4 times (x 71B)
Class dagger.spi.internal.shaded.androidx.room.jarjarred.kotlinx.metadata.internal.protobuf.MessageLiteOrBuilder: loaded 4 times (x 70B)
Class org.jetbrains.kotlin.idea.gradleTooling.reflect.Parameter                       : loaded 4 times (x 72B)
Class dagger.internal.codegen.componentgenerator.ComponentHjarGenerator               : loaded 4 times (x 77B)
Class dagger.internal.codegen.processingstep.SuperficialValidator                     : loaded 4 times (x 75B)
Class dagger.internal.codegen.processingstep.AssistedFactoryProcessingStep            : loaded 4 times (x 86B)
Class org.jetbrains.kotlin.idea.gradleTooling.PrepareKotlinIdeaImportTaskModelBuilder$KotlinNativePlatformDependenciesKt: loaded 4 times (x 71B)
Class com.intellij.gradle.toolingExtension.impl.model.buildScriptClasspathModel.GradleBuildScriptClasspathModelBuilder: loaded 4 times (x 86B)
Class dagger.internal.codegen.componentgenerator.ComponentGeneratorModule             : loaded 4 times (x 70B)
Class dagger.spi.internal.shaded.auto.common.MoreTypes$ExecutableTypeVisitor          : loaded 4 times (x 102B)
Class dagger.internal.codegen.model.DaggerAnnotation                                  : loaded 4 times (x 76B)
Class org.jetbrains.kotlin.idea.gradleTooling.PrepareKotlinIdeaImportTaskModelBuilder$Messages: loaded 4 times (x 71B)
Class dagger.spi.internal.shaded.androidx.room.jarjarred.kotlinx.metadata.internal.metadata.ProtoBuf$Expression$ConstantValue$1: loaded 4 times (x 74B)
Class org.jetbrains.kotlin.idea.gradleTooling.model.kapt.KaptGradleModelImpl          : loaded 4 times (x 77B)
Class dagger.spi.internal.shaded.androidx.room.jarjarred.kotlinx.metadata.internal.extensions.KmTypeParameterExtension: loaded 4 times (x 70B)
Class dagger.internal.codegen.base.MapKeyAccessibility                                : loaded 4 times (x 71B)
Class dagger.spi.internal.shaded.kotlinx.metadata.KmTypeVisitor                       : loaded 4 times (x 82B)
Class dagger.spi.internal.shaded.kotlinx.metadata.internal.protobuf.WireFormat        : loaded 4 times (x 71B)
Class dagger.spi.internal.shaded.kotlinx.metadata.internal.extensions.KmClassExtension: loaded 4 times (x 70B)
Class dagger.spi.internal.shaded.androidx.room.jarjarred.kotlinx.metadata.internal.ReadersKt: loaded 4 times (x 71B)
Class dagger.spi.internal.shaded.androidx.room.jarjarred.kotlinx.metadata.jvm.internal.JvmClassExtension: loaded 4 times (x 93B)
Class com.google.common.collect.Maps$ViewCachingAbstractMap                           : loaded 4 times (x 125B)
Class dagger.hilt.android.processor.internal.viewmodel.ViewModelValidationPluginKt    : loaded 4 times (x 71B)
Class dagger.internal.codegen.validation.ProvidesMethodValidator                      : loaded 4 times (x 78B)
Class dagger.internal.codegen.DelegateComponentProcessor_SourceFileGeneratorsModule_FactoryGeneratorFactory: loaded 4 times (x 79B)
Class org.jetbrains.plugins.gradle.model.AbstractExternalDependency                   : loaded 4 times (x 106B)
Class dagger.spi.internal.shaded.androidx.room.compiler.processing.javac.JavacConstructorElement$kotlinMetadata$2: loaded 4 times (x 79B)
Class org.jetbrains.plugins.gradle.tooling.util.BiFunction                            : loaded 4 times (x 70B)
Class com.google.common.collect.AbstractMapBasedMultimap$WrappedList                  : loaded 4 times (x 205B)
Class dagger.spi.internal.shaded.androidx.room.jarjarred.kotlinx.metadata.internal.metadata.ProtoBuf$Function: loaded 4 times (x 149B)
Class dagger.spi.internal.shaded.androidx.room.compiler.processing.javac.JavacMethodElement$parameters$2$1$1: loaded 4 times (x 79B)
Class dagger.internal.codegen.bindinggraphvalidation.NullableBindingValidator_Factory : loaded 4 times (x 79B)
Class dagger.internal.codegen.compileroption.ProcessingEnvironmentCompilerOptions$EnumOption: loaded 4 times (x 70B)
Class com.google.devtools.ksp.symbol.KSNode                                           : loaded 4 times (x 70B)
Class dagger.spi.internal.shaded.androidx.room.compiler.processing.javac.JavacTypeElement$enclosingElement$2: loaded 4 times (x 79B)
Class dagger.hilt.processor.internal.originatingelement.OriginatingElementProcessor   : loaded 4 times (x 100B)
Class dagger.internal.codegen.compileroption.ProcessingEnvironmentCompilerOptions$Validation$1: loaded 4 times (x 93B)
Class dagger.internal.codegen.validation.BindingMethodValidator$ExceptionSuperclass   : loaded 4 times (x 81B)
Class org.jetbrains.kotlin.idea.gradleTooling.KotlinGradlePluginVersionImpl           : loaded 4 times (x 78B)
Class org.jetbrains.plugins.gradle.tooling.serialization.RepositoriesModelSerializationService$1: loaded 4 times (x 76B)
Class [Lcom.google.common.base.Function;                                              : loaded 4 times (x 69B)
Class dagger.spi.internal.shaded.auto.common.Overrides                                : loaded 4 times (x 72B)
Class dagger.internal.codegen.binding.FrameworkType$3                                 : loaded 4 times (x 71B)
Class dagger.internal.codegen.validation.BindsInstanceParameterValidator$Validator    : loaded 4 times (x 77B)
Class dagger.spi.internal.shaded.androidx.room.compiler.processing.javac.JavacDeclaredType$typeArguments$2: loaded 4 times (x 79B)
Class dagger.internal.codegen.binding.$AutoValue_OptionalBindingDeclaration           : loaded 4 times (x 75B)
Class dagger.internal.codegen.bindinggraphvalidation.DuplicateBindingsValidator       : loaded 4 times (x 85B)
Class dagger.spi.internal.shaded.androidx.room.jarjarred.kotlinx.metadata.internal.extensions.KmClassExtension: loaded 4 times (x 70B)
Class dagger.internal.codegen.binding.OptionalBindingDeclaration_Factory_Factory      : loaded 4 times (x 79B)
Class dagger.internal.codegen.binding.Binding                                         : loaded 4 times (x 83B)
Class dagger.internal.codegen.base.AutoValue_MapType                                  : loaded 4 times (x 80B)
Class com.squareup.javapoet.TypeName$2                                                : loaded 4 times (x 71B)
Class dagger.spi.internal.shaded.kotlinx.metadata.internal.extensions.MetadataExtensions: loaded 4 times (x 70B)
Class dagger.spi.internal.shaded.kotlinx.metadata.internal.extensions.MetadataExtensions$Companion$INSTANCES$2: loaded 4 times (x 78B)
Class dagger.spi.internal.shaded.kotlinx.metadata.internal.protobuf.GeneratedMessageLite$GeneratedExtension: loaded 4 times (x 79B)
Class dagger.spi.internal.shaded.androidx.room.jarjarred.kotlinx.metadata.internal.extensions.MetadataExtensions$Companion$INSTANCES$2: loaded 4 times (x 78B)
Class dagger.spi.internal.shaded.kotlinx.metadata.internal.metadata.jvm.deserialization.JvmMemberSignature: loaded 4 times (x 74B)
Class [Ldagger.spi.internal.shaded.androidx.room.jarjarred.kotlinx.metadata.internal.metadata.ProtoBuf$VersionRequirement$VersionKind;: loaded 4 times (x 69B)
Class dagger.spi.internal.shaded.kotlinx.metadata.internal.metadata.ProtoBuf$Package$1: loaded 4 times (x 144B)
Class dagger.spi.internal.shaded.kotlinx.metadata.internal.metadata.jvm.JvmProtoBuf$JvmPropertySignature$Builder: loaded 4 times (x 141B)
Class com.google.common.base.Predicates$CompositionPredicate                          : loaded 4 times (x 88B)
Class dagger.internal.codegen.processingstep.ComponentProcessingStep                  : loaded 4 times (x 86B)
Class dagger.spi.internal.shaded.androidx.room.jarjarred.kotlinx.metadata.internal.protobuf.GeneratedMessageLite$GeneratedExtension: loaded 4 times (x 79B)
Class dagger.internal.codegen.base.SourceFileGenerator                                : loaded 4 times (x 77B)
Class dagger.internal.codegen.binding.SourceFiles                                     : loaded 4 times (x 71B)
Class dagger.internal.codegen.DaggerDelegateComponentProcessor_Injector               : loaded 4 times (x 71B)
Class dagger.spi.internal.shaded.androidx.room.jarjarred.kotlinx.metadata.internal.extensions.KmFunctionExtension: loaded 4 times (x 70B)
Class dagger.hilt.android.processor.internal.bindvalue.BindValueProcessor             : loaded 4 times (x 100B)
Class dagger.spi.internal.shaded.auto.common.MoreTypes$ArrayTypeVisitor               : loaded 4 times (x 102B)
Class dagger.spi.internal.shaded.androidx.room.jarjarred.kotlinx.metadata.internal.metadata.jvm.JvmProtoBuf$JvmMethodSignature$1: loaded 4 times (x 144B)
Class dagger.spi.internal.shaded.androidx.room.compiler.processing.javac.kotlin.KmClassContainer$superTypes$2: loaded 4 times (x 79B)
Class dagger.spi.internal.shaded.kotlinx.metadata.jvm.JvmMetadataUtil                 : loaded 4 times (x 71B)
Class dagger.spi.internal.shaded.kotlinx.metadata.internal.metadata.jvm.deserialization.ClassMapperLite: loaded 4 times (x 71B)
Class dagger.spi.internal.shaded.kotlinx.metadata.jvm.JvmExtensionsKt                 : loaded 4 times (x 71B)
Class dagger.spi.internal.shaded.androidx.room.compiler.processing.javac.kotlin.JvmDescriptorUtilsKt: loaded 4 times (x 71B)
Class dagger.spi.internal.shaded.kotlinx.metadata.jvm.JvmPropertyExtensionVisitor$Companion: loaded 4 times (x 71B)
Class dagger.spi.internal.shaded.androidx.room.jarjarred.kotlinx.metadata.internal.protobuf.SmallSortedMap$EmptySet$1: loaded 4 times (x 78B)
Class com.android.ide.gradle.model.builder.GradlePropertiesModelBuilder               : loaded 4 times (x 75B)
Class org.jetbrains.kotlin.idea.gradleTooling.reflect.KotlinMultiplatformImportReflectionImpl$Companion: loaded 4 times (x 71B)
Class dagger.spi.internal.shaded.androidx.room.compiler.processing.InternalXAnnotationValue$Kind: loaded 4 times (x 79B)
Class dagger.spi.internal.shaded.kotlinx.metadata.FlagsKt                             : loaded 4 times (x 71B)
Class org.jetbrains.kotlin.idea.gradleTooling.KotlinTasksPropertyUtilsKt              : loaded 4 times (x 71B)
Class dagger.spi.internal.shaded.androidx.room.compiler.processing.XMemberContainer   : loaded 4 times (x 70B)
Class org.jetbrains.plugins.gradle.tooling.util.GradleContainerUtil                   : loaded 4 times (x 71B)
Class org.jetbrains.kotlin.idea.gradleTooling.model.allopen.AllOpenModel              : loaded 4 times (x 70B)
Class dagger.spi.internal.shaded.androidx.room.compiler.processing.javac.JavacAnnotationValue$1: loaded 4 times (x 79B)
Class dagger.spi.internal.shaded.androidx.room.compiler.processing.javac.JavacTypeElement$className$2: loaded 4 times (x 79B)
Class kotlin.reflect.jvm.internal.KCallableImpl                                       : loaded 4 times (x 105B)
Class dagger.hilt.android.processor.internal.androidentrypoint.AutoValue_AndroidEntryPointMetadata: loaded 4 times (x 92B)
Class org.jetbrains.kotlin.idea.gradleTooling.model.samWithReceiver.SamWithReceiverModel: loaded 4 times (x 70B)
Class com.intellij.openapi.externalSystem.model.project.dependencies.ProjectDependenciesImpl: loaded 4 times (x 77B)
Class com.intellij.gradle.toolingExtension.impl.model.buildScriptClasspathModel.GradleBuildScriptClasspathCache: loaded 4 times (x 75B)
Class dagger.internal.codegen.binding.FrameworkType$1                                 : loaded 4 times (x 84B)
Class dagger.spi.internal.shaded.kotlinx.metadata.internal.metadata.ProtoBuf$VersionRequirementTableOrBuilder: loaded 4 times (x 70B)
Class dagger.spi.internal.shaded.androidx.room.jarjarred.kotlinx.metadata.internal.BooleanFlagDelegate: loaded 4 times (x 72B)
Class dagger.internal.codegen.base.ComponentCreatorKind                               : loaded 4 times (x 79B)
Class dagger.internal.codegen.javapoet.TypeNames                                      : loaded 4 times (x 71B)
Class dagger.internal.codegen.validation.ModuleValidator_Factory                      : loaded 4 times (x 79B)
Class dagger.internal.codegen.validation.BindsOptionalOfMethodValidator_Factory       : loaded 4 times (x 79B)
Class org.jetbrains.plugins.gradle.model.DefaultGradleExtension                       : loaded 4 times (x 80B)
Class [Lcom.squareup.javapoet.LineWrapper$FlushType;                                  : loaded 4 times (x 69B)
Class dagger.spi.internal.shaded.androidx.room.jarjarred.kotlinx.metadata.internal.metadata.deserialization.Flags$EnumLiteFlagField: loaded 4 times (x 76B)
Class dagger.spi.internal.shaded.androidx.room.jarjarred.kotlinx.metadata.internal.metadata.ProtoBuf$Package: loaded 4 times (x 129B)
Class dagger.spi.internal.shaded.androidx.room.compiler.processing.javac.JavacExecutableElement: loaded 4 times (x 223B)
Class dagger.spi.internal.shaded.androidx.room.compiler.processing.javac.JavacMethodElement$executableType$2: loaded 4 times (x 79B)
Class dagger.spi.internal.shaded.androidx.room.compiler.processing.InternalXAnnotation: loaded 4 times (x 139B)
Class org.jetbrains.kotlin.idea.gradleTooling.reflect.KotlinCompilerArgumentsResolverReflectionImpl: loaded 4 times (x 75B)
Class dagger.spi.internal.shaded.androidx.room.jarjarred.kotlinx.metadata.internal.metadata.ProtoBuf$Package$1: loaded 4 times (x 144B)
Class kotlin.reflect.jvm.internal.ReflectProperties$LazyVal                           : loaded 4 times (x 75B)
Class dagger.spi.internal.shaded.androidx.room.jarjarred.kotlinx.metadata.internal.extensions.KmConstructorExtension: loaded 4 times (x 70B)
Class org.jetbrains.plugins.gradle.model.DefaultUnresolvedExternalDependency          : loaded 4 times (x 111B)
Class [Ldagger.spi.internal.shaded.androidx.room.jarjarred.kotlinx.metadata.internal.metadata.ProtoBuf$Modality;: loaded 4 times (x 69B)
Class kotlin.reflect.jvm.internal.KClassImpl$Data$typeParameters$2                    : loaded 4 times (x 79B)
Class dagger.hilt.processor.internal.kotlin.KotlinMetadataFactory_Factory$InstanceHolder: loaded 4 times (x 71B)
Class dagger.spi.internal.shaded.androidx.room.compiler.processing.javac.JavacArrayType$equalityItems$2: loaded 4 times (x 79B)
Class dagger.spi.internal.shaded.androidx.room.compiler.processing.javac.JavacProcessingEnv$WhenMappings: loaded 4 times (x 71B)
Class dagger.spi.internal.shaded.androidx.room.compiler.processing.javac.JavacTypeElement$superClass$2: loaded 4 times (x 79B)
Class dagger.internal.codegen.writing.InjectionMethods                                : loaded 4 times (x 71B)
Class com.squareup.javapoet.TypeName$1                                                : loaded 4 times (x 109B)
Class com.google.common.collect.ImmutableMap$MapViewOfValuesAsSingletonSets$1$1       : loaded 4 times (x 83B)
Class [Ldagger.hilt.android.processor.internal.androidentrypoint.AndroidEntryPointMetadata$AndroidType;: loaded 4 times (x 69B)
Class dagger.internal.codegen.binding.ComponentDescriptor$Factory                     : loaded 4 times (x 75B)
Class dagger.spi.model.BindingGraph$Edge                                              : loaded 4 times (x 70B)
Class dagger.spi.internal.shaded.androidx.room.compiler.processing.KClassExtKt        : loaded 4 times (x 71B)
Class [Lcom.google.common.cache.CacheBuilder$NullListener;                            : loaded 4 times (x 69B)
Class dagger.internal.codegen.base.ElementFormatter_Factory$InstanceHolder            : loaded 4 times (x 71B)
Class dagger.spi.internal.shaded.kotlinx.metadata.internal.metadata.jvm.deserialization.JvmMemberSignature$Field: loaded 4 times (x 75B)
Class dagger.spi.internal.shaded.kotlinx.metadata.KmClassExtensionVisitor             : loaded 4 times (x 70B)
Class dagger.spi.internal.shaded.kotlinx.metadata.internal.metadata.deserialization.ProtoTypeTableUtilKt: loaded 4 times (x 71B)
Class com.android.ide.gradle.model.builder.AndroidStudioToolingPluginKt               : loaded 4 times (x 71B)
Class dagger.internal.codegen.base.MapType                                            : loaded 4 times (x 80B)
Class [Ldagger.internal.codegen.validation.BindingElementValidator$AllowsScoping;     : loaded 4 times (x 69B)
Class dagger.internal.codegen.validation.BindingMethodValidator                       : loaded 4 times (x 78B)
Class dagger.internal.codegen.processingstep.MonitoringModuleProcessingStep_Factory   : loaded 4 times (x 79B)
Class dagger.internal.codegen.base.DaggerSuperficialValidation$ValidationException$UnknownErrorType: loaded 4 times (x 83B)
Class [Ldagger.internal.codegen.compileroption.ProcessingEnvironmentCompilerOptions$EnumOption;: loaded 4 times (x 69B)
Class dagger.internal.codegen.bindinggraphvalidation.InjectBindingValidator_Factory   : loaded 4 times (x 79B)
Class [Ldagger.internal.codegen.compileroption.ValidationType;                        : loaded 4 times (x 69B)
Class dagger.spi.internal.shaded.androidx.room.jarjarred.kotlinx.metadata.KmClass     : loaded 4 times (x 98B)
Class dagger.hilt.processor.internal.Processors                                       : loaded 4 times (x 71B)
Class dagger.spi.internal.shaded.kotlinx.metadata.jvm.KotlinClassMetadata             : loaded 4 times (x 72B)
Class dagger.spi.internal.shaded.kotlinx.metadata.internal.metadata.ProtoBuf$Contract : loaded 4 times (x 107B)
Class dagger.hilt.processor.internal.uninstallmodules.UninstallModulesProcessor       : loaded 4 times (x 100B)
Class dagger.spi.internal.shaded.androidx.room.compiler.processing.XMessager          : loaded 4 times (x 73B)
Class dagger.spi.internal.shaded.androidx.room.compiler.processing.javac.JavacMethodElement$name$2: loaded 4 times (x 79B)
Class dagger.spi.internal.shaded.androidx.room.jarjarred.kotlinx.metadata.internal.protobuf.AbstractMessageLite: loaded 4 times (x 98B)
Class dagger.internal.codegen.binding.FrameworkType$2                                 : loaded 4 times (x 84B)
Class com.google.common.base.Splitter                                                 : loaded 4 times (x 72B)
Class dagger.spi.internal.shaded.androidx.room.jarjarred.kotlinx.metadata.internal.metadata.jvm.JvmProtoBuf$StringTableTypesOrBuilder: loaded 4 times (x 70B)
Class dagger.internal.codegen.writing.AnnotationCreatorGenerator_Factory              : loaded 4 times (x 79B)
Class dagger.internal.codegen.processingstep.MultibindingAnnotationsProcessingStep_Factory: loaded 4 times (x 79B)
Class dagger.internal.codegen.binding.ComponentDescriptor                             : loaded 4 times (x 87B)
Class dagger.spi.internal.shaded.kotlinx.metadata.internal.protobuf.FieldSet$1        : loaded 4 times (x 71B)
Class dagger.spi.internal.shaded.androidx.room.jarjarred.kotlinx.metadata.Attributes$visibility$2: loaded 4 times (x 137B)
Class dagger.internal.codegen.processingstep.SuperficialValidator_Factory             : loaded 4 times (x 79B)
Class dagger.internal.codegen.base.UniqueNameSet                                      : loaded 4 times (x 72B)
Class org.jetbrains.plugins.gradle.model.scala.ScalaModel                             : loaded 4 times (x 70B)
Class com.intellij.openapi.externalSystem.model.project.dependencies.ProjectDependencyNodeImpl: loaded 4 times (x 93B)
Class org.jetbrains.plugins.gradle.tooling.internal.ClasspathEntryModelImpl           : loaded 4 times (x 80B)
Class com.google.common.cache.AbstractCache$StatsCounter                              : loaded 4 times (x 70B)
Class com.google.common.base.AbstractIterator                                         : loaded 4 times (x 80B)
Class dagger.hilt.processor.internal.root.ComponentTreeDepsProcessingStep             : loaded 4 times (x 87B)
Class dagger.spi.internal.shaded.kotlinx.metadata.internal.metadata.jvm.JvmProtoBuf$StringTableTypes$RecordOrBuilder: loaded 4 times (x 70B)
Class [Ldagger.spi.internal.shaded.androidx.room.jarjarred.kotlinx.metadata.internal.metadata.ProtoBuf$Type$Argument$Projection;: loaded 4 times (x 69B)
Class [Lnet.ltgt.gradle.incap.IncrementalAnnotationProcessorType;                     : loaded 4 times (x 69B)
Class dagger.spi.internal.shaded.androidx.room.jarjarred.kotlinx.metadata.KmProperty  : loaded 4 times (x 81B)
Class dagger.internal.codegen.base.RequestKinds$1                                     : loaded 4 times (x 71B)
Class dagger.internal.codegen.base.DaggerSuperficialValidation$1                      : loaded 4 times (x 71B)
Class [Ldagger.internal.codegen.validation.ValidationBindingGraphPlugin;              : loaded 4 times (x 69B)
Class dagger.internal.codegen.binding.ModuleDescriptor$Factory                        : loaded 4 times (x 75B)
Class dagger.internal.codegen.processingstep.BindsInstanceProcessingStep_Factory      : loaded 4 times (x 79B)
Class dagger.internal.codegen.validation.BindingMethodValidator$ExceptionSuperclass$1 : loaded 4 times (x 81B)
Class dagger.internal.codegen.writing.UnwrappedMapKeyGenerator                        : loaded 4 times (x 80B)
Class dagger.spi.internal.shaded.androidx.room.compiler.processing.XExecutableType    : loaded 4 times (x 70B)
Class dagger.internal.codegen.bindinggraphvalidation.SetMultibindingValidator_Factory$InstanceHolder: loaded 4 times (x 71B)
Class dagger.internal.codegen.bindinggraphvalidation.MissingBindingValidator_Factory  : loaded 4 times (x 79B)
Class dagger.internal.codegen.binding.ModuleDescriptor_Factory_Factory                : loaded 4 times (x 79B)
Class dagger.internal.codegen.binding.DelegateDeclaration_Factory_Factory             : loaded 4 times (x 79B)
Class dagger.internal.codegen.DelegateComponentProcessor                              : loaded 4 times (x 72B)
Class dagger.spi.internal.shaded.androidx.room.compiler.processing.javac.JavacMethodParameter: loaded 4 times (x 225B)
Class dagger.internal.codegen.validation.ValidationBindingGraphPlugins_Factory        : loaded 4 times (x 79B)
Class dagger.spi.internal.shaded.androidx.room.compiler.processing.javac.kotlin.KotlinClassMetadataUtilsKt: loaded 4 times (x 71B)
Class kotlin.reflect.jvm.internal.KMutableProperty1Impl$_setter$1                     : loaded 4 times (x 79B)
Class dagger.spi.internal.shaded.androidx.room.jarjarred.kotlinx.metadata.internal.protobuf.RopeByteString: loaded 4 times (x 110B)
Class com.squareup.javapoet.TypeSpec                                                  : loaded 4 times (x 72B)
Class dagger.internal.codegen.validation.InjectValidator                              : loaded 4 times (x 75B)
Class dagger.spi.internal.shaded.kotlinx.metadata.jvm.JvmPropertyExtensionVisitor     : loaded 4 times (x 82B)
Class kotlin.reflect.jvm.internal.KProperty1Impl$_getter$1                            : loaded 4 times (x 79B)
Class com.android.ide.gradle.model.builder.LegacyAndroidGradlePluginPropertiesModelBuilder$VariantCollectionProvider: loaded 4 times (x 72B)
Class org.jetbrains.plugins.gradle.tooling.util.BooleanBiFunction                     : loaded 4 times (x 70B)
Class com.intellij.openapi.externalSystem.model.project.dependencies.DependencyNode   : loaded 4 times (x 70B)
Class dagger.spi.internal.shaded.kotlinx.metadata.KmConstructor                       : loaded 4 times (x 77B)
Class com.intellij.gradle.toolingExtension.impl.model.sourceSetArtifactIndex.GradleSourceSetArtifactIndex: loaded 4 times (x 78B)
Class org.jetbrains.kotlin.idea.gradleTooling.KotlinMPPGradleModelBinary              : loaded 4 times (x 70B)
Class dagger.spi.internal.shaded.kotlinx.metadata.KmClassVisitor                      : loaded 4 times (x 92B)
Class com.intellij.openapi.externalSystem.model.project.dependencies.ArtifactDependencyNode: loaded 4 times (x 70B)
Class dagger.MembersInjector                                                          : loaded 4 times (x 70B)
Class dagger.internal.codegen.base.AutoValue_ModuleAnnotation                         : loaded 4 times (x 76B)
Class dagger.internal.codegen.validation.InjectBindingRegistryImpl                    : loaded 4 times (x 81B)
Class dagger.spi.internal.shaded.androidx.room.jarjarred.kotlinx.metadata.internal.metadata.ProtoBuf$Annotation$1: loaded 4 times (x 144B)
Class dagger.spi.internal.shaded.androidx.room.jarjarred.kotlinx.metadata.internal.FlagDelegatesImplKt$classBooleanFlag$1: loaded 4 times (x 137B)
Class kotlin.reflect.jvm.internal.impl.name.FqNameUnsafe$1                            : loaded 4 times (x 74B)
Class dagger.internal.codegen.writing.ProducerFactoryGenerator_Factory                : loaded 4 times (x 79B)
Class dagger.hilt.android.processor.internal.androidentrypoint.Generators             : loaded 4 times (x 71B)
Class dagger.internal.codegen.binding.MembersInjectionBinding                         : loaded 4 times (x 85B)
Class dagger.internal.codegen.model.BindingGraph                                      : loaded 4 times (x 93B)
Class dagger.spi.internal.shaded.kotlinx.metadata.internal.protobuf.MessageLite$Builder: loaded 4 times (x 70B)
Class dagger.spi.internal.shaded.kotlinx.metadata.internal.metadata.deserialization.VersionRequirementTable: loaded 4 times (x 72B)
Class dagger.spi.internal.shaded.kotlinx.metadata.KmClassifier                        : loaded 4 times (x 71B)
Class dagger.spi.internal.shaded.androidx.room.jarjarred.kotlinx.metadata.internal.metadata.ProtoBuf$Expression$ConstantValue: loaded 4 times (x 82B)
Class dagger.spi.internal.shaded.androidx.room.jarjarred.kotlinx.metadata.internal.metadata.ProtoBuf$Type$Argument$Projection$1: loaded 4 times (x 74B)
Class dagger.spi.internal.shaded.kotlinx.metadata.jvm.internal.JvmFunctionExtension   : loaded 4 times (x 85B)
Class dagger.internal.codegen.model.AutoValue_Key_MultibindingContributionIdentifier  : loaded 4 times (x 74B)
Class com.google.common.collect.Sets$FilteredSet                                      : loaded 4 times (x 137B)
Class dagger.internal.codegen.validation.BindingMethodValidator$ExceptionSuperclass$2 : loaded 4 times (x 81B)
Class dagger.internal.codegen.base.ContributionType$HasContributionType               : loaded 4 times (x 70B)
Class dagger.internal.codegen.kotlin.KotlinMetadataUtil                               : loaded 4 times (x 72B)
Class dagger.internal.codegen.binding.BindingDeclarationFormatter_Factory             : loaded 4 times (x 79B)
Class dagger.hilt.android.processor.internal.bindvalue.AutoValue_BindValueMetadata    : loaded 4 times (x 74B)
Class dagger.spi.internal.shaded.androidx.room.jarjarred.kotlinx.metadata.internal.extensions.MetadataExtensions: loaded 4 times (x 70B)
Class kotlin.annotation.Repeatable                                                    : loaded 4 times (x 70B)
Class dagger.internal.codegen.base.ModuleAnnotation                                   : loaded 4 times (x 76B)
Class dagger.spi.internal.shaded.androidx.room.compiler.processing.XType              : loaded 4 times (x 70B)
Class [Ldagger.spi.internal.shaded.androidx.room.jarjarred.kotlinx.metadata.internal.protobuf.WireFormat$JavaType;: loaded 4 times (x 69B)
Class [Ldagger.spi.internal.shaded.androidx.room.compiler.processing.InternalXAnnotationValue$Kind;: loaded 4 times (x 69B)
Class dagger.internal.codegen.xprocessing.XAnnotationValues$1                         : loaded 4 times (x 84B)
Class dagger.spi.internal.shaded.androidx.room.compiler.processing.javac.JavacMethodElement$returnType$2: loaded 4 times (x 79B)
Class dagger.spi.internal.shaded.androidx.room.compiler.processing.javac.JavacType$xTypeName$2: loaded 4 times (x 79B)
Class com.squareup.javapoet.JavaFile                                                  : loaded 4 times (x 72B)
Class com.squareup.javapoet.ClassName$1                                               : loaded 4 times (x 97B)
Class [Ldagger.internal.codegen.base.ClearableCache;                                  : loaded 4 times (x 69B)
Class dagger.spi.internal.shaded.androidx.room.compiler.processing.javac.JavacAnnotation$type$2: loaded 4 times (x 79B)
Class dagger.spi.internal.shaded.androidx.room.compiler.processing.InternalXAnnotated : loaded 4 times (x 70B)
Class dagger.spi.internal.shaded.androidx.room.jarjarred.kotlinx.metadata.jvm.KotlinClassMetadata$Companion: loaded 4 times (x 71B)
Class dagger.spi.internal.shaded.androidx.room.compiler.processing.XBasicAnnotationProcessor: loaded 4 times (x 70B)
Class com.google.common.base.Ticker                                                   : loaded 4 times (x 72B)
Class org.jetbrains.kotlin.idea.gradleTooling.UtilsKt                                 : loaded 4 times (x 71B)
Class org.jetbrains.kotlin.idea.gradleTooling.KotlinDslScriptTaskModelBuilder         : loaded 4 times (x 86B)
Class com.google.common.cache.CacheBuilder$2                                          : loaded 4 times (x 79B)
Class com.google.common.cache.LocalCache                                              : loaded 4 times (x 187B)
Class dagger.spi.internal.shaded.androidx.room.compiler.processing.javac.kotlin.KmClassContainer$propertyList$2: loaded 4 times (x 79B)
Class com.squareup.kotlinpoet.UtilKt$escapeSegmentsIfNecessary$2                      : loaded 4 times (x 78B)
Class dagger.internal.codegen.validation.InjectBindingRegistryImpl$BindingsCollection : loaded 4 times (x 72B)
Class org.jetbrains.plugins.gradle.tooling.builder.WarModelBuilderImplKt              : loaded 4 times (x 71B)
Class com.google.common.cache.CacheStats                                              : loaded 4 times (x 71B)
Class dagger.spi.internal.shaded.kotlinx.metadata.jvm.internal.JvmExtensionNodesKt    : loaded 4 times (x 71B)
Class [Ldagger.spi.internal.shaded.kotlinx.metadata.internal.protobuf.Internal$EnumLite;: loaded 4 times (x 69B)
Class dagger.spi.internal.shaded.kotlinx.metadata.internal.metadata.ProtoBuf$ValueParameter$1: loaded 4 times (x 144B)
Class dagger.spi.internal.shaded.kotlinx.metadata.internal.protobuf.ExtensionRegistryLite: loaded 4 times (x 74B)
Class dagger.spi.internal.shaded.kotlinx.metadata.internal.metadata.jvm.deserialization.JvmNameResolver: loaded 4 times (x 80B)
Class dagger.internal.codegen.binding.BindingDeclarationFormatter                     : loaded 4 times (x 86B)
Class dagger.internal.codegen.binding.$AutoValue_ComponentDescriptor                  : loaded 4 times (x 89B)
Class dagger.internal.codegen.binding.AutoValue_MultibindingDeclaration               : loaded 4 times (x 79B)
Class dagger.internal.codegen.validation.BindingMethodValidator$ExceptionSuperclass$3 : loaded 4 times (x 81B)
Class dagger.spi.internal.shaded.androidx.room.compiler.processing.javac.JavacArrayType$xTypeName$2: loaded 4 times (x 79B)
Class dagger.hilt.android.processor.internal.androidentrypoint.AndroidEntryPointMetadata$Type: loaded 4 times (x 72B)
Class dagger.spi.internal.shaded.androidx.room.compiler.processing.XExecutableElement : loaded 4 times (x 70B)
Class dagger.spi.internal.shaded.androidx.room.compiler.processing.XConstructorElement: loaded 4 times (x 70B)
Class dagger.spi.internal.shaded.androidx.room.compiler.processing.XHasModifiers      : loaded 4 times (x 70B)
Class dagger.spi.internal.shaded.kotlinx.metadata.internal.protobuf.Internal$EnumLite : loaded 4 times (x 70B)
Class dagger.hilt.android.processor.internal.bindvalue.BindValueProcessingStep        : loaded 4 times (x 87B)
Class org.jetbrains.plugins.gradle.model.DefaultExternalProjectDependency             : loaded 4 times (x 120B)
Class org.jetbrains.kotlin.tooling.core.InternerKt                                    : loaded 4 times (x 71B)
Class dagger.internal.codegen.validation.MapKeyValidator_Factory                      : loaded 4 times (x 79B)
Class dagger.spi.internal.shaded.kotlinx.metadata.internal.protobuf.AbstractMessageLite$Builder: loaded 4 times (x 122B)
Class org.jetbrains.plugins.gradle.tooling.builder.IntelliJProjectSettingsBuilder     : loaded 4 times (x 78B)
Class org.jetbrains.plugins.gradle.model.DefaultExternalTask                          : loaded 4 times (x 83B)
Class dagger.spi.internal.shaded.androidx.room.compiler.processing.javac.JavacBasicAnnotationProcessor$2: loaded 4 times (x 79B)
Class dagger.spi.internal.shaded.androidx.room.compiler.processing.util.MemoizedSequence: loaded 4 times (x 75B)
Class dagger.spi.internal.shaded.auto.common.MoreTypes$TypeVariableVisitor            : loaded 4 times (x 102B)
Class org.jetbrains.kotlin.idea.gradleTooling.AbstractKotlinGradleModelBuilder        : loaded 4 times (x 81B)
Class kotlin.reflect.jvm.internal.pcollections.MapEntry                               : loaded 4 times (x 72B)
Class kotlin.reflect.jvm.internal.KCallableImpl$_typeParameters$1                     : loaded 4 times (x 79B)
Class dagger.spi.internal.shaded.auto.common.AnnotationMirrors                        : loaded 4 times (x 71B)
Class dagger.spi.internal.shaded.androidx.room.compiler.processing.XTypeKt            : loaded 4 times (x 71B)
Class dagger.spi.internal.shaded.androidx.room.compiler.processing.XMethodElement     : loaded 4 times (x 70B)
Class dagger.spi.internal.shaded.androidx.room.compiler.processing.javac.JavacMethodElement$typeParameters$2: loaded 4 times (x 79B)
Class dagger.spi.internal.shaded.kotlinx.metadata.internal.metadata.ProtoBuf$Modality$1: loaded 4 times (x 74B)
Class dagger.spi.internal.shaded.kotlinx.metadata.jvm.KotlinClassMetadata$Companion   : loaded 4 times (x 71B)
Class [Ldagger.spi.internal.shaded.androidx.room.jarjarred.kotlinx.metadata.internal.metadata.ProtoBuf$Expression$ConstantValue;: loaded 4 times (x 69B)
Class dagger.internal.DaggerGenerated                                                 : loaded 4 times (x 70B)
Class dagger.internal.codegen.kotlin.KotlinMetadata$FunctionMetadata                  : loaded 3 times (x 76B)
Class kotlin.comparisons.ComparisonsKt___ComparisonsKt                                : loaded 3 times (x 71B)
Class kotlin.comparisons.ComparisonsKt                                                : loaded 3 times (x 71B)
Class kotlin.sequences.FilteringSequence                                              : loaded 3 times (x 75B)
Class com.google.common.collect.AbstractRangeSet                                      : loaded 3 times (x 114B)
Class com.google.common.cache.CacheBuilder$3                                          : loaded 3 times (x 72B)
Class com.google.common.collect.AbstractMapBasedMultimap$2                            : loaded 3 times (x 85B)
Class kotlin.comparisons.ComparisonsKt__ComparisonsKt                                 : loaded 3 times (x 71B)
Class com.google.common.collect.Maps$FilteredEntryMap$EntrySet                        : loaded 3 times (x 152B)
Class com.google.common.collect.RegularImmutableBiMap$Inverse                         : loaded 3 times (x 143B)
Class org.gradle.api.GradleException                                                  : loaded 3 times (x 82B)
Class com.google.common.collect.ImmutableRangeSet$Builder                             : loaded 3 times (x 77B)
Class com.google.common.collect.Lists$ReverseList$1                                   : loaded 3 times (x 99B)
Class [Lcom.google.common.collect.Iterators$EmptyModifiableIterator;                  : loaded 3 times (x 69B)
Class dagger.internal.codegen.kotlin.AutoValue_KotlinMetadata_FunctionMetadata$Builder: loaded 3 times (x 82B)
Class com.google.common.base.Functions                                                : loaded 3 times (x 71B)
Class kotlin.io.FilePathComponents                                                    : loaded 3 times (x 72B)
Class com.google.common.collect.Multimaps$Entries                                     : loaded 3 times (x 118B)
Class kotlin.io.FilesKt                                                               : loaded 3 times (x 71B)
Class com.google.common.collect.Maps$AsMapView$1EntrySetImpl                          : loaded 3 times (x 138B)
Class kotlin.io.FileSystemException                                                   : loaded 3 times (x 82B)
Class com.google.common.collect.Maps$3                                                : loaded 3 times (x 82B)
Class com.google.common.base.Splitter$1$1                                             : loaded 3 times (x 86B)
Class dagger.internal.codegen.kotlin.KotlinMetadata$PropertyMetadata                  : loaded 3 times (x 77B)
Class dagger.internal.codegen.kotlin.KotlinMetadata$BaseMetadata                      : loaded 3 times (x 74B)
Class dagger.internal.codegen.kotlin.KotlinMetadata                                   : loaded 3 times (x 78B)
Class org.gradle.internal.IoActions                                                   : loaded 3 times (x 71B)
Class com.google.common.collect.Lists$ReverseList                                     : loaded 3 times (x 200B)
Class ijKotlinCoroutineJvmDebugInit1_aysb0nqvm92jr999mksyl9gft$_run_closure1          : loaded 3 times (x 139B)
Class dagger.internal.codegen.writing.InjectionMethods$1                              : loaded 3 times (x 71B)
Class com.google.common.collect.Lists$RandomAccessReverseList                         : loaded 3 times (x 200B)
Class [Lkotlin.Pair;                                                                  : loaded 3 times (x 69B)
Class kotlin.io.FilesKt__FileReadWriteKt                                              : loaded 3 times (x 71B)
Class com.google.common.base.Enums                                                    : loaded 3 times (x 71B)
Class dagger.internal.codegen.kotlin.AutoValue_KotlinMetadata_ClassMetadata           : loaded 3 times (x 79B)
Class dagger.internal.codegen.kotlin.KotlinMetadata$FunctionMetadata$Builder          : loaded 3 times (x 81B)
Class com.google.common.collect.Maps$AsMapView                                        : loaded 3 times (x 127B)
Class com.google.common.collect.ImmutableRangeSet$ComplementRanges                    : loaded 3 times (x 207B)
Class dagger.internal.codegen.binding.AutoValue_MembersInjectionBinding               : loaded 3 times (x 85B)
Class com.google.common.base.Functions$ConstantFunction                               : loaded 3 times (x 84B)
Class ijJvmDebugger1_a2opdec2q4egr5c7tsqlipra6                                        : loaded 3 times (x 171B)
Class com.google.common.collect.ForwardingSet                                         : loaded 3 times (x 151B)
Class kotlin.io.FilesKt__UtilsKt                                                      : loaded 3 times (x 71B)
Class dagger.hilt.processor.internal.root.AutoValue_Root                              : loaded 3 times (x 78B)
Class com.google.common.collect.AbstractMapBasedMultiset                              : loaded 3 times (x 163B)
Class com.google.common.collect.Count                                                 : loaded 3 times (x 71B)
Class com.google.common.collect.FluentIterable$3$1                                    : loaded 3 times (x 98B)
Class dagger.internal.codegen.base.Keys                                               : loaded 3 times (x 71B)
Class com.google.common.collect.LinkedHashMultimap$ValueSet$1                         : loaded 3 times (x 82B)
Class dagger.internal.codegen.kotlin.KotlinMetadata$MethodForAnnotations              : loaded 3 times (x 72B)
Class com.google.common.collect.HashMultiset                                          : loaded 3 times (x 163B)
Class [Ldagger.internal.codegen.binding.MembersInjectionBinding$InjectionSite$Kind;   : loaded 3 times (x 69B)
Class com.google.common.collect.Maps$FilteredEntryMap$EntrySet$1                      : loaded 3 times (x 82B)
Class com.google.common.collect.AbstractMapBasedMultimap$AsMap$AsMapIterator          : loaded 3 times (x 83B)
Class com.google.common.collect.AbstractMultimap$Entries                              : loaded 3 times (x 120B)
Class kotlin.io.FileAlreadyExistsException                                            : loaded 3 times (x 82B)
Class ijJvmDebugger1_a2opdec2q4egr5c7tsqlipra6$_run_closure1$_closure2                : loaded 3 times (x 140B)
Class com.google.common.collect.RangeGwtSerializationDependencies                     : loaded 3 times (x 71B)
Class dagger.internal.codegen.kotlin.$AutoValue_KotlinMetadata                        : loaded 3 times (x 80B)
Class dagger.internal.codegen.writing.InjectionMethods$InjectionSiteMethod            : loaded 3 times (x 71B)
Class ijJvmDebugger1_a2opdec2q4egr5c7tsqlipra6$_run_closure1                          : loaded 3 times (x 139B)
Class com.google.common.collect.AbstractMapBasedMultimap$Itr                          : loaded 3 times (x 83B)
Class com.google.common.collect.RangeSet                                              : loaded 3 times (x 70B)
Class com.google.common.collect.HashMultimapGwtSerializationDependencies              : loaded 3 times (x 174B)
Class dagger.internal.codegen.kotlin.AutoValue_KotlinMetadata_ClassMetadata$Builder   : loaded 3 times (x 86B)
Class com.google.common.collect.Range                                                 : loaded 3 times (x 87B)
Class kotlin.collections.AbstractIterator                                             : loaded 3 times (x 83B)
Class com.google.common.collect.ImmutableRangeSet$1                                   : loaded 3 times (x 209B)
Class kotlin.io.FilesKt__FilePathComponentsKt                                         : loaded 3 times (x 71B)
Class kotlin.io.TerminateException                                                    : loaded 3 times (x 82B)
Class kotlin.sequences.TransformingSequence$iterator$1                                : loaded 3 times (x 79B)
Class com.google.common.collect.Iterators$ConcatenatedIterator                        : loaded 3 times (x 82B)
Class dagger.internal.codegen.kotlin.KotlinMetadata$ClassMetadata$Builder             : loaded 3 times (x 85B)
Class kotlin.comparisons.ComparisonsKt___ComparisonsJvmKt                             : loaded 3 times (x 71B)
Class ijKotlinCoroutineJvmDebugInit1_aysb0nqvm92jr999mksyl9gft                        : loaded 3 times (x 171B)
Class com.google.common.collect.HashMultimap                                          : loaded 3 times (x 174B)
Class com.google.common.collect.ImmutableMapEntry$NonTerminalImmutableBiMapEntry      : loaded 3 times (x 85B)
Class com.google.common.collect.ImmutableRangeSet$AsSet                               : loaded 3 times (x 299B)
Class dagger.hilt.processor.internal.root.AggregatedRootGenerator                     : loaded 3 times (x 72B)
Class Build_gradle                                                                    : loaded 3 times (x 126B)
Class com.google.common.collect.Multisets$EntrySet                                    : loaded 3 times (x 136B)
Class com.google.common.collect.AbstractMultiset                                      : loaded 3 times (x 159B)
Class dagger.internal.codegen.kotlin.AutoValue_KotlinMetadata_ValueParameterMetadata  : loaded 3 times (x 75B)
Class dagger.internal.codegen.kotlin.AutoValue_KotlinMetadata_PropertyMetadata$Builder: loaded 3 times (x 82B)
Class dagger.hilt.processor.internal.root.Root                                        : loaded 3 times (x 77B)
Class dagger.internal.codegen.kotlin.AutoValue_KotlinMetadata                         : loaded 3 times (x 80B)
Class com.google.common.collect.Iterators$EmptyModifiableIterator                     : loaded 3 times (x 86B)
Class com.google.common.collect.ImmutableRangeSet                                     : loaded 3 times (x 115B)
Class com.google.common.collect.AbstractIterator$1                                    : loaded 3 times (x 71B)
Class com.google.common.base.Enums$StringConverter                                    : loaded 3 times (x 90B)
Class com.google.common.collect.Maps$FilteredEntryMap                                 : loaded 3 times (x 128B)
Class dagger.internal.codegen.kotlin.KotlinMetadata$BaseMetadata$Builder              : loaded 3 times (x 70B)
Class kotlin.io.NoSuchFileException                                                   : loaded 3 times (x 82B)
Class com.google.common.collect.AbstractTable                                         : loaded 3 times (x 120B)
Class kotlin.sequences.TransformingSequence                                           : loaded 3 times (x 75B)
Class ijKotlinCoroutineJvmDebugInit1_aysb0nqvm92jr999mksyl9gft$_run_closure1$_closure2: loaded 3 times (x 139B)
Class com.google.common.collect.Maps$FilteredKeyMap                                   : loaded 3 times (x 128B)
Class dagger.internal.codegen.compileroption.ValidationType$1                         : loaded 3 times (x 71B)
Class dagger.internal.codegen.binding.$AutoValue_MembersInjectionBinding              : loaded 3 times (x 85B)
Class dagger.internal.codegen.kotlin.KotlinMetadata$PropertyMetadata$Builder          : loaded 3 times (x 70B)
Class kotlin.reflect.jvm.internal.pcollections.ConsPStack$Itr                         : loaded 3 times (x 82B)
Class org.gradle.internal.Cast                                                        : loaded 3 times (x 71B)
Class org.gradle.api.Action                                                           : loaded 3 times (x 70B)
Class com.google.common.collect.AbstractMultiset$EntrySet                             : loaded 3 times (x 138B)
Class kotlin.io.FilesKt__FileTreeWalkKt                                               : loaded 3 times (x 71B)
Class kotlin.sequences.FilteringSequence$iterator$1                                   : loaded 3 times (x 79B)
Class dagger.internal.codegen.kotlin.AutoValue_KotlinMetadata_PropertyMetadata        : loaded 3 times (x 78B)
Class dagger.internal.codegen.kotlin.KotlinMetadata$ClassMetadata                     : loaded 3 times (x 78B)
Class dagger.internal.codegen.kotlin.AutoValue_KotlinMetadata_FunctionMetadata        : loaded 3 times (x 77B)
Class dagger.internal.codegen.kotlin.KotlinMetadata$ValueParameterMetadata            : loaded 3 times (x 74B)
Class com.google.common.collect.FilteredKeySetMultimap                                : loaded 2 times (x 202B)
Class com.google.common.collect.FilteredKeyMultimap                                   : loaded 2 times (x 154B)
Class dagger.spi.model.$AutoValue_ComponentPath                                       : loaded 2 times (x 74B)
Class dagger.internal.codegen.base.ComponentKind                                      : loaded 2 times (x 79B)
Class dagger.internal.codegen.writing.AssistedFactoryRequestRepresentation_Factory_Impl: loaded 2 times (x 75B)
Class dagger.internal.codegen.writing.ProviderInstanceRequestRepresentation           : loaded 2 times (x 76B)
Class org.gradle.tooling.model.idea.IdeaDependency                                    : loaded 2 times (x 70B)
Class kotlin.sequences.FlatteningSequence$iterator$1                                  : loaded 2 times (x 79B)
Class Settings_gradle                                                                 : loaded 2 times (x 124B)
Class com.google.common.collect.ImmutableList$SerializedForm                          : loaded 2 times (x 73B)
Class dagger.internal.codegen.binding.ConfigurationAnnotations                        : loaded 2 times (x 71B)
Class dagger.spi.model.AutoValue_Key                                                  : loaded 2 times (x 80B)
Class dagger.internal.codegen.validation.SpiModelBindingGraphConverter$DependencyEdgeImpl: loaded 2 times (x 78B)
Class [Ldagger.internal.codegen.writing.ComponentImplementation$MethodSpecKind;       : loaded 2 times (x 69B)
Class org.gradle.internal.classloader.VisitableURLClassLoader                         : loaded 2 times (x 117B)
Class org.gradle.tooling.internal.adapter.ProtocolToModelAdapter$ViewGraphDetails$1   : loaded 2 times (x 77B)
Class org.objectweb.asm.Attribute                                                     : loaded 2 times (x 77B)
Class com.android.ide.common.gradle.Version$Companion$ParseState                      : loaded 2 times (x 70B)
Class [Lcom.android.builder.model.v2.ide.AaptOptions$Namespacing;                     : loaded 2 times (x 69B)
Class [Lorg.objectweb.asm.Label;                                                      : loaded 2 times (x 69B)
Class kotlin.io.FileTreeWalk$DirectoryState                                           : loaded 2 times (x 73B)
Class dagger.spi.internal.shaded.kotlinx.metadata.jvm.JvmTypeParameterExtensionVisitor$Companion: loaded 2 times (x 71B)
Class dagger.spi.internal.shaded.kotlinx.metadata.KmClassifier$TypeParameter          : loaded 2 times (x 71B)
Class dagger.internal.codegen.binding.BindingGraphFactory$LegacyBindingGraph          : loaded 2 times (x 72B)
Class dagger.internal.codegen.writing.ComponentProvisionRequestRepresentation_Factory_Impl: loaded 2 times (x 75B)
Class dagger.internal.codegen.writing.MapFactoryCreationExpression_Factory            : loaded 2 times (x 72B)
Class dagger.internal.codegen.writing.ProviderInstanceRequestRepresentation$Factory   : loaded 2 times (x 70B)
Class com.google.common.collect.MapMakerInternalMap                                   : loaded 2 times (x 161B)
Class com.android.builder.model.v2.ide.AaptOptions                                    : loaded 2 times (x 70B)
Class [Lcom.android.builder.model.v2.ide.BytecodeTransformation;                      : loaded 2 times (x 69B)
Class com.google.common.collect.HashBiMap                                             : loaded 2 times (x 143B)
Class com.android.ide.common.gradle.Version$Companion                                 : loaded 2 times (x 71B)
Class com.google.common.base.Strings                                                  : loaded 2 times (x 71B)
Class org.objectweb.asm.Handler                                                       : loaded 2 times (x 72B)
Class jdk.internal.jimage.decompressor.ZipDecompressor                                : loaded 2 times (x 75B)
Class [Ldagger.internal.codegen.writing.ComponentImplementation$TypeSpecKind;         : loaded 2 times (x 69B)
Class dagger.internal.codegen.componentgenerator.CurrentImplementationSubcomponent_ChildComponentImplementationFactoryModule_ProvideChildComponentImplementationFactoryFactory: loaded 2 times (x 79B)
Class dagger.internal.codegen.writing.DelegatingFrameworkInstanceCreationExpression_Factory: loaded 2 times (x 72B)
Class dagger.internal.codegen.writing.DirectInstanceBindingRepresentation_Factory     : loaded 2 times (x 72B)
Class org.gradle.api.internal.classpath.Module$ModuleAlias                            : loaded 2 times (x 70B)
Class org.gradle.tooling.internal.adapter.ProtocolToModelAdapter$DefaultViewBuilder   : loaded 2 times (x 80B)
Class Settings_gradle$1$1                                                             : loaded 2 times (x 74B)
Class com.google.common.graph.AbstractNetwork                                         : loaded 2 times (x 139B)
Class com.google.common.util.concurrent.AbstractFuture$Listener                       : loaded 2 times (x 72B)
Class [Lcom.android.builder.model.v2.ide.ProjectType;                                 : loaded 2 times (x 69B)
Class org.objectweb.asm.RecordComponentWriter                                         : loaded 2 times (x 78B)
Class com.google.common.io.Closer$Suppressor                                          : loaded 2 times (x 70B)
Class com.google.common.io.LineProcessor                                              : loaded 2 times (x 70B)
Class dagger.hilt.processor.internal.root.RootGenerator                               : loaded 2 times (x 72B)
Class com.google.common.collect.Interners                                             : loaded 2 times (x 71B)
Class dagger.spi.internal.shaded.kotlinx.metadata.KmTypeParameter                     : loaded 2 times (x 76B)
Class com.google.common.graph.AbstractGraph                                           : loaded 2 times (x 135B)
Class dagger.hilt.processor.internal.kotlin.AutoValue_KotlinMetadata_PropertyMetadata : loaded 2 times (x 78B)
Class com.google.common.collect.Collections2$TransformedCollection                    : loaded 2 times (x 118B)
Class dagger.internal.codegen.validation.SpiModelBindingGraphConverter$DaggerTypeElementImpl: loaded 2 times (x 75B)
Class dagger.spi.model.Key$1                                                          : loaded 2 times (x 71B)
Class dagger.internal.codegen.writing.StaticFactoryInstanceSupplier_Factory_Impl      : loaded 2 times (x 75B)
Class dagger.internal.codegen.writing.DependencyMethodProducerCreationExpression_Factory_Impl: loaded 2 times (x 75B)
Class dagger.internal.codegen.writing.DependencyMethodProviderCreationExpression_Factory: loaded 2 times (x 72B)
Class dagger.internal.codegen.writing.MembersInjectorProviderCreationExpression$Factory: loaded 2 times (x 70B)
Class kotlin.jvm.internal.FunctionReferenceImpl                                       : loaded 2 times (x 122B)
Class org.objectweb.asm.AnnotationWriter                                              : loaded 2 times (x 79B)
Class com.google.common.io.ByteSource$EmptyByteSource                                 : loaded 2 times (x 85B)
Class kotlin.text.DelimitedRangesSequence                                             : loaded 2 times (x 75B)
Class sync_studio_tooling4781_a3g2j0epulmn5vfv155ikaoi8$_run_closure1                 : loaded 2 times (x 139B)
Class com.google.common.collect.FilteredKeyMultimap$Entries                           : loaded 2 times (x 131B)
Class dagger.internal.codegen.validation.SpiModelBindingGraphConverter$ComponentNodeImpl: loaded 2 times (x 87B)
Class dagger.internal.codegen.writing.ComponentImplementation$TypeSpecKind            : loaded 2 times (x 79B)
Class dagger.internal.codegen.writing.ComponentCreatorImplementationFactory$BuilderForGeneratedRootComponentBuilder: loaded 2 times (x 82B)
Class org.gradle.internal.classloader.ClassLoaderSpec                                 : loaded 2 times (x 71B)
Class com.google.common.cache.RemovalCause$1                                          : loaded 2 times (x 80B)
Class com.android.builder.model.v2.models.ndk.NativeModelBuilderParameter             : loaded 2 times (x 70B)
Class kotlin.KotlinNothingValueException                                              : loaded 2 times (x 82B)
Class org.gradle.internal.classpath.DefaultClassPath$ImmutableUniqueList$Builder      : loaded 2 times (x 75B)
Class dagger.internal.codegen.writing.SwitchingProviderInstanceSupplier               : loaded 2 times (x 75B)
Class dagger.internal.codegen.writing.ImmediateFutureRequestRepresentation            : loaded 2 times (x 74B)
Class dagger.internal.codegen.writing.RequestRepresentation                           : loaded 2 times (x 73B)
Class dagger.internal.codegen.writing.SimpleMethodRequestRepresentation_Factory       : loaded 2 times (x 72B)
Class com.google.common.io.Closer                                                     : loaded 2 times (x 78B)
Class com.google.common.io.Java8Compatibility                                         : loaded 2 times (x 71B)
Class dagger.hilt.processor.internal.MethodSignature                                  : loaded 2 times (x 73B)
Class dagger.hilt.processor.internal.ComponentDescriptor$Builder                      : loaded 2 times (x 70B)
Class dagger.internal.codegen.binding.ErrorMessages                                   : loaded 2 times (x 71B)
Class dagger.internal.codegen.validation.AutoValue_SpiModelBindingGraphConverter_DaggerTypeImpl: loaded 2 times (x 76B)
Class dagger.internal.codegen.writing.ProducerNodeInstanceRequestRepresentation_Factory_Impl: loaded 2 times (x 75B)
Class [Ldagger.internal.codegen.writing.FrameworkInstanceKind;                        : loaded 2 times (x 69B)
Class org.gradle.util.internal.DefaultGradleVersion                                   : loaded 2 times (x 82B)
Class jdk.internal.jimage.decompressor.ZipDecompressorFactory                         : loaded 2 times (x 74B)
Class org.objectweb.asm.Symbol                                                        : loaded 2 times (x 73B)
Class com.android.builder.model.v2.ide.SourceProvider                                 : loaded 2 times (x 70B)
Class com.android.builder.model.v2.ide.BundleInfo                                     : loaded 2 times (x 70B)
Class com.google.common.reflect.Types$ClassOwnership                                  : loaded 2 times (x 80B)
Class dagger.spi.internal.shaded.kotlinx.metadata.internal.metadata.ProtoBuf$VersionRequirement$VersionKind: loaded 2 times (x 82B)
Class [Ldagger.spi.internal.shaded.kotlinx.metadata.internal.metadata.ProtoBuf$VersionRequirement$VersionKind;: loaded 2 times (x 69B)
Class dagger.hilt.processor.internal.root.ComponentTreeDepsMetadata                   : loaded 2 times (x 80B)
Class com.google.common.graph.DirectedGraphConnections$2$2                            : loaded 2 times (x 82B)
Class dagger.spi.model.BindingKind                                                    : loaded 2 times (x 79B)
Class dagger.spi.internal.shaded.androidx.room.jarjarred.kotlinx.metadata.KmVersionRequirementLevel: loaded 2 times (x 79B)
Class dagger.spi.internal.shaded.androidx.room.jarjarred.kotlinx.metadata.KmVersionRequirement: loaded 2 times (x 75B)
Class dagger.internal.codegen.writing.ComponentImplementation$FieldSpecKind           : loaded 2 times (x 79B)
Class [Ldagger.internal.codegen.writing.ComponentImplementation$FieldSpecKind;        : loaded 2 times (x 69B)
Class org.gradle.internal.classpath.DefaultClassPath                                  : loaded 2 times (x 90B)
Class org.gradle.internal.classloader.VisitableURLClassLoader$Spec                    : loaded 2 times (x 74B)
Class kotlin.sequences.SequencesKt__SequencesKt$sequenceOf$1$1                        : loaded 2 times (x 79B)
Class kotlin.io.FileTreeWalk$WalkState                                                : loaded 2 times (x 73B)
Class com.google.common.cache.RemovalCause$2                                          : loaded 2 times (x 80B)
Class com.google.common.collect.MapMakerInternalMap$WeakValueReference                : loaded 2 times (x 70B)
Class org.objectweb.asm.ByteVector                                                    : loaded 2 times (x 79B)
Class org.gradle.tooling.internal.adapter.WeakIdentityHashMap$AbsentValueProvider     : loaded 2 times (x 70B)
Class dagger.internal.codegen.writing.ComponentImplementation$MethodSpecKind          : loaded 2 times (x 79B)
Class dagger.internal.codegen.writing.MembersInjectionRequestRepresentation_Factory   : loaded 2 times (x 72B)
Class dagger.spi.model.BindingGraph$SubcomponentCreatorBindingEdge                    : loaded 2 times (x 70B)
Class com.google.common.collect.FilteredMultimapValues                                : loaded 2 times (x 118B)
Class com.android.builder.model.v2.ide.BasicVariant                                   : loaded 2 times (x 70B)
Class com.google.common.graph.MutableNetwork                                          : loaded 2 times (x 70B)
Class [Lcom.android.builder.model.v2.ide.AndroidGradlePluginProjectFlags$BooleanFlag; : loaded 2 times (x 69B)
Class com.android.builder.model.v2.ide.AndroidGradlePluginProjectFlags                : loaded 2 times (x 70B)
Class com.google.common.io.Files$FileByteSink                                         : loaded 2 times (x 77B)
Class com.google.common.collect.MapMakerInternalMap$StrongKeyDummyValueEntry$Helper   : loaded 2 times (x 79B)
Class com.google.common.graph.DirectedGraphConnections$2$1                            : loaded 2 times (x 82B)
Class com.google.common.graph.MultiEdgesConnecting$1                                  : loaded 2 times (x 82B)
Class dagger.internal.codegen.writing.MembersInjectionMethods_Factory                 : loaded 2 times (x 79B)
Class dagger.internal.codegen.writing.PrivateMethodRequestRepresentation_Factory      : loaded 2 times (x 72B)
Class dagger.internal.codegen.writing.DependencyMethodProducerCreationExpression$Factory: loaded 2 times (x 70B)
Class dagger.internal.codegen.writing.ProducerCreationExpression_Factory_Impl         : loaded 2 times (x 75B)
Class dagger.internal.codegen.writing.ComponentImplementation$ShardImplementation     : loaded 2 times (x 80B)
Class dagger.internal.codegen.writing.LazyClassKeyProviders                           : loaded 2 times (x 72B)
Class org.gradle.internal.classloader.VisitableURLClassLoader$InstrumentingVisitableURLClassLoader: loaded 2 times (x 123B)
Class org.gradle.tooling.model.internal.ImmutableDomainObjectSet                      : loaded 2 times (x 155B)
Class org.objectweb.asm.Type                                                          : loaded 2 times (x 72B)
Class org.jetbrains.kotlin.config.JVMAssertionsMode                                   : loaded 2 times (x 79B)
Class [Lorg.jetbrains.kotlin.config.JVMAssertionsMode;                                : loaded 2 times (x 69B)
Class dagger.hilt.processor.internal.kotlin.$AutoValue_KotlinMetadata                 : loaded 2 times (x 80B)
Class dagger.hilt.processor.internal.kotlin.AutoValue_KotlinMetadata_FunctionMetadata : loaded 2 times (x 77B)
Class dagger.hilt.processor.internal.kotlin.AutoValue_KotlinMetadata_PropertyMetadata$Builder: loaded 2 times (x 82B)
Class dagger.internal.codegen.binding.SubcomponentCreatorBindingEdgeImpl              : loaded 2 times (x 75B)
Class dagger.spi.internal.shaded.kotlinx.metadata.KmTypeProjection$Companion          : loaded 2 times (x 71B)
Class dagger.internal.codegen.bindinggraphvalidation.DependencyCycleValidator$1       : loaded 2 times (x 71B)
Class dagger.internal.codegen.DaggerDelegateComponentProcessor_Injector$TopLevelImplementationComponentImpl$1: loaded 2 times (x 79B)
Class dagger.internal.codegen.writing.ComponentImplementation_Factory                 : loaded 2 times (x 79B)
Class dagger.internal.codegen.writing.ComponentCreatorImplementationFactory$1         : loaded 2 times (x 71B)
Class dagger.internal.codegen.writing.AssistedFactoryRequestRepresentation            : loaded 2 times (x 74B)
Class kotlin.Triple                                                                   : loaded 2 times (x 72B)
Class com.google.common.cache.RemovalCause$3                                          : loaded 2 times (x 80B)
Class org.jetbrains.kotlin.config.LanguageVersion                                     : loaded 2 times (x 91B)
Class org.jetbrains.kotlin.cli.common.arguments.K2JVMCompilerArguments                : loaded 2 times (x 81B)
Class com.google.common.cache.LocalCache$StrongValueReference                         : loaded 2 times (x 90B)
Class org.gradle.internal.exceptions.NonGradleCauseExceptionsHolder                   : loaded 2 times (x 70B)
Class org.gradle.tooling.model.idea.IdeaModuleDependency                              : loaded 2 times (x 70B)
Class org.gradle.tooling.internal.adapter.ViewBuilder                                 : loaded 2 times (x 70B)
Class org.jetbrains.kotlin.tooling.core.Extras                                        : loaded 2 times (x 70B)
Class dagger.internal.codegen.validation.SpiModelBindingGraphConverter$BindingGraphImpl: loaded 2 times (x 95B)
Class com.google.common.collect.HashBasedTable                                        : loaded 2 times (x 124B)
Class dagger.spi.internal.shaded.kotlinx.metadata.KmVariance                          : loaded 2 times (x 79B)
Class dagger.internal.codegen.binding.ComponentDescriptor$ComponentMethodDescriptor$Builder: loaded 2 times (x 70B)
Class dagger.internal.codegen.binding.BindingFactory$1                                : loaded 2 times (x 71B)
Class dagger.internal.codegen.DaggerDelegateComponentProcessor_Injector$CurrentImplementationSubcomponentImpl: loaded 2 times (x 75B)
Class dagger.internal.codegen.writing.AssistedFactoryRequestRepresentation_Factory    : loaded 2 times (x 72B)
Class dagger.internal.codegen.writing.SetRequestRepresentation_Factory                : loaded 2 times (x 72B)
Class dagger.internal.codegen.writing.ProducerNodeInstanceRequestRepresentation$Factory: loaded 2 times (x 70B)
Class dagger.internal.codegen.writing.InjectionOrProvisionProviderCreationExpression_Factory_Impl: loaded 2 times (x 75B)
Class [Ldagger.internal.codegen.writing.FrameworkFieldInitializer$InitializationState;: loaded 2 times (x 69B)
Class org.gradle.tooling.model.Element                                                : loaded 2 times (x 70B)
Class [Lcom.google.common.graph.Traverser$InsertionOrder;                             : loaded 2 times (x 69B)
Class com.google.common.graph.IncidentEdgeSet                                         : loaded 2 times (x 136B)
Class org.gradle.tooling.internal.adapter.ProtocolToModelAdapter$NoOpDecoration       : loaded 2 times (x 79B)
Class org.gradle.tooling.internal.adapter.TypeInspector                               : loaded 2 times (x 73B)
Class [Lorg.objectweb.asm.AnnotationWriter;                                           : loaded 2 times (x 69B)
Class [Lcom.android.builder.model.v2.ide.TestInfo$Execution;                          : loaded 2 times (x 69B)
Class com.android.builder.model.v2.dsl.ProductFlavor                                  : loaded 2 times (x 70B)
Class dagger.hilt.android.processor.internal.androidentrypoint.ActivityGenerator      : loaded 2 times (x 72B)
Class dagger.spi.internal.shaded.androidx.room.jarjarred.kotlinx.metadata.internal.metadata.deserialization.VersionRequirement$Companion$WhenMappings: loaded 2 times (x 71B)
Class dagger.spi.internal.shaded.androidx.room.jarjarred.kotlinx.metadata.KmVersionRequirementVersionKind: loaded 2 times (x 79B)
Class dagger.hilt.processor.internal.aggregateddeps.ComponentDependencies$1           : loaded 2 times (x 71B)
Class dagger.hilt.processor.internal.root.ComponentGenerator                          : loaded 2 times (x 72B)
Class org.gradle.internal.time.Clock                                                  : loaded 2 times (x 70B)
Class jdk.internal.jimage.decompressor.ResourceDecompressorRepository                 : loaded 2 times (x 71B)
Class com.google.common.reflect.Invokable$MethodInvokable                             : loaded 2 times (x 107B)
Class com.google.common.io.LineReader$1                                               : loaded 2 times (x 75B)
Class com.google.common.collect.MapMakerInternalMap$StrongKeyDummyValueEntry          : loaded 2 times (x 82B)
Class dagger.spi.internal.shaded.androidx.room.jarjarred.kotlinx.metadata.internal.metadata.ProtoBuf$VersionRequirement$Level: loaded 2 times (x 82B)
Class dagger.spi.internal.shaded.auto.common.Overrides$ExplicitOverrides$TypeSubstVisitor: loaded 2 times (x 106B)
Class com.google.common.cache.RemovalCause$4                                          : loaded 2 times (x 80B)
Class com.android.builder.model.v2.ide.AndroidLibraryData                             : loaded 2 times (x 70B)
Class com.android.builder.model.v2.ide.ApiVersion                                     : loaded 2 times (x 70B)
Class com.android.ide.common.gradle.Version                                           : loaded 2 times (x 75B)
Class com.google.common.collect.Lists$OnePlusArrayList                                : loaded 2 times (x 199B)
Class dagger.internal.codegen.writing.ComponentRequirementExpressions$ComponentParameterField: loaded 2 times (x 81B)
Class dagger.internal.codegen.writing.ComponentProvisionRequestRepresentation_Factory : loaded 2 times (x 72B)
Class dagger.internal.codegen.writing.MembersInjectionBindingRepresentation_Factory   : loaded 2 times (x 72B)
Class dagger.internal.codegen.validation.AutoValue_SpiModelBindingGraphConverter_DaggerExecutableElementImpl: loaded 2 times (x 76B)
Class dagger.spi.model.DependencyRequest                                              : loaded 2 times (x 75B)
Class dagger.internal.codegen.binding.ComponentRequirement$Kind                       : loaded 2 times (x 79B)
Class dagger.internal.codegen.writing.MapRequestRepresentation_Factory                : loaded 2 times (x 72B)
Class dagger.internal.codegen.writing.ProvisionBindingRepresentation$Factory          : loaded 2 times (x 70B)
Class kotlin.jvm.internal.ArrayIterator                                               : loaded 2 times (x 79B)
Class com.google.common.collect.Maps$Values                                           : loaded 2 times (x 118B)
Class dagger.internal.codegen.binding.AutoValue_BindingGraph_TopLevelBindingGraph     : loaded 2 times (x 100B)
Class dagger.internal.codegen.writing.ComponentInstanceRequestRepresentation          : loaded 2 times (x 74B)
Class org.jetbrains.kotlin.name.Name                                                  : loaded 2 times (x 75B)
Class com.google.common.reflect.Types$JavaVersion                                     : loaded 2 times (x 83B)
Class dagger.hilt.android.processor.internal.androidentrypoint.ApplicationGenerator   : loaded 2 times (x 72B)
Class com.google.common.graph.EndpointPairIterator$Undirected                         : loaded 2 times (x 82B)
Class dagger.hilt.processor.internal.root.RootMetadata                                : loaded 2 times (x 72B)
Class dagger.hilt.processor.internal.definecomponent.AutoValue_DefineComponentBuilderMetadatas_DefineComponentBuilderMetadata: loaded 2 times (x 75B)
Class com.google.common.collect.MapMaker                                              : loaded 2 times (x 72B)
Class dagger.hilt.android.processor.internal.androidentrypoint.Generators$1           : loaded 2 times (x 71B)
Class com.google.common.graph.ImmutableNetwork                                        : loaded 2 times (x 140B)
Class dagger.internal.codegen.writing.GeneratedImplementation                         : loaded 2 times (x 70B)
Class org.gradle.api.specs.Spec                                                       : loaded 2 times (x 70B)
Class org.gradle.internal.time.TimeSource$1                                           : loaded 2 times (x 77B)
Class com.android.builder.model.v2.dsl.BaseConfig                                     : loaded 2 times (x 70B)
Class com.google.common.io.CharSource                                                 : loaded 2 times (x 85B)
Class [Ldagger.internal.codegen.base.ComponentKind;                                   : loaded 2 times (x 69B)
Class dagger.internal.codegen.binding.ErrorMessages$BuilderMessages                   : loaded 2 times (x 81B)
Class com.google.common.graph.DirectedMultiNetworkConnections$1                       : loaded 2 times (x 137B)
Class dagger.internal.codegen.binding.BindingGraph                                    : loaded 2 times (x 79B)
Class dagger.hilt.processor.internal.kotlin.AutoValue_KotlinMetadata_ClassMetadata$Builder: loaded 2 times (x 86B)
Class com.intellij.gradle.toolingExtension.impl.initScript.util.GradleDebuggerUtil    : loaded 2 times (x 71B)
Class com.google.common.collect.HashBasedTable$Factory                                : loaded 2 times (x 79B)
Class dagger.internal.codegen.writing.ComponentCreatorImplementationFactory_Factory   : loaded 2 times (x 79B)
Class com.google.common.graph.Traverser$5                                             : loaded 2 times (x 80B)
Class dagger.internal.codegen.binding.MethodSignature                                 : loaded 2 times (x 74B)
Class com.google.common.collect.ComparisonChain                                       : loaded 2 times (x 80B)
Class com.android.builder.model.v2.ide.ProjectType                                    : loaded 2 times (x 79B)
Class com.google.common.cache.RemovalCause$5                                          : loaded 2 times (x 80B)
Class [Lcom.google.common.collect.MapMakerInternalMap$Strength;                       : loaded 2 times (x 69B)
Class [Lcom.google.common.io.FileWriteMode;                                           : loaded 2 times (x 69B)
Class com.android.builder.model.v2.models.Versions$Version                            : loaded 2 times (x 70B)
Class dagger.internal.codegen.writing.ComponentInstanceRequestRepresentation$Factory  : loaded 2 times (x 70B)
Class com.google.common.util.concurrent.Uninterruptibles                              : loaded 2 times (x 71B)
Class org.jetbrains.kotlin.tooling.core.HasExtras                                     : loaded 2 times (x 70B)
Class com.android.builder.model.v2.ide.ComponentInfo                                  : loaded 2 times (x 70B)
Class dagger.spi.internal.shaded.kotlinx.metadata.internal.metadata.ProtoBuf$Effect$InvocationKind$1: loaded 2 times (x 74B)
Class dagger.spi.internal.shaded.kotlinx.metadata.jvm.internal.JvmTypeParameterExtension: loaded 2 times (x 84B)
Class com.google.common.graph.Traverser$4                                             : loaded 2 times (x 80B)
Class dagger.internal.codegen.model.BindingGraph$SubcomponentCreatorBindingEdge       : loaded 2 times (x 70B)
Class dagger.internal.codegen.writing.MethodRequestRepresentation                     : loaded 2 times (x 78B)
Class org.gradle.internal.classloader.ClasspathUtil                                   : loaded 2 times (x 71B)
Class org.gradle.tooling.model.ProjectIdentifier                                      : loaded 2 times (x 70B)
Class org.gradle.tooling.model.idea.IdeaCompilerOutput                                : loaded 2 times (x 70B)
Class com.google.common.reflect.Types$ClassOwnership$1LocalClass                      : loaded 2 times (x 71B)
Class dagger.spi.internal.shaded.kotlinx.metadata.internal.metadata.ProtoBuf$Expression$ConstantValue: loaded 2 times (x 82B)
Class dagger.hilt.processor.internal.definecomponent.DefineComponentMetadatas         : loaded 2 times (x 72B)
Class com.google.common.graph.Traverser$3                                             : loaded 2 times (x 80B)
Class com.google.common.collect.Maps$2                                                : loaded 2 times (x 82B)
Class dagger.internal.codegen.writing.ComponentCreatorImplementationFactory$BuilderForCreatorDescriptor: loaded 2 times (x 82B)
Class dagger.internal.codegen.writing.ComponentRequirementRequestRepresentation       : loaded 2 times (x 74B)
Class dagger.internal.codegen.writing.FrameworkFieldInitializer                       : loaded 2 times (x 75B)
Class org.gradle.internal.exceptions.ResolutionProvider                               : loaded 2 times (x 70B)
Class org.gradle.tooling.internal.adapter.ProtocolToModelAdapter$MixInMappingAction   : loaded 2 times (x 80B)
Class com.android.builder.model.v2.ide.JavaCompileOptions                             : loaded 2 times (x 70B)
Class dagger.spi.internal.shaded.androidx.room.jarjarred.kotlinx.metadata.internal.metadata.ProtoBuf$VersionRequirement$1: loaded 2 times (x 144B)
Class dagger.hilt.processor.internal.kotlin.AutoValue_KotlinMetadata                  : loaded 2 times (x 81B)
Class [Lorg.jetbrains.kotlin.cli.common.CompilerSystemProperties;                     : loaded 2 times (x 69B)
Class org.jetbrains.kotlin.name.ClassId$Companion                                     : loaded 2 times (x 71B)
Class dagger.spi.internal.shaded.kotlinx.metadata.internal.metadata.ProtoBuf$VersionRequirement$VersionKind$1: loaded 2 times (x 74B)
Class com.google.common.collect.Multisets$ElementSet                                  : loaded 2 times (x 136B)
Class dagger.internal.codegen.binding.BindingGraph$1                                  : loaded 2 times (x 71B)
Class dagger.internal.codegen.writing.BindingRepresentations_Factory$InstanceHolder   : loaded 2 times (x 71B)
Class com.google.common.collect.MapMakerInternalMap$StrongKeyDummyValueSegment        : loaded 2 times (x 142B)
Class com.google.common.collect.Iterables$4                                           : loaded 2 times (x 81B)
Class com.google.common.io.Files                                                      : loaded 2 times (x 71B)
Class org.jetbrains.kotlin.cli.common.arguments.CommonCompilerArguments               : loaded 2 times (x 80B)
Class com.google.common.cache.LocalCache$WriteThroughEntry                            : loaded 2 times (x 79B)
Class com.google.common.cache.LocalCache$HashIterator                                 : loaded 2 times (x 86B)
Class org.gradle.tooling.internal.adapter.ProtocolToModelAdapter$ReflectionMethodInvoker: loaded 2 times (x 76B)
Class dagger.internal.codegen.writing.ComponentCreatorImplementationFactory           : loaded 2 times (x 72B)
Class org.gradle.tooling.internal.gradle.GradleBuildIdentity                          : loaded 2 times (x 70B)
Class com.android.builder.model.v2.ide.TestInfo                                       : loaded 2 times (x 70B)
Class org.jetbrains.kotlin.name.FqName                                                : loaded 2 times (x 72B)
Class dagger.hilt.processor.internal.kotlin.AutoValue_KotlinMetadata_ClassMetadata    : loaded 2 times (x 79B)
Class dagger.internal.codegen.writing.GwtCompatibility                                : loaded 2 times (x 71B)
Class dagger.internal.codegen.base.AutoValue_SetType                                  : loaded 2 times (x 77B)
Class dagger.internal.codegen.binding.BindingGraphConverter$Converter                 : loaded 2 times (x 72B)
Class com.google.common.graph.NetworkConnections                                      : loaded 2 times (x 70B)
Class dagger.internal.codegen.extension.DaggerGraphs                                  : loaded 2 times (x 71B)
Class dagger.internal.codegen.validation.SpiModelBindingGraphConverter$SubcomponentCreatorBindingEdgeImpl: loaded 2 times (x 76B)
Class dagger.hilt.processor.internal.uninstallmodules.AutoValue_AggregatedUninstallModulesMetadata: loaded 2 times (x 75B)
Class [Lcom.google.common.graph.ElementOrder$Type;                                    : loaded 2 times (x 69B)
Class dagger.hilt.processor.internal.AutoValue_ComponentDescriptor                    : loaded 2 times (x 77B)
Class dagger.hilt.processor.internal.ComponentNames                                   : loaded 2 times (x 72B)
Class dagger.hilt.processor.internal.DaggerModelsKt$WhenMappings                      : loaded 2 times (x 71B)
Class dagger.internal.codegen.writing.MembersInjectionBindingRepresentation           : loaded 2 times (x 75B)
Class org.gradle.tooling.model.kotlin.dsl.KotlinDslScriptsModel                       : loaded 2 times (x 70B)
Class org.gradle.internal.time.TimeSource                                             : loaded 2 times (x 70B)
Class org.gradle.tooling.model.idea.IdeaDependencyScope                               : loaded 2 times (x 70B)
Class [Lorg.gradle.api.JavaVersion;                                                   : loaded 2 times (x 69B)
Class [Lcom.google.common.collect.HashBiMap$BiEntry;                                  : loaded 2 times (x 69B)
Class com.google.common.reflect.Types$TypeVariableInvocationHandler                   : loaded 2 times (x 75B)
Class com.google.common.collect.MapMakerInternalMap$InternalEntry                     : loaded 2 times (x 70B)
Class dagger.spi.internal.shaded.kotlinx.metadata.internal.metadata.ProtoBuf$Expression$ConstantValue$1: loaded 2 times (x 74B)
Class dagger.hilt.processor.internal.definecomponent.DefineComponentBuilderMetadatas$DefineComponentBuilderMetadata: loaded 2 times (x 74B)
Class dagger.spi.internal.shaded.kotlinx.metadata.internal.extensions.KmTypeParameterExtension: loaded 2 times (x 70B)
Class dagger.internal.codegen.binding.ErrorMessages$Messages                          : loaded 2 times (x 72B)
Class dagger.internal.codegen.model.BindingGraph$ComponentNode                        : loaded 2 times (x 70B)
Class dagger.internal.codegen.binding.AutoValue_BindingNode                           : loaded 2 times (x 108B)
Class dagger.internal.codegen.model.BindingGraph$MissingBinding                       : loaded 2 times (x 82B)
Class dagger.spi.model.Scope                                                          : loaded 2 times (x 72B)
Class dagger.internal.codegen.writing.SimpleMethodRequestRepresentation_Factory_Impl  : loaded 2 times (x 75B)
Class dagger.internal.codegen.writing.SwitchingProviderInstanceSupplier_Factory       : loaded 2 times (x 72B)
Class [Lcom.google.common.collect.MapMaker$Dummy;                                     : loaded 2 times (x 69B)
Class com.google.common.reflect.Types$NativeTypeVariableEquals                        : loaded 2 times (x 71B)
Class com.google.common.reflect.TypeParameter                                         : loaded 2 times (x 72B)
Class [Lcom.android.ide.common.gradle.Separator;                                      : loaded 2 times (x 69B)
Class org.jetbrains.kotlin.tooling.core.HasMutableExtras                              : loaded 2 times (x 70B)
Class com.google.common.cache.LocalCache$AbstractReferenceEntry                       : loaded 2 times (x 107B)
Class com.google.common.base.CharMatcher$Whitespace                                   : loaded 2 times (x 112B)
Class kotlin.jvm.internal.Intrinsics$Kotlin                                           : loaded 2 times (x 71B)
Class com.google.common.collect.Streams                                               : loaded 2 times (x 71B)
Class dagger.internal.codegen.writing.ComponentRequirementExpression                  : loaded 2 times (x 70B)
Class ijJvmDebugger1_a2opdec2q4egr5c7tsqlipra6$_run_closure1$_closure2$_closure4      : loaded 2 times (x 139B)
Class dagger.internal.codegen.writing.FrameworkInstanceBindingRepresentation_Factory  : loaded 2 times (x 72B)
Class dagger.spi.model.Key                                                            : loaded 2 times (x 78B)
Class dagger.internal.codegen.validation.AutoValue_SpiModelBindingGraphConverter_BindingGraphImpl: loaded 2 times (x 96B)
Class com.google.common.collect.AbstractMultimap$EntrySet                             : loaded 2 times (x 138B)
Class dagger.spi.model.BindingGraph                                                   : loaded 2 times (x 94B)
Class dagger.internal.codegen.validation.AutoValue_SpiModelBindingGraphConverter_BindingNodeImpl: loaded 2 times (x 105B)
Class org.gradle.internal.service.CachingServiceLocator                               : loaded 2 times (x 82B)
Class com.android.builder.model.v2.ide.LibraryInfo                                    : loaded 2 times (x 70B)
Class org.jetbrains.kotlin.com.intellij.util.lang.JavaVersion                         : loaded 2 times (x 74B)
Class com.google.common.collect.ImmutableMap$SerializedForm                           : loaded 2 times (x 73B)
Class ijJvmDebugger1_a2opdec2q4egr5c7tsqlipra6$_run_closure1$_closure2$_closure3      : loaded 2 times (x 140B)
Class dagger.hilt.processor.internal.kotlin.KotlinMetadata$BaseMetadata               : loaded 2 times (x 74B)
Class dagger.hilt.processor.internal.kotlin.KotlinMetadata$PropertyMetadata           : loaded 2 times (x 77B)
Class dagger.spi.internal.shaded.kotlinx.metadata.Flag$Common                         : loaded 2 times (x 71B)
Class [Ldagger.internal.codegen.writing.FactoryGenerator$FactoryCreationStrategy;     : loaded 2 times (x 69B)
Class com.google.common.base.Utf8                                                     : loaded 2 times (x 71B)
Class dagger.internal.codegen.DaggerDelegateComponentProcessor_Injector$TopLevelImplementationComponentImpl: loaded 2 times (x 75B)
Class dagger.hilt.processor.internal.aggregateddeps.ComponentDependencies$Builder     : loaded 2 times (x 75B)
Class com.google.common.graph.EndpointPairIterator                                    : loaded 2 times (x 82B)
Class com.google.common.graph.MapIteratorCache$1                                      : loaded 2 times (x 137B)
Class com.google.common.graph.StandardMutableGraph                                    : loaded 2 times (x 160B)
Class dagger.internal.codegen.writing.ComponentMethodRequestRepresentation_Factory    : loaded 2 times (x 72B)
Class dagger.internal.codegen.writing.FrameworkInstanceBindingRepresentation_Factory_Impl: loaded 2 times (x 75B)
Class dagger.internal.codegen.writing.StaticFactoryInstanceSupplier                   : loaded 2 times (x 75B)
Class org.gradle.internal.classloader.ClassLoaderFactory                              : loaded 2 times (x 70B)
Class kotlin.sequences.SequencesKt___SequencesKt$sortedWith$1                         : loaded 2 times (x 75B)
Class [Lkotlin.sequences.Sequence;                                                    : loaded 2 times (x 69B)
Class dagger.hilt.android.processor.internal.viewmodel.ViewModelModuleGenerator$Companion: loaded 2 times (x 71B)
Class com.google.common.collect.StandardTable                                         : loaded 2 times (x 124B)
Class dagger.internal.codegen.writing.OptionalRequestRepresentation_Factory_Impl      : loaded 2 times (x 75B)
Class dagger.internal.codegen.writing.OptionalFactoryInstanceCreationExpression$Factory: loaded 2 times (x 70B)
Class dagger.internal.codegen.writing.OptionalRequestRepresentation                   : loaded 2 times (x 74B)
Class org.gradle.internal.service.ServiceLookupException                              : loaded 2 times (x 82B)
Class org.gradle.internal.time.MonotonicClock                                         : loaded 2 times (x 77B)
Class org.jetbrains.kotlin.cli.common.CompilerSystemProperties$value$1                : loaded 2 times (x 125B)
Class com.google.common.reflect.TypeResolver$TypeTable$1                              : loaded 2 times (x 73B)
Class dagger.spi.internal.shaded.kotlinx.metadata.KmTypeParameterVisitor              : loaded 2 times (x 75B)
Class com.google.common.graph.StandardValueGraph                                      : loaded 2 times (x 146B)
Class dagger.hilt.processor.internal.aggregateddeps.ComponentDependencies             : loaded 2 times (x 74B)
Class dagger.internal.codegen.base.OptionalType$OptionalKind                          : loaded 2 times (x 79B)
Class dagger.internal.codegen.binding.$AutoValue_BindingGraph                         : loaded 2 times (x 79B)
Class dagger.internal.codegen.writing.ProducerCreationExpression$Factory              : loaded 2 times (x 70B)
Class com.android.builder.model.v2.models.VariantDependencies                         : loaded 2 times (x 70B)
Class dagger.internal.codegen.writing.ProducerFromProviderCreationExpression_Factory  : loaded 2 times (x 71B)
Class org.objectweb.asm.SymbolTable                                                   : loaded 2 times (x 72B)
Class dagger.internal.codegen.writing.DelegateRequestRepresentation                   : loaded 2 times (x 74B)
Class dagger.internal.codegen.writing.FrameworkInstanceBindingRepresentation          : loaded 2 times (x 72B)
Class dagger.internal.codegen.writing.ProductionBindingRepresentation_Factory_Impl    : loaded 2 times (x 75B)
Class dagger.internal.codegen.writing.OptionalRequestRepresentation_Factory           : loaded 2 times (x 72B)
Class dagger.internal.codegen.writing.FrameworkFieldInitializer$1                     : loaded 2 times (x 71B)
Class org.gradle.util.internal.DefaultGradleVersion$Stage                             : loaded 2 times (x 75B)
Class org.objectweb.asm.RecordComponentVisitor                                        : loaded 2 times (x 77B)
Class org.jetbrains.kotlin.config.ExplicitApiMode                                     : loaded 2 times (x 79B)
Class com.google.common.reflect.TypeResolver$TypeTable                                : loaded 2 times (x 73B)
Class com.google.common.io.CharStreams                                                : loaded 2 times (x 71B)
Class kotlin.io.FileTreeWalk$FileTreeWalkIterator$SingleFileState                     : loaded 2 times (x 74B)
Class dagger.hilt.processor.internal.definecomponent.AutoValue_DefineComponentClassesMetadata: loaded 2 times (x 76B)
Class dagger.internal.codegen.binding.AutoValue_BindingRequest                        : loaded 2 times (x 75B)
Class com.google.common.collect.AbstractMultiset$ElementSet                           : loaded 2 times (x 138B)
Class dagger.spi.model.RequestKind                                                    : loaded 2 times (x 79B)
Class dagger.spi.model.DaggerAnnotation                                               : loaded 2 times (x 75B)
Class dagger.internal.codegen.DaggerDelegateComponentProcessor_Injector$CurrentImplementationSubcomponentBuilder: loaded 2 times (x 79B)
Class dagger.internal.codegen.writing.DerivedFromFrameworkInstanceRequestRepresentation$Factory: loaded 2 times (x 70B)
Class dagger.internal.codegen.writing.InjectionOrProvisionProviderCreationExpression_Factory: loaded 2 times (x 72B)
Class dagger.internal.codegen.writing.ComponentImplementation$ChildComponentImplementationFactory: loaded 2 times (x 70B)
Class [Ldagger.internal.codegen.writing.ComponentCreatorImplementationFactory$RequirementStatus;: loaded 2 times (x 69B)
Class com.google.common.util.concurrent.AbstractFuture                                : loaded 2 times (x 106B)
Class [Lcom.android.builder.model.v2.ide.CodeShrinker;                                : loaded 2 times (x 69B)
Class dagger.hilt.processor.internal.root.$AutoValue_AggregatedRootMetadata           : loaded 2 times (x 82B)
Class com.google.common.graph.MapRetrievalCache                                       : loaded 2 times (x 75B)
Class dagger.hilt.processor.internal.aliasof.AutoValue_AliasOfPropagatedDataMetadata  : loaded 2 times (x 75B)
Class com.google.common.collect.FilteredEntryMultimap                                 : loaded 2 times (x 155B)
Class dagger.internal.codegen.validation.AutoValue_SpiModelBindingGraphConverter_DependencyEdgeImpl: loaded 2 times (x 79B)
Class com.google.common.util.concurrent.ListenableFuture                              : loaded 2 times (x 70B)
Class dagger.hilt.processor.internal.kotlin.KotlinMetadata$FunctionMetadata           : loaded 2 times (x 76B)
Class com.google.common.graph.AbstractGraphBuilder                                    : loaded 2 times (x 72B)
Class dagger.internal.codegen.writing.BindingRepresentations_Factory                  : loaded 2 times (x 78B)
Class org.gradle.api.internal.classpath.DefaultModuleRegistry                         : loaded 2 times (x 84B)
Class com.android.builder.model.v2.models.ModelBuilderParameter                       : loaded 2 times (x 70B)
Class org.jetbrains.kotlin.config.AnalysisFlag                                        : loaded 2 times (x 72B)
Class com.google.common.collect.Multimaps$CustomSetMultimap                           : loaded 2 times (x 178B)
Class dagger.hilt.processor.internal.kotlin.KotlinMetadata$FunctionMetadata$Builder   : loaded 2 times (x 81B)
Class dagger.hilt.processor.internal.root.AutoValue_ComponentTreeDepsMetadata         : loaded 2 times (x 81B)
Class ijInit2_89wll50w0qssj3p4i6d0aniyh$_run_closure1                                 : loaded 2 times (x 140B)
Class com.android.builder.model.v2.ide.TestedTargetVariant                            : loaded 2 times (x 70B)
Class com.google.common.cache.LocalCache$StrongEntry                                  : loaded 2 times (x 108B)
Class com.google.common.util.concurrent.AbstractFuture$TrustedFuture                  : loaded 2 times (x 114B)
Class kotlin.text.MatcherMatchResult$groups$1                                         : loaded 2 times (x 151B)
Class org.gradle.internal.exceptions.MultiCauseException                              : loaded 2 times (x 70B)
Class org.gradle.internal.time.CountdownTimer                                         : loaded 2 times (x 70B)
Class dagger.hilt.processor.internal.earlyentrypoint.AutoValue_AggregatedEarlyEntryPointMetadata: loaded 2 times (x 74B)
Class dagger.internal.codegen.writing.FrameworkInstanceBindingRepresentation$1        : loaded 2 times (x 71B)
Class dagger.internal.codegen.writing.DirectInstanceBindingRepresentation             : loaded 2 times (x 72B)
Class dagger.internal.codegen.writing.ComponentRequestRepresentations                 : loaded 2 times (x 72B)
Class com.google.common.collect.ConsumingQueueIterator                                : loaded 2 times (x 82B)
Class dagger.internal.codegen.writing.StaticFactoryInstanceSupplier_Factory           : loaded 2 times (x 72B)
Class dagger.internal.codegen.writing.ImmediateFutureRequestRepresentation_Factory_Impl: loaded 2 times (x 75B)
Class dagger.internal.codegen.writing.ProductionBindingRepresentation$Factory         : loaded 2 times (x 70B)
Class kotlin.text.RegexKt                                                             : loaded 2 times (x 71B)
Class com.google.common.collect.HashBiMap$Inverse                                     : loaded 2 times (x 142B)
Class com.google.common.collect.Iterables$8                                           : loaded 2 times (x 81B)
Class dagger.spi.internal.shaded.androidx.room.compiler.processing.javac.TypeMirrorExtKt: loaded 2 times (x 71B)
Class com.android.builder.model.v2.ide.Installation                                   : loaded 2 times (x 70B)
Class org.jetbrains.kotlin.name.FqNameUnsafe                                          : loaded 2 times (x 72B)
Class com.google.common.graph.MutableValueGraph                                       : loaded 2 times (x 70B)
Class com.google.common.graph.Graphs                                                  : loaded 2 times (x 71B)
Class dagger.internal.codegen.validation.DiagnosticMessageGenerator                   : loaded 2 times (x 72B)
Class dagger.internal.codegen.bindinggraphvalidation.DuplicateBindingsValidator$KeyWithTypeEquivalence: loaded 2 times (x 74B)
Class dagger.internal.codegen.writing.ComponentInstanceRequestRepresentation_Factory_Impl: loaded 2 times (x 75B)
Class dagger.internal.codegen.writing.ProviderInstanceRequestRepresentation_Factory_Impl: loaded 2 times (x 75B)
Class dagger.internal.codegen.xprocessing.MethodSpecs                                 : loaded 2 times (x 71B)
Class dagger.internal.codegen.writing.UnscopedDirectInstanceRequestRepresentationFactory$1: loaded 2 times (x 71B)
Class dagger.spi.internal.shaded.androidx.room.compiler.processing.XRawType           : loaded 2 times (x 70B)
Class org.gradle.tooling.internal.adapter.ObjectGraphAdapter                          : loaded 2 times (x 70B)
Class jdk.internal.jimage.decompressor.ResourceDecompressorFactory                    : loaded 2 times (x 74B)
Class com.google.common.util.concurrent.internal.InternalFutureFailureAccess          : loaded 2 times (x 72B)
Class dagger.spi.internal.shaded.auto.common.MoreElements$2                           : loaded 2 times (x 71B)
Class [Ldagger.spi.internal.shaded.kotlinx.metadata.internal.metadata.ProtoBuf$Effect$InvocationKind;: loaded 2 times (x 69B)
Class sync_studio_tooling4781_a3g2j0epulmn5vfv155ikaoi8                               : loaded 2 times (x 171B)
Class dagger.spi.internal.shaded.kotlinx.metadata.KmTypeProjection                    : loaded 2 times (x 72B)
Class dagger.internal.codegen.writing.FactoryGenerator$FactoryCreationStrategy        : loaded 2 times (x 79B)
Class dagger.hilt.processor.internal.aliasof.AliasOfs                                 : loaded 2 times (x 72B)
Class dagger.internal.codegen.writing.DelegateRequestRepresentation$Factory           : loaded 2 times (x 70B)
Class kotlin.io.FileTreeWalk$FileTreeWalkIterator$TopDownDirectoryState               : loaded 2 times (x 74B)
Class com.google.common.io.ByteStreams$LimitedInputStream                             : loaded 2 times (x 92B)
Class org.objectweb.asm.MethodWriter                                                  : loaded 2 times (x 106B)
Class org.gradle.tooling.model.ProjectModel                                           : loaded 2 times (x 70B)
Class dagger.internal.codegen.writing.SubcomponentCreatorRequestRepresentation        : loaded 2 times (x 74B)
Class dagger.internal.codegen.writing.ComponentRequestRepresentations$1               : loaded 2 times (x 71B)
Class dagger.internal.codegen.writing.SetFactoryCreationExpression$Factory            : loaded 2 times (x 70B)
Class dagger.internal.codegen.writing.ProviderInstanceSupplier_Factory                : loaded 2 times (x 72B)
Class dagger.internal.codegen.componentgenerator.CurrentImplementationSubcomponent$ChildComponentImplementationFactoryModule: loaded 2 times (x 70B)
Class org.gradle.internal.installation.GradleInstallation$1                           : loaded 2 times (x 75B)
Class org.gradle.api.internal.classpath.ModuleRegistry                                : loaded 2 times (x 70B)
Class dagger.internal.codegen.base.OptionalType                                       : loaded 2 times (x 75B)
Class [Ldagger.internal.codegen.binding.ComponentRequirement$Kind;                    : loaded 2 times (x 69B)
Class [Lorg.objectweb.asm.SymbolTable$Entry;                                          : loaded 2 times (x 69B)
Class com.android.builder.model.v2.models.ndk.NativeModule                            : loaded 2 times (x 70B)
Class org.jetbrains.kotlin.utils.DescriptionAware                                     : loaded 2 times (x 70B)
Class [Lcom.google.common.base.Supplier;                                              : loaded 2 times (x 69B)
Class dagger.hilt.processor.internal.kotlin.KotlinMetadata$BaseMetadata$Builder       : loaded 2 times (x 70B)
Class com.google.common.graph.EndpointPair$Ordered                                    : loaded 2 times (x 83B)
Class dagger.hilt.processor.internal.root.AggregatedRootMetadata                      : loaded 2 times (x 77B)
Class dagger.internal.codegen.bindinggraphvalidation.AutoValue_DuplicateBindingsValidator_KeyWithTypeEquivalence: loaded 2 times (x 75B)
Class dagger.internal.codegen.writing.ComponentWrapperImplementation                  : loaded 2 times (x 80B)
Class dagger.internal.codegen.writing.MembersInjectionMethods                         : loaded 2 times (x 72B)
Class dagger.internal.codegen.writing.SwitchingProviders$SwitchingProviderBuilder     : loaded 2 times (x 72B)
Class org.gradle.tooling.internal.adapter.ProtocolToModelAdapter$MethodInvocationCache: loaded 2 times (x 73B)
Class com.android.builder.model.v2.models.Versions                                    : loaded 2 times (x 70B)
Class com.android.builder.model.v2.ide.ArtifactDependenciesAdjacencyList              : loaded 2 times (x 70B)
Class com.android.builder.model.v2.ide.Library                                        : loaded 2 times (x 70B)
Class [Lorg.jetbrains.kotlin.cli.common.messages.CompilerMessageSeverity;             : loaded 2 times (x 69B)
Class dagger.hilt.processor.internal.kotlin.KotlinMetadata$ClassMetadata$Builder      : loaded 2 times (x 85B)
Class dagger.spi.internal.shaded.kotlinx.metadata.internal.metadata.ProtoBuf$Type$Argument$Projection: loaded 2 times (x 82B)
Class com.google.common.reflect.TypeToken$2                                           : loaded 2 times (x 110B)
Class [Ldagger.spi.internal.shaded.kotlinx.metadata.internal.metadata.ProtoBuf$Type$Argument$Projection;: loaded 2 times (x 69B)
Class com.google.common.graph.ElementOrder                                            : loaded 2 times (x 72B)
Class com.google.common.collect.Iterators$3                                           : loaded 2 times (x 82B)
Class com.google.common.reflect.TypeToken$1                                           : loaded 2 times (x 110B)
Class [Ldagger.spi.internal.shaded.kotlinx.metadata.internal.metadata.ProtoBuf$Expression$ConstantValue;: loaded 2 times (x 69B)
Class kotlin.text.Charsets                                                            : loaded 2 times (x 71B)
Class org.jetbrains.kotlin.cli.common.CompilerSystemProperties$Companion              : loaded 2 times (x 71B)
Class com.android.ide.common.gradle.Version$Companion$ParseState$EMPTY                : loaded 2 times (x 74B)
Class jdk.internal.jimage.decompressor.CompressedResourceHeader                       : loaded 2 times (x 71B)
Class dagger.spi.internal.shaded.androidx.room.compiler.processing.javac.JavacRawType : loaded 2 times (x 79B)
Class dagger.internal.codegen.writing.SetRequestRepresentation                        : loaded 2 times (x 74B)
Class dagger.internal.codegen.javapoet.TypeSpecs                                      : loaded 2 times (x 71B)
Class dagger.spi.internal.shaded.kotlinx.metadata.Flag$ValueParameter                 : loaded 2 times (x 71B)
Class dagger.spi.model.AutoValue_DependencyRequest                                    : loaded 2 times (x 76B)
Class dagger.internal.codegen.binding.DependencyVariableNamer$1                       : loaded 2 times (x 71B)
Class com.google.common.graph.EndpointPairIterator$Directed                           : loaded 2 times (x 82B)
Class com.google.common.graph.MultiEdgesConnecting                                    : loaded 2 times (x 137B)
Class dagger.internal.codegen.model.AutoValue_ComponentPath                           : loaded 2 times (x 75B)
Class [Ldagger.spi.model.BindingKind;                                                 : loaded 2 times (x 69B)
Class dagger.internal.codegen.writing.MembersInjectionRequestRepresentation_Factory_Impl: loaded 2 times (x 75B)
Class dagger.internal.codegen.writing.BindingRepresentation                           : loaded 2 times (x 70B)
Class org.gradle.tooling.model.Model                                                  : loaded 2 times (x 70B)
Class org.objectweb.asm.Edge                                                          : loaded 2 times (x 72B)
Class com.android.builder.model.v2.ide.Variant                                        : loaded 2 times (x 70B)
Class com.intellij.gradle.toolingExtension.impl.util.collectionUtil.GradleCollectionUtil: loaded 2 times (x 71B)
Class dagger.hilt.processor.internal.definecomponent.DefineComponentBuilderMetadatas  : loaded 2 times (x 72B)
Class com.google.common.graph.DirectedGraphConnections$5                              : loaded 2 times (x 71B)
Class dagger.hilt.processor.internal.root.TestRootMetadata                            : loaded 2 times (x 78B)
Class dagger.hilt.processor.internal.ComponentDescriptor                              : loaded 2 times (x 76B)
Class dagger.spi.model.AutoValue_DependencyRequest$Builder                            : loaded 2 times (x 77B)
Class dagger.spi.model.DaggerType                                                     : loaded 2 times (x 74B)
Class dagger.internal.codegen.validation.SpiModelBindingGraphConverter$DaggerTypeImpl : loaded 2 times (x 75B)
Class dagger.internal.codegen.writing.ComponentInstanceRequestRepresentation_Factory  : loaded 2 times (x 72B)
Class dagger.internal.codegen.componentgenerator.CurrentImplementationSubcomponent_ChildComponentImplementationFactoryModule_ProvideTopLevelImplementationFactory: loaded 2 times (x 79B)
Class org.gradle.internal.Factory                                                     : loaded 2 times (x 70B)
Class org.gradle.api.internal.classpath.DefaultModuleRegistry$DefaultModuleAlias      : loaded 2 times (x 80B)
Class org.objectweb.asm.SymbolTable$Entry                                             : loaded 2 times (x 74B)
Class org.jetbrains.kotlin.cli.common.arguments.Freezable                             : loaded 2 times (x 72B)
Class com.google.common.io.CharStreams$NullWriter                                     : loaded 2 times (x 99B)
Class dagger.hilt.processor.internal.kotlin.KotlinMetadata$ClassMetadata              : loaded 2 times (x 78B)
Class [Ldagger.hilt.android.processor.internal.androidentrypoint.ActivityGenerator$ActivityMethod;: loaded 2 times (x 69B)
Class dagger.hilt.android.processor.internal.viewmodel.ViewModelModuleGenerator       : loaded 2 times (x 72B)
Class com.google.common.graph.ForwardingGraph                                         : loaded 2 times (x 136B)
Class com.google.common.reflect.Types$JavaVersion$1                                   : loaded 2 times (x 83B)
Class [Lorg.jetbrains.kotlin.config.ExplicitApiMode;                                  : loaded 2 times (x 69B)
Class org.gradle.tooling.model.idea.IdeaLanguageLevel                                 : loaded 2 times (x 70B)
Class org.gradle.tooling.internal.adapter.ProtocolToModelAdapter$SafeMethodInvoker    : loaded 2 times (x 76B)
Class org.gradle.tooling.internal.adapter.WeakIdentityHashMap$WeakKey                 : loaded 2 times (x 79B)
Class org.gradle.internal.exceptions.DefaultMultiCauseException                       : loaded 2 times (x 95B)
Class dagger.internal.codegen.writing.ProviderInstanceRequestRepresentation$1         : loaded 2 times (x 71B)
Class dagger.internal.codegen.binding.AutoValue_MethodSignature                       : loaded 2 times (x 75B)
Class dagger.internal.codegen.writing.ComponentImplementation$CompilerMode            : loaded 2 times (x 79B)
Class com.google.common.graph.StandardValueGraph$1                                    : loaded 2 times (x 136B)
Class dagger.spi.model.$AutoValue_Key                                                 : loaded 2 times (x 80B)
Class com.google.common.graph.DirectedGraphConnections$4                              : loaded 2 times (x 83B)
Class dagger.internal.codegen.writing.MapRequestRepresentation                        : loaded 2 times (x 74B)
Class dagger.internal.codegen.javapoet.Expression                                     : loaded 2 times (x 72B)
Class kotlin.collections.ArrayDeque                                                   : loaded 2 times (x 207B)
Class com.google.common.io.Files$FileByteSource                                       : loaded 2 times (x 85B)
Class [Lcom.google.common.reflect.Types$JavaVersion;                                  : loaded 2 times (x 69B)
Class com.google.common.collect.Interners$InternerBuilder                             : loaded 2 times (x 76B)
Class dagger.hilt.processor.internal.kotlin.KotlinMetadata                            : loaded 2 times (x 78B)
Class com.google.common.graph.DirectedGraphConnections$3                              : loaded 2 times (x 137B)
Class dagger.internal.codegen.writing.ComponentImplementation                         : loaded 2 times (x 72B)
Class dagger.internal.codegen.writing.ComponentNames                                  : loaded 2 times (x 72B)
Class org.gradle.internal.classpath.ClassPath                                         : loaded 2 times (x 70B)
Class Settings_gradle$1                                                               : loaded 2 times (x 74B)
Class com.android.builder.model.v2.AndroidModel                                       : loaded 2 times (x 70B)
Class com.android.builder.model.v2.models.AndroidProject                              : loaded 2 times (x 70B)
Class com.android.builder.model.v2.dsl.SigningConfig                                  : loaded 2 times (x 70B)
Class org.jetbrains.kotlin.config.JvmDefaultMode$Companion                            : loaded 2 times (x 71B)
Class org.jetbrains.kotlin.cli.common.messages.CompilerMessageSourceLocation          : loaded 2 times (x 70B)
Class com.google.common.io.ByteSink                                                   : loaded 2 times (x 76B)
Class com.google.common.cache.RemovalCause                                            : loaded 2 times (x 80B)
Class com.google.common.graph.DirectedGraphConnections$2                              : loaded 2 times (x 137B)
Class dagger.internal.DelegateFactory                                                 : loaded 2 times (x 79B)
Class dagger.internal.codegen.writing.AutoValue_ComponentCreatorImplementation        : loaded 2 times (x 75B)
Class jdk.internal.jimage.decompressor.ResourceDecompressor                           : loaded 2 times (x 70B)
Class com.google.common.reflect.TypeToken                                             : loaded 2 times (x 73B)
Class dagger.spi.internal.shaded.androidx.room.jarjarred.kotlinx.metadata.KmVersion   : loaded 2 times (x 71B)
Class com.google.common.collect.MapMakerInternalMap$Segment                           : loaded 2 times (x 142B)
Class kotlin.jvm.internal.TypeIntrinsics                                              : loaded 2 times (x 71B)
Class [Ldagger.spi.internal.shaded.kotlinx.metadata.internal.metadata.ProtoBuf$Effect$EffectType;: loaded 2 times (x 69B)
Class com.google.common.reflect.Types$JavaVersion$2                                   : loaded 2 times (x 83B)
Class com.google.common.reflect.Types                                                 : loaded 2 times (x 71B)
Class com.google.common.hash.PrimitiveSink                                            : loaded 2 times (x 70B)
Class com.android.builder.model.v2.ide.ProjectInfo                                    : loaded 2 times (x 70B)
Class org.jetbrains.kotlin.cli.common.arguments.CommonToolArguments                   : loaded 2 times (x 73B)
Class com.google.common.util.concurrent.AbstractFuture$Failure                        : loaded 2 times (x 72B)
Class kotlin.collections.ArrayDeque$Companion                                         : loaded 2 times (x 71B)
Class org.gradle.tooling.model.HierarchicalElement                                    : loaded 2 times (x 70B)
Class dagger.internal.codegen.binding.FrameworkTypeMapper$3                           : loaded 2 times (x 71B)
Class dagger.internal.codegen.writing.SubcomponentCreatorRequestRepresentation_Factory: loaded 2 times (x 72B)
Class dagger.internal.codegen.writing.PrivateMethodRequestRepresentation_Factory_Impl : loaded 2 times (x 75B)
Class dagger.spi.model.AutoValue_ComponentPath                                        : loaded 2 times (x 75B)
Class dagger.internal.codegen.validation.SpiModelBindingGraphConverter$DaggerElementImpl: loaded 2 times (x 75B)
Class dagger.internal.codegen.writing.UnscopedDirectInstanceRequestRepresentationFactory: loaded 2 times (x 72B)
Class org.gradle.api.internal.ClassPathRegistry                                       : loaded 2 times (x 70B)
Class org.gradle.internal.classpath.DefaultClassPath$ImmutableUniqueList              : loaded 2 times (x 199B)
Class com.android.builder.model.v2.ide.JavaArtifact                                   : loaded 2 times (x 70B)
Class [Lorg.jetbrains.kotlin.config.JvmDefaultMode;                                   : loaded 2 times (x 69B)
Class org.jetbrains.kotlin.cli.common.messages.MessageCollector                       : loaded 2 times (x 70B)
Class org.jetbrains.kotlin.load.java.JvmAbi                                           : loaded 2 times (x 71B)
Class com.google.common.reflect.Invokable$ConstructorInvokable                        : loaded 2 times (x 107B)
Class dagger.internal.codegen.binding.FrameworkTypeMapper$2                           : loaded 2 times (x 80B)
Class dagger.internal.codegen.model.BindingGraph$DependencyEdge                       : loaded 2 times (x 70B)
Class dagger.internal.codegen.validation.AutoValue_SpiModelBindingGraphConverter_SubcomponentCreatorBindingEdgeImpl: loaded 2 times (x 77B)
Class dagger.internal.codegen.writing.ProducerFromProviderCreationExpression_Factory_Impl: loaded 2 times (x 75B)
Class dagger.internal.codegen.writing.ProducerFromProviderCreationExpression          : loaded 2 times (x 76B)
Class dagger.hilt.processor.internal.earlyentrypoint.AggregatedEarlyEntryPointMetadata: loaded 2 times (x 73B)
Class dagger.hilt.processor.internal.uninstallmodules.AggregatedUninstallModulesMetadata: loaded 2 times (x 74B)
Class org.gradle.api.internal.DefaultClassPathRegistry                                : loaded 2 times (x 76B)
Class org.gradle.tooling.internal.gradle.GradleProjectIdentity                        : loaded 2 times (x 70B)
Class dagger.spi.internal.shaded.kotlinx.metadata.internal.metadata.ProtoBuf$Type$Argument$1: loaded 2 times (x 144B)
Class dagger.internal.codegen.binding.FrameworkTypeMapper$1                           : loaded 2 times (x 80B)
Class com.google.common.collect.SortedMultiset                                        : loaded 2 times (x 70B)
Class dagger.spi.model.DaggerTypeElement                                              : loaded 2 times (x 74B)
Class dagger.internal.codegen.validation.AutoValue_SpiModelBindingGraphConverter_DaggerTypeElementImpl: loaded 2 times (x 76B)
Class dagger.internal.codegen.writing.AnonymousProviderCreationExpression$Factory     : loaded 2 times (x 70B)
Class [Ldagger.internal.codegen.writing.ComponentImplementation$CompilerMode;         : loaded 2 times (x 69B)
Class dagger.internal.codegen.writing.FrameworkInstanceSupplier                       : loaded 2 times (x 70B)
Class com.google.common.collect.Lists$RandomAccessPartition                           : loaded 2 times (x 200B)
Class com.google.common.util.concurrent.AbstractFuture$Cancellation                   : loaded 2 times (x 72B)
Class com.google.common.io.AppendableWriter                                           : loaded 2 times (x 100B)
Class dagger.spi.internal.shaded.kotlinx.metadata.KmTypeParameterExtensionVisitor     : loaded 2 times (x 70B)
Class dagger.hilt.processor.internal.kotlin.AutoValue_KotlinMetadata_ValueParameterMetadata: loaded 2 times (x 75B)
Class dagger.internal.codegen.binding.FrameworkTypeMapper                             : loaded 2 times (x 80B)
Class com.google.common.graph.Graphs$NodeVisitState                                   : loaded 2 times (x 79B)
Class com.google.common.graph.Traverser$InsertionOrder$2                              : loaded 2 times (x 80B)
Class dagger.internal.codegen.binding.AutoValue_ComponentCreatorDescriptor            : loaded 2 times (x 82B)
Class com.google.common.graph.NetworkBuilder                                          : loaded 2 times (x 72B)
Class com.google.common.io.CharSink                                                   : loaded 2 times (x 79B)
Class com.google.common.reflect.Types$JavaVersion$3                                   : loaded 2 times (x 83B)
Class com.android.builder.model.v2.dsl.DependenciesInfo                               : loaded 2 times (x 70B)
Class org.objectweb.asm.Label                                                         : loaded 2 times (x 73B)
Class org.objectweb.asm.CurrentFrame                                                  : loaded 2 times (x 73B)
Class org.objectweb.asm.ClassTooLargeException                                        : loaded 2 times (x 83B)
Class org.gradle.internal.time.Time                                                   : loaded 2 times (x 71B)
Class dagger.internal.codegen.writing.SwitchingProviders$1                            : loaded 2 times (x 78B)
Class dagger.internal.codegen.writing.FrameworkInstanceRequestRepresentation          : loaded 2 times (x 76B)
Class dagger.internal.codegen.writing.ComponentRequirementExpressions                 : loaded 2 times (x 72B)
Class dagger.internal.codegen.writing.InjectionOrProvisionProviderCreationExpression$Factory: loaded 2 times (x 70B)
Class dagger.internal.codegen.writing.ComponentRequirementRequestRepresentation_Factory: loaded 2 times (x 72B)
Class dagger.internal.codegen.validation.AutoValue_SpiModelBindingGraphConverter_DaggerElementImpl: loaded 2 times (x 76B)
Class dagger.internal.codegen.writing.ImmediateFutureRequestRepresentation$Factory    : loaded 2 times (x 70B)
Class dagger.internal.codegen.writing.ComponentNames_Factory                          : loaded 2 times (x 79B)
Class dagger.internal.codegen.writing.ProvisionBindingRepresentation$1                : loaded 2 times (x 71B)
Class com.google.common.base.Stopwatch                                                : loaded 2 times (x 72B)
Class org.jetbrains.kotlin.config.ApiVersion                                          : loaded 2 times (x 86B)
Class dagger.internal.codegen.binding.ResolvedBindings                                : loaded 2 times (x 80B)
Class dagger.internal.codegen.binding.ComponentCreatorDescriptor                      : loaded 2 times (x 79B)
Class dagger.internal.codegen.base.SetType                                            : loaded 2 times (x 77B)
Class dagger.hilt.processor.internal.definecomponent.DefineComponentMetadatas$DefineComponentMetadata: loaded 2 times (x 75B)
Class com.google.common.graph.ImmutableGraph                                          : loaded 2 times (x 138B)
Class com.google.common.graph.DirectedGraphConnections$NodeConnection$Pred            : loaded 2 times (x 72B)
Class com.google.common.graph.Traverser$InsertionOrder$1                              : loaded 2 times (x 80B)
Class dagger.internal.codegen.binding.ComponentRequirement                            : loaded 2 times (x 83B)
Class dagger.spi.model.ComponentPath                                                  : loaded 2 times (x 73B)
Class com.google.common.graph.MapIteratorCache                                        : loaded 2 times (x 75B)
Class com.google.common.graph.MutableGraph                                            : loaded 2 times (x 70B)
Class dagger.spi.model.DaggerElement                                                  : loaded 2 times (x 74B)
Class dagger.internal.codegen.writing.DelegateRequestRepresentation_Factory_Impl      : loaded 2 times (x 75B)
Class dagger.internal.codegen.writing.SetFactoryCreationExpression_Factory_Impl       : loaded 2 times (x 75B)
Class dagger.internal.codegen.writing.ProviderInstanceRequestRepresentation_Factory   : loaded 2 times (x 72B)
Class org.gradle.api.internal.classpath.UnknownModuleException                        : loaded 2 times (x 82B)
Class com.google.common.graph.Traverser$InsertionOrder                                : loaded 2 times (x 80B)
Class com.google.common.graph.AbstractNetwork$1                                       : loaded 2 times (x 136B)
Class dagger.internal.codegen.writing.MembersInjectorProviderCreationExpression_Factory: loaded 2 times (x 72B)
Class dagger.internal.codegen.writing.UnscopedFrameworkInstanceCreationExpressionFactory_Factory: loaded 2 times (x 79B)
Class dagger.internal.codegen.xprocessing.JavaPoetExt                                 : loaded 2 times (x 71B)
Class org.gradle.api.internal.classpath.Module                                        : loaded 2 times (x 70B)
Class dagger.internal.codegen.binding.DependencyVariableNamer                         : loaded 2 times (x 71B)
Class org.gradle.tooling.internal.gradle.DefaultBuildIdentifier                       : loaded 2 times (x 79B)
Class org.gradle.tooling.internal.adapter.ProtocolToModelAdapter$AdaptingMethodInvoker: loaded 2 times (x 76B)
Class dagger.internal.codegen.validation.ComponentDescriptorValidator$ComponentValidation: loaded 2 times (x 72B)
Class com.google.common.collect.FilteredMultimap                                      : loaded 2 times (x 70B)
Class dagger.internal.codegen.binding.DependencyEdgeImpl                              : loaded 2 times (x 76B)
Class org.gradle.internal.time.DefaultCountdownTimer                                  : loaded 2 times (x 88B)
Class com.android.builder.model.v2.models.ProjectSyncIssues                           : loaded 2 times (x 70B)
Class com.google.common.collect.MapMakerInternalMap$InternalEntryHelper               : loaded 2 times (x 70B)
Class com.google.common.reflect.Types$JavaVersion$4                                   : loaded 2 times (x 83B)
Class com.google.common.io.ByteSource$AsCharSource                                    : loaded 2 times (x 86B)
Class org.jetbrains.kotlin.cli.common.messages.MessageCollector$Companion$NONE$1      : loaded 2 times (x 76B)
Class com.android.builder.model.v2.models.ProjectGraph                                : loaded 2 times (x 70B)
Class com.android.ide.common.gradle.Version$Companion$ParseState$NUMERIC              : loaded 2 times (x 74B)
Class com.google.common.collect.FilteredKeySetMultimap$EntrySet                       : loaded 2 times (x 149B)
Class org.objectweb.asm.Frame                                                         : loaded 2 times (x 73B)
Class org.objectweb.asm.MethodVisitor                                                 : loaded 2 times (x 105B)
Class com.google.common.base.Joiner$3                                                 : loaded 2 times (x 199B)
Class dagger.internal.codegen.writing.MembersInjectionRequestRepresentation           : loaded 2 times (x 74B)
Class dagger.internal.codegen.writing.ComponentCreatorImplementationFactory$RequirementStatus: loaded 2 times (x 79B)
Class dagger.internal.codegen.writing.ProducerFromProviderCreationExpression$Factory  : loaded 2 times (x 70B)
Class dagger.spi.model.BindingGraph$DependencyEdge                                    : loaded 2 times (x 70B)
Class com.google.common.base.Predicates$InPredicate                                   : loaded 2 times (x 88B)
Class dagger.internal.codegen.validation.AutoValue_SpiModelBindingGraphConverter_DaggerAnnotationImpl: loaded 2 times (x 77B)
Class dagger.internal.codegen.javapoet.ExpressionType                                 : loaded 2 times (x 72B)
Class org.gradle.tooling.internal.adapter.ProtocolToModelAdapter$PropertyCachingMethodInvoker: loaded 2 times (x 76B)
Class dagger.internal.codegen.binding.ComponentDescriptor$ComponentMethodDescriptor   : loaded 2 times (x 74B)
Class com.android.builder.model.v2.CustomSourceDirectory                              : loaded 2 times (x 70B)
Class org.jetbrains.kotlin.name.ClassId                                               : loaded 2 times (x 72B)
Class com.google.common.reflect.Reflection                                            : loaded 2 times (x 71B)
Class com.google.common.graph.Graph                                                   : loaded 2 times (x 70B)
Class com.google.common.graph.StandardMutableValueGraph                               : loaded 2 times (x 174B)
Class com.google.common.graph.DirectedGraphConnections$3$2                            : loaded 2 times (x 82B)
Class com.google.common.collect.Lists$TwoPlusArrayList                                : loaded 2 times (x 199B)
Class dagger.spi.model.Key$Builder                                                    : loaded 2 times (x 76B)
Class org.gradle.api.internal.classpath.DefaultModuleRegistry$DefaultModule           : loaded 2 times (x 82B)
Class org.gradle.tooling.internal.adapter.ProtocolToModelAdapter$ViewKey              : loaded 2 times (x 72B)
Class org.objectweb.asm.FieldVisitor                                                  : loaded 2 times (x 77B)
Class dagger.spi.internal.shaded.androidx.room.jarjarred.kotlinx.metadata.internal.metadata.ProtoBuf$VersionRequirement$Level$1: loaded 2 times (x 74B)
Class dagger.spi.internal.shaded.androidx.room.jarjarred.kotlinx.metadata.KmVersionRequirementVisitor: loaded 2 times (x 75B)
Class dagger.spi.internal.shaded.kotlinx.metadata.internal.metadata.ProtoBuf$Effect$InvocationKind: loaded 2 times (x 82B)
Class dagger.spi.internal.shaded.kotlinx.metadata.internal.metadata.ProtoBuf$Effect$EffectType$1: loaded 2 times (x 74B)
Class com.google.common.graph.DirectedGraphConnections$3$1                            : loaded 2 times (x 82B)
Class dagger.internal.codegen.validation.$AutoValue_SpiModelBindingGraphConverter_BindingGraphImpl: loaded 2 times (x 96B)
Class dagger.internal.codegen.writing.MembersInjectionBindingRepresentation_Factory_Impl: loaded 2 times (x 75B)
Class dagger.internal.codegen.writing.ComponentRequirementRequestRepresentation$Factory: loaded 2 times (x 70B)
Class org.gradle.internal.time.DefaultTimer                                           : loaded 2 times (x 80B)
Class kotlin.collections.ArraysKt___ArraysKt$asSequence$$inlined$Sequence$1           : loaded 2 times (x 75B)
Class com.google.common.reflect.Types$JavaVersion$5                                   : loaded 2 times (x 71B)
Class [Lcom.google.common.reflect.Types$ClassOwnership;                               : loaded 2 times (x 69B)
Class org.objectweb.asm.ClassWriter                                                   : loaded 2 times (x 106B)
Class dagger.internal.codegen.bindinggraphvalidation.AutoValue_DuplicateBindingsValidator_BindingWithoutComponent: loaded 2 times (x 76B)
Class com.android.ide.common.gradle.Separator                                         : loaded 2 times (x 79B)
Class com.android.builder.model.v2.ide.AndroidGradlePluginProjectFlags$BooleanFlag    : loaded 2 times (x 79B)
Class dagger.hilt.processor.internal.definecomponent.AutoValue_DefineComponentMetadatas_DefineComponentMetadata: loaded 2 times (x 76B)
Class dagger.internal.codegen.writing.SubcomponentCreatorRequestRepresentation$Factory: loaded 2 times (x 70B)
Class dagger.internal.codegen.writing.MembersInjectorProviderCreationExpression_Factory_Impl: loaded 2 times (x 75B)
Class dagger.internal.codegen.writing.ProvisionBindingRepresentation_Factory_Impl     : loaded 2 times (x 75B)
Class org.gradle.tooling.internal.adapter.ProtocolToModelAdapter                      : loaded 2 times (x 80B)
Class kotlin.io.FileTreeWalk$FileTreeWalkIterator$WhenMappings                        : loaded 2 times (x 71B)
Class dagger.spi.internal.shaded.kotlinx.metadata.internal.metadata.ProtoBuf$Type$Argument$Projection$1: loaded 2 times (x 74B)
Class com.google.common.graph.AbstractBaseGraph                                       : loaded 2 times (x 114B)
Class com.google.common.graph.DirectedGraphConnections$NodeConnection$Succ            : loaded 2 times (x 72B)
Class dagger.internal.codegen.validation.ComponentValidator$ElementValidator          : loaded 2 times (x 73B)
Class [Lcom.google.common.graph.GraphConstants$Presence;                              : loaded 2 times (x 69B)
Class dagger.internal.codegen.binding.AutoValue_ComponentRequirement                  : loaded 2 times (x 83B)
Class com.google.common.graph.StandardMutableNetwork                                  : loaded 2 times (x 174B)
Class dagger.internal.codegen.validation.AutoValue_SpiModelBindingGraphConverter_ComponentNodeImpl: loaded 2 times (x 88B)
Class dagger.spi.model.$AutoValue_Key$Builder                                         : loaded 2 times (x 78B)
Class dagger.internal.codegen.writing.ProducerNodeInstanceRequestRepresentation_Factory: loaded 2 times (x 72B)
Class org.gradle.kotlin.dsl.VersionCatalogAccessorsKt                                 : loaded 2 times (x 71B)
Class com.android.builder.model.v2.ide.LibraryType                                    : loaded 2 times (x 79B)
Class [Lcom.android.builder.model.v2.ide.LibraryType;                                 : loaded 2 times (x 69B)
Class com.google.common.io.ByteSink$AsCharSink                                        : loaded 2 times (x 80B)
Class kotlin.text.DelimitedRangesSequence$iterator$1                                  : loaded 2 times (x 79B)
Class com.intellij.gradle.toolingExtension.impl.initScript.util.GradleJvmForkedDebuggerHelper: loaded 2 times (x 71B)
Class dagger.internal.codegen.componentgenerator.CurrentImplementationSubcomponent$Builder: loaded 2 times (x 70B)
Class com.google.common.graph.Traverser$Traversal$4                                   : loaded 2 times (x 82B)
Class org.gradle.tooling.internal.adapter.CollectionMapper                            : loaded 2 times (x 73B)
Class org.gradle.tooling.model.kotlin.dsl.KotlinDslScriptModel                        : loaded 2 times (x 70B)
Class com.google.common.util.concurrent.AbstractFuture$Trusted                        : loaded 2 times (x 70B)
Class org.jetbrains.kotlin.cli.common.messages.MessageCollector$Companion             : loaded 2 times (x 71B)
Class kotlin.io.LinesSequence$iterator$1                                              : loaded 2 times (x 79B)
Class com.google.common.graph.DirectedGraphConnections$NodeConnection                 : loaded 2 times (x 72B)
Class com.google.common.graph.Traverser$Traversal$3                                   : loaded 2 times (x 82B)
Class com.android.builder.model.v2.dsl.ClassField                                     : loaded 2 times (x 70B)
Class com.google.common.collect.CollectCollectors                                     : loaded 2 times (x 71B)
Class org.objectweb.asm.ModuleWriter                                                  : loaded 2 times (x 82B)
Class org.gradle.tooling.model.BuildIdentifier                                        : loaded 2 times (x 70B)
Class dagger.internal.codegen.writing.FrameworkInstanceKind$1                         : loaded 2 times (x 71B)
Class dagger.internal.codegen.binding.ComponentNodeImpl                               : loaded 2 times (x 85B)
Class dagger.internal.codegen.writing.ComponentMethodRequestRepresentation$Factory    : loaded 2 times (x 70B)
Class dagger.internal.codegen.model.BindingGraph$ChildFactoryMethodEdge               : loaded 2 times (x 70B)
Class dagger.internal.codegen.binding.BindingNode                                     : loaded 2 times (x 108B)
Class dagger.internal.codegen.writing.MapRequestRepresentation_Factory_Impl           : loaded 2 times (x 75B)
Class dagger.internal.codegen.writing.DerivedFromFrameworkInstanceRequestRepresentation_Factory_Impl: loaded 2 times (x 75B)
Class dagger.internal.codegen.writing.SwitchingProviderInstanceSupplier_Factory_Impl  : loaded 2 times (x 75B)
Class dagger.internal.codegen.binding.ComponentRequirement$NullPolicy                 : loaded 2 times (x 79B)
Class dagger.internal.codegen.writing.DependencyMethodProducerCreationExpression_Factory: loaded 2 times (x 72B)
Class dagger.internal.codegen.writing.ProviderInstanceSupplier$Factory                : loaded 2 times (x 70B)
Class dagger.internal.codegen.writing.ProvisionBindingRepresentation_Factory          : loaded 2 times (x 72B)
Class dagger.internal.codegen.writing.PrivateMethodRequestRepresentation              : loaded 2 times (x 78B)
Class com.android.builder.model.v2.ide.CodeShrinker                                   : loaded 2 times (x 79B)
Class dagger.spi.internal.shaded.androidx.room.jarjarred.kotlinx.metadata.internal.metadata.deserialization.VersionRequirement$Version: loaded 2 times (x 71B)
Class com.google.common.graph.Traverser$Traversal$2                                   : loaded 2 times (x 74B)
Class dagger.internal.codegen.binding.$AutoValue_SubcomponentDeclaration              : loaded 2 times (x 78B)
Class dagger.internal.codegen.binding.AutoValue_ComponentNodeImpl                     : loaded 2 times (x 86B)
Class dagger.internal.codegen.writing.StaticFactoryInstanceSupplier$Factory           : loaded 2 times (x 70B)
Class dagger.internal.codegen.writing.AnonymousProviderCreationExpression_Factory_Impl: loaded 2 times (x 75B)
Class dagger.internal.codegen.writing.OptionalFactories_Factory                       : loaded 2 times (x 79B)
Class com.android.builder.model.v2.ide.BytecodeTransformation                         : loaded 2 times (x 79B)
Class com.google.common.io.ByteSource$ByteArrayByteSource                             : loaded 2 times (x 85B)
Class com.google.common.reflect.TypeToken$SimpleTypeToken                             : loaded 2 times (x 73B)
Class com.google.common.collect.MapMakerInternalMap$AbstractStrongKeyEntry            : loaded 2 times (x 80B)
Class com.google.common.collect.CollectSpliterators$1                                 : loaded 2 times (x 90B)
Class com.android.builder.model.v2.ide.VectorDrawablesOptions                         : loaded 2 times (x 70B)
Class dagger.internal.codegen.writing.DirectInstanceBindingRepresentation$1           : loaded 2 times (x 71B)
Class dagger.internal.codegen.writing.ProducerEntryPointView                          : loaded 2 times (x 72B)
Class dagger.hilt.android.processor.internal.viewmodel.ViewModelMetadata              : loaded 2 times (x 72B)
Class dagger.hilt.processor.internal.AggregatedElements                               : loaded 2 times (x 71B)
Class com.google.common.graph.Traverser$Traversal$1                                   : loaded 2 times (x 74B)
Class dagger.hilt.processor.internal.root.RootFileFormatter                           : loaded 2 times (x 71B)
Class dagger.internal.codegen.writing.OptionalRequestRepresentation$Factory           : loaded 2 times (x 70B)
Class com.google.common.collect.Lists$Partition                                       : loaded 2 times (x 200B)
Class dagger.internal.codegen.validation.ComponentCreatorValidator$ElementValidator   : loaded 2 times (x 72B)
Class org.gradle.tooling.model.UnsupportedMethodException                             : loaded 2 times (x 82B)
Class org.gradle.tooling.internal.adapter.ProtocolToModelAdapter$SupportedPropertyInvoker: loaded 2 times (x 76B)
Class com.google.common.collect.HashBiMap$BiEntry                                     : loaded 2 times (x 83B)
Class dagger.hilt.processor.internal.definecomponent.DefineComponentClassesMetadata   : loaded 2 times (x 75B)
Class dagger.internal.codegen.writing.FrameworkInstanceBindingRepresentation$Factory  : loaded 2 times (x 70B)
Class dagger.internal.codegen.writing.ComponentCreatorImplementation                  : loaded 2 times (x 74B)
Class org.gradle.internal.service.ServiceLocator                                      : loaded 2 times (x 70B)
Class [Lorg.objectweb.asm.Type;                                                       : loaded 2 times (x 69B)
Class com.android.builder.model.v2.ide.TestInfo$Execution                             : loaded 2 times (x 79B)
Class dagger.spi.internal.shaded.androidx.room.jarjarred.kotlinx.metadata.internal.metadata.ProtoBuf$VersionRequirementOrBuilder: loaded 2 times (x 70B)
Class org.jetbrains.kotlin.config.LanguageOrApiVersion                                : loaded 2 times (x 70B)
Class [Lorg.objectweb.asm.Attribute;                                                  : loaded 2 times (x 69B)
Class dagger.hilt.processor.internal.AutoValue_MethodSignature                        : loaded 2 times (x 74B)
Class [Ldagger.spi.internal.shaded.auto.common.Visibility;                            : loaded 2 times (x 69B)
Class com.google.common.graph.GraphConnections                                        : loaded 2 times (x 70B)
Class kotlin.sequences.ConstrainedOnceSequence                                        : loaded 2 times (x 75B)
Class com.google.common.io.ByteStreams$1                                              : loaded 2 times (x 85B)
Class com.android.builder.model.v2.ide.Edge                                           : loaded 2 times (x 70B)
Class com.android.builder.model.v2.models.VariantDependenciesFlatList                 : loaded 2 times (x 70B)
Class org.gradle.tooling.model.build.JavaEnvironment                                  : loaded 2 times (x 70B)
Class com.google.common.graph.DirectedGraphConnections                                : loaded 2 times (x 83B)
Class dagger.internal.codegen.writing.SwitchingProviderInstanceSupplier$Factory       : loaded 2 times (x 70B)
Class dagger.internal.codegen.validation.SpiModelBindingGraphConverter$DaggerAnnotationImpl: loaded 2 times (x 76B)
Class dagger.internal.codegen.writing.UnscopedDirectInstanceRequestRepresentationFactory_Factory: loaded 2 times (x 79B)
Class org.jetbrains.kotlin.config.LanguageFeature                                     : loaded 2 times (x 80B)
Class com.google.common.reflect.TypeResolver$TypeVariableKey                          : loaded 2 times (x 72B)
Class dagger.internal.codegen.binding.SubcomponentDeclaration                         : loaded 2 times (x 76B)
Class dagger.hilt.processor.internal.definecomponent.DefineComponents                 : loaded 2 times (x 72B)
Class dagger.internal.codegen.validation.ComponentValidator$ElementValidator$ComponentMethodValidator: loaded 2 times (x 73B)
Class com.google.common.graph.AbstractBaseGraph$1                                     : loaded 2 times (x 137B)
Class dagger.internal.codegen.binding.ErrorMessages$FactoryMessages                   : loaded 2 times (x 81B)
Class com.google.common.reflect.Types$ParameterizedTypeImpl                           : loaded 2 times (x 81B)
Class dagger.internal.codegen.binding.ErrorMessages$1                                 : loaded 2 times (x 71B)
Class dagger.internal.codegen.binding.AutoValue_ResolvedBindings                      : loaded 2 times (x 89B)
Class dagger.internal.codegen.writing.MembersInjectionBindingRepresentation$Factory   : loaded 2 times (x 70B)
Class dagger.internal.codegen.writing.ComponentProvisionRequestRepresentation$Factory : loaded 2 times (x 70B)
Class dagger.internal.codegen.writing.ComponentMethodRequestRepresentation            : loaded 2 times (x 78B)
Class org.gradle.internal.classloader.InstrumentingClassLoader                        : loaded 2 times (x 70B)
Class org.gradle.internal.classpath.TransformedClassPath                              : loaded 2 times (x 96B)
Class org.objectweb.asm.FieldWriter                                                   : loaded 2 times (x 78B)
Class com.google.common.reflect.Invokable                                             : loaded 2 times (x 103B)
Class com.google.common.collect.MapMaker$Dummy                                        : loaded 2 times (x 79B)
Class dagger.hilt.android.processor.internal.viewmodel.ViewModelMetadata$Companion    : loaded 2 times (x 71B)
Class dagger.spi.internal.shaded.kotlinx.metadata.internal.metadata.ProtoBuf$Type$Argument: loaded 2 times (x 110B)
Class dagger.spi.internal.shaded.kotlinx.metadata.internal.metadata.ProtoBuf$Type$ArgumentOrBuilder: loaded 2 times (x 70B)
Class dagger.internal.codegen.binding.BindingRequest                                  : loaded 2 times (x 74B)
Class dagger.internal.codegen.bindinggraphvalidation.DuplicateBindingsValidator$BindingWithoutComponent: loaded 2 times (x 75B)
Class dagger.internal.codegen.writing.MemberSelect$LocalField                         : loaded 2 times (x 75B)
Class dagger.internal.codegen.validation.ComponentCreatorValidator$1                  : loaded 2 times (x 71B)
Class org.jetbrains.kotlin.config.JVMAssertionsMode$Companion                         : loaded 2 times (x 71B)
Class com.android.builder.model.v2.ide.SourceSetContainer                             : loaded 2 times (x 70B)
Class org.gradle.internal.time.Timer                                                  : loaded 2 times (x 70B)
Class org.gradle.internal.installation.CurrentGradleInstallationLocator               : loaded 2 times (x 71B)
Class dagger.internal.codegen.writing.ProducerNodeInstanceRequestRepresentation       : loaded 2 times (x 76B)
Class com.google.common.collect.ComparisonChain$1                                     : loaded 2 times (x 81B)
Class dagger.internal.codegen.writing.SubcomponentCreatorRequestRepresentation_Factory_Impl: loaded 2 times (x 75B)
Class dagger.internal.codegen.writing.ImmediateFutureRequestRepresentation_Factory    : loaded 2 times (x 72B)
Class dagger.internal.codegen.writing.ComponentWrapperImplementation_Factory          : loaded 2 times (x 79B)
Class dagger.spi.model.DaggerExecutableElement                                        : loaded 2 times (x 74B)
Class com.android.builder.model.v2.ide.AbstractArtifact                               : loaded 2 times (x 70B)
Class com.google.common.io.ByteStreams                                                : loaded 2 times (x 71B)
Class org.objectweb.asm.Handle                                                        : loaded 2 times (x 72B)
Class com.google.common.collect.Interner                                              : loaded 2 times (x 70B)
Class com.google.common.collect.Interners$InternerImpl                                : loaded 2 times (x 75B)
Class dagger.hilt.android.processor.internal.androidentrypoint.ActivityGenerator$ActivityMethod: loaded 2 times (x 79B)
Class [Ldagger.spi.internal.shaded.androidx.room.jarjarred.kotlinx.metadata.KmVersionRequirementLevel;: loaded 2 times (x 69B)
Class com.google.common.collect.FilteredEntrySetMultimap                              : loaded 2 times (x 203B)
Class dagger.hilt.processor.internal.aggregateddeps.AutoValue_AggregatedDepsMetadata  : loaded 2 times (x 79B)
Class com.google.common.graph.StandardNetwork                                         : loaded 2 times (x 140B)
Class dagger.internal.codegen.writing.MembersInjectionRequestRepresentation$Factory   : loaded 2 times (x 70B)
Class dagger.internal.codegen.writing.ComponentProvisionRequestRepresentation         : loaded 2 times (x 74B)
Class org.gradle.tooling.model.Dependency                                             : loaded 2 times (x 70B)
Class org.gradle.api.JavaVersion                                                      : loaded 2 times (x 79B)
Class com.google.common.util.concurrent.SettableFuture                                : loaded 2 times (x 114B)
Class org.jetbrains.kotlin.cli.common.messages.CompilerMessageSeverity                : loaded 2 times (x 79B)
Class com.google.common.reflect.Types$ClassOwnership$3                                : loaded 2 times (x 71B)
Class dagger.spi.internal.shaded.androidx.room.jarjarred.kotlinx.metadata.internal.metadata.deserialization.VersionRequirement$Companion: loaded 2 times (x 71B)
Class dagger.internal.codegen.model.ComponentPath                                     : loaded 2 times (x 73B)
Class com.google.common.graph.DirectedMultiNetworkConnections                         : loaded 2 times (x 98B)
Class dagger.internal.codegen.validation.DiagnosticMessageGenerator$1                 : loaded 2 times (x 87B)
Class dagger.spi.model.BindingGraph$MaybeBinding                                      : loaded 2 times (x 70B)
Class dagger.spi.model.Key$MultibindingContributionIdentifier                         : loaded 2 times (x 73B)
Class dagger.spi.model.AutoValue_Key_MultibindingContributionIdentifier               : loaded 2 times (x 74B)
Class dagger.hilt.processor.internal.DaggerModelsKt                                   : loaded 2 times (x 71B)
Class dagger.internal.codegen.writing.SimpleMethodRequestRepresentation$Factory       : loaded 2 times (x 70B)
Class org.objectweb.asm.ModuleVisitor                                                 : loaded 2 times (x 81B)
Class [Lkotlin.io.FileWalkDirection;                                                  : loaded 2 times (x 69B)
Class com.google.common.io.ByteSource$SlicedByteSource                                : loaded 2 times (x 85B)
Class org.objectweb.asm.ClassReader                                                   : loaded 2 times (x 93B)
Class org.jetbrains.kotlin.cli.common.messages.CompilerMessageSeverity$Companion      : loaded 2 times (x 71B)
Class com.android.builder.model.v2.ide.LintOptions                                    : loaded 2 times (x 70B)
Class org.gradle.tooling.internal.adapter.ProtocolToModelAdapter$ViewGraphDetails     : loaded 2 times (x 72B)
Class org.gradle.tooling.model.idea.IdeaProject                                       : loaded 2 times (x 70B)
Class org.gradle.tooling.model.DomainObjectSet                                        : loaded 2 times (x 70B)
Class org.gradle.internal.service.DefaultServiceLocator                               : loaded 2 times (x 83B)
Class org.jetbrains.kotlin.config.JvmDefaultMode                                      : loaded 2 times (x 79B)
Class dagger.internal.codegen.writing.AnonymousProviderCreationExpression_Factory     : loaded 2 times (x 72B)
Class com.google.common.io.ByteArrayDataInput                                         : loaded 2 times (x 70B)
Class dagger.internal.codegen.binding.$AutoValue_BindingGraph_TopLevelBindingGraph    : loaded 2 times (x 100B)
Class com.google.common.reflect.TypeResolver                                          : loaded 2 times (x 72B)
Class com.google.common.reflect.Types$ClassOwnership$2                                : loaded 2 times (x 80B)
Class [Ldagger.internal.codegen.binding.ComponentRequirement$NullPolicy;              : loaded 2 times (x 69B)
Class com.google.common.collect.MapMakerInternalMap$StrongValueEntry                  : loaded 2 times (x 70B)
Class dagger.internal.codegen.writing.FactoryGenerator$1                              : loaded 2 times (x 71B)
Class com.google.common.graph.ValueGraph                                              : loaded 2 times (x 70B)
Class com.google.common.collect.Collections2                                          : loaded 2 times (x 71B)
Class dagger.internal.codegen.base.AutoValue_OptionalType                             : loaded 2 times (x 75B)
Class dagger.internal.codegen.binding.BindingGraphFactory$Resolver$LegacyRequiresResolutionChecker: loaded 2 times (x 72B)
Class dagger.internal.codegen.validation.SpiModelBindingGraphConverter$BindingNodeImpl: loaded 2 times (x 104B)
Class dagger.internal.codegen.writing.ComponentMethodRequestRepresentation_Factory_Impl: loaded 2 times (x 75B)
Class com.google.common.graph.EndpointPair$Unordered                                  : loaded 2 times (x 83B)
Class dagger.internal.codegen.writing.SetRequestRepresentation_Factory_Impl           : loaded 2 times (x 75B)
Class dagger.internal.codegen.writing.DirectInstanceBindingRepresentation$Factory     : loaded 2 times (x 70B)
Class dagger.internal.codegen.writing.DelegatingFrameworkInstanceCreationExpression$Factory: loaded 2 times (x 70B)
Class org.gradle.internal.service.UnknownServiceException                             : loaded 2 times (x 83B)
Class kotlin.collections.CollectionsKt___CollectionsKt$asSequence$$inlined$Sequence$1 : loaded 2 times (x 75B)
Class com.google.common.base.AbstractIterator$State                                   : loaded 2 times (x 79B)
Class [Lorg.objectweb.asm.AnnotationVisitor;                                          : loaded 2 times (x 69B)
Class org.jetbrains.kotlin.cli.common.CompilerSystemProperties                        : loaded 2 times (x 80B)
Class com.google.common.reflect.Types$ClassOwnership$1                                : loaded 2 times (x 80B)
Class com.google.common.collect.MapMakerInternalMap$Strength$2                        : loaded 2 times (x 80B)
Class dagger.hilt.processor.internal.kotlin.KotlinMetadata$PropertyMetadata$Builder   : loaded 2 times (x 70B)
Class dagger.spi.internal.shaded.kotlinx.metadata.jvm.JvmTypeParameterExtensionVisitor: loaded 2 times (x 79B)
Class [Ldagger.spi.internal.shaded.kotlinx.metadata.KmVariance;                       : loaded 2 times (x 69B)
Class dagger.hilt.processor.internal.kotlin.AutoValue_KotlinMetadata_FunctionMetadata$Builder: loaded 2 times (x 82B)
Class dagger.hilt.processor.internal.aggregateddeps.AutoValue_ComponentDependencies$Builder: loaded 2 times (x 76B)
Class dagger.internal.codegen.binding.AutoValue_ComponentDescriptor_ComponentMethodDescriptor$Builder: loaded 2 times (x 78B)
Class dagger.spi.model.BindingGraph$MissingBinding                                    : loaded 2 times (x 82B)
Class dagger.internal.codegen.writing.OptionalFactoryInstanceCreationExpression_Factory: loaded 2 times (x 72B)
Class dagger.internal.codegen.writing.SimpleMethodRequestRepresentation               : loaded 2 times (x 74B)
Class org.gradle.api.internal.ClassPathProvider                                       : loaded 2 times (x 70B)
Class [Lorg.gradle.api.internal.ClassPathProvider;                                    : loaded 2 times (x 69B)
Class kotlin.io.FileTreeWalk                                                          : loaded 2 times (x 75B)
Class com.google.common.cache.LocalCache$SoftValueReference                           : loaded 2 times (x 97B)
Class com.android.builder.model.v2.ide.BasicArtifact                                  : loaded 2 times (x 70B)
Class org.jetbrains.kotlin.util.capitalizeDecapitalize.CapitalizeDecapitalizeKt       : loaded 2 times (x 71B)
Class com.google.common.collect.ComparisonChain$InactiveComparisonChain               : loaded 2 times (x 80B)
Class org.gradle.util.GradleVersion                                                   : loaded 2 times (x 81B)
Class org.gradle.internal.installation.CurrentGradleInstallation                      : loaded 2 times (x 73B)
Class dagger.spi.internal.shaded.androidx.room.compiler.processing.javac.JavacRawType$typeName$2: loaded 2 times (x 79B)
Class dagger.internal.codegen.writing.ProvisionBindingRepresentation                  : loaded 2 times (x 75B)
Class org.gradle.tooling.ToolingModelContract                                         : loaded 2 times (x 70B)
Class kotlin.text.MatchResult                                                         : loaded 2 times (x 70B)
Class kotlin.sequences.SequencesKt__SequencesKt$sequenceOf$$inlined$Sequence$1        : loaded 2 times (x 75B)
Class com.android.builder.model.v2.models.BasicAndroidProject                         : loaded 2 times (x 70B)
Class com.google.common.collect.MapMakerInternalMap$Strength$1                        : loaded 2 times (x 80B)
Class com.intellij.gradle.toolingExtension.impl.initScript.util.GradleTasksUtil       : loaded 2 times (x 71B)
Class com.google.common.graph.ElementOrder$1                                          : loaded 2 times (x 71B)
Class com.google.common.graph.GraphConstants$Presence                                 : loaded 2 times (x 79B)
Class dagger.internal.codegen.writing.DependencyMethodProviderCreationExpression_Factory_Impl: loaded 2 times (x 75B)
Class dagger.internal.codegen.writing.ProducerCreationExpression_Factory              : loaded 2 times (x 72B)
Class org.gradle.api.internal.DefaultClassPathProvider                                : loaded 2 times (x 76B)
Class com.google.common.collect.Iterators$PeekingImpl                                 : loaded 2 times (x 89B)
Class kotlin.jvm.internal.ArrayIteratorKt                                             : loaded 2 times (x 71B)
Class org.objectweb.asm.AnnotationVisitor                                             : loaded 2 times (x 78B)
Class com.android.ide.common.gradle.Numeric                                           : loaded 2 times (x 77B)
Class com.google.common.collect.ImmutableSet$SerializedForm                           : loaded 2 times (x 73B)
Class com.google.common.graph.MapIteratorCache$1$1                                    : loaded 2 times (x 81B)
Class [Ldagger.internal.codegen.base.OptionalType$OptionalKind;                       : loaded 2 times (x 69B)
Class dagger.internal.codegen.validation.SpiModelBindingGraphConverter$DaggerExecutableElementImpl: loaded 2 times (x 75B)
Class dagger.internal.codegen.writing.DerivedFromFrameworkInstanceRequestRepresentation_Factory: loaded 2 times (x 72B)
Class dagger.internal.codegen.writing.MapFactoryCreationExpression$Factory            : loaded 2 times (x 70B)
Class dagger.internal.codegen.writing.FrameworkFieldInitializer$InitializationState   : loaded 2 times (x 79B)
Class dagger.internal.codegen.binding.KeyVariableNamer                                : loaded 2 times (x 71B)
Class kotlin.jvm.internal.Ref$BooleanRef                                              : loaded 2 times (x 71B)
Class kotlin.jvm.internal.StringCompanionObject                                       : loaded 2 times (x 71B)
Class org.gradle.tooling.internal.adapter.ProtocolToModelAdapter$MethodInvocationCache$MethodInvocationKey: loaded 2 times (x 73B)
Class org.gradle.util.internal.GUtil                                                  : loaded 2 times (x 71B)
Class dagger.internal.codegen.writing.ProviderInstanceSupplier_Factory_Impl           : loaded 2 times (x 75B)
Class dagger.internal.codegen.writing.OptionalFactoryInstanceCreationExpression_Factory_Impl: loaded 2 times (x 75B)
Class dagger.internal.codegen.writing.ComponentRequirementRequestRepresentation_Factory_Impl: loaded 2 times (x 75B)
Class dagger.internal.codegen.componentgenerator.CurrentImplementationSubcomponent    : loaded 2 times (x 70B)
Class org.gradle.tooling.internal.gradle.DefaultProjectIdentifier                     : loaded 2 times (x 86B)
Class com.android.builder.model.v2.models.AndroidDsl                                  : loaded 2 times (x 70B)
Class [Ldagger.internal.codegen.binding.FrameworkTypeMapper;                          : loaded 2 times (x 69B)
Class [Ldagger.hilt.processor.internal.aggregateddeps.AggregatedDepsMetadata$DependencyType;: loaded 2 times (x 69B)
Class dagger.hilt.processor.internal.aliasof.AliasOfPropagatedDataMetadata            : loaded 2 times (x 74B)
Class dagger.spi.model.DependencyRequest$Builder                                      : loaded 2 times (x 76B)
Class dagger.internal.codegen.binding.DependencyRequestFactory$1                      : loaded 2 times (x 71B)
Class dagger.internal.codegen.writing.DependencyMethodProviderCreationExpression$Factory: loaded 2 times (x 70B)
Class kotlin.sequences.SequencesKt___SequencesKt$flatMap$2                            : loaded 2 times (x 125B)
Class dagger.internal.codegen.binding.ComponentRequirement$1                          : loaded 2 times (x 71B)
Class kotlin.io.FileTreeWalk$FileTreeWalkIterator                                     : loaded 2 times (x 83B)
Class dagger.spi.internal.shaded.kotlinx.metadata.internal.ReadersKt$WhenMappings     : loaded 2 times (x 71B)
Class dagger.spi.internal.shaded.kotlinx.metadata.internal.metadata.ProtoBuf$Effect$EffectType: loaded 2 times (x 82B)
Class [Ldagger.spi.internal.shaded.androidx.room.jarjarred.kotlinx.metadata.internal.metadata.ProtoBuf$VersionRequirement$Level;: loaded 2 times (x 69B)
Class dagger.hilt.processor.internal.aggregateddeps.AutoValue_ComponentDependencies   : loaded 2 times (x 75B)
Class dagger.hilt.processor.internal.aggregateddeps.AggregatedDepsMetadata$DependencyType: loaded 2 times (x 79B)
Class [Lcom.google.common.graph.Graphs$NodeVisitState;                                : loaded 2 times (x 69B)
Class com.google.common.collect.FilteredSetMultimap                                   : loaded 2 times (x 70B)
Class org.gradle.internal.classloader.ClassLoaderVisitor                              : loaded 2 times (x 76B)
Class kotlin.text.MatcherMatchResult$groupValues$1                                    : loaded 2 times (x 198B)
Class org.jetbrains.kotlin.config.LanguageVersionSettings                             : loaded 2 times (x 70B)
Class com.google.common.io.ByteSource$ConcatenatedByteSource                          : loaded 2 times (x 85B)
Class dagger.hilt.processor.internal.AutoValue_ComponentDescriptor$Builder            : loaded 2 times (x 80B)
Class com.google.common.graph.AbstractValueGraph                                      : loaded 2 times (x 145B)
Class dagger.internal.codegen.model.$AutoValue_ComponentPath                          : loaded 2 times (x 74B)
Class dagger.internal.codegen.binding.BindingGraphFactory$Resolver                    : loaded 2 times (x 72B)
Class dagger.internal.codegen.writing.ProductionBindingRepresentation_Factory         : loaded 2 times (x 72B)
Class dagger.internal.codegen.writing.SwitchingProviders                              : loaded 2 times (x 72B)
Class dagger.internal.codegen.writing.FrameworkFieldInitializer$FrameworkInstanceCreationExpression: loaded 2 times (x 70B)
Class dagger.internal.codegen.writing.ComponentCreatorImplementationFactory$Builder   : loaded 2 times (x 82B)
Class dagger.internal.codegen.writing.DerivedFromFrameworkInstanceRequestRepresentation: loaded 2 times (x 74B)
Class dagger.internal.codegen.writing.DelegateRequestRepresentation$1                 : loaded 2 times (x 71B)
Class org.gradle.internal.classloader.DefaultClassLoaderFactory                       : loaded 2 times (x 82B)
Class org.objectweb.asm.MethodTooLargeException                                       : loaded 2 times (x 83B)
Class com.google.common.collect.MapMakerInternalMap$Strength                          : loaded 2 times (x 80B)
Class ijInit2_89wll50w0qssj3p4i6d0aniyh                                               : loaded 2 times (x 171B)
Class com.google.common.collect.MapMakerInternalMap$StrongKeyDummyValueEntry$LinkedStrongKeyDummyValueEntry: loaded 2 times (x 82B)
Class com.google.common.io.ByteSource                                                 : loaded 2 times (x 84B)
Class com.android.utils.StringHelper                                                  : loaded 2 times (x 71B)
Class dagger.internal.codegen.writing.ComponentRequestRepresentations_Factory         : loaded 2 times (x 79B)
Class dagger.internal.codegen.writing.MapFactoryCreationExpression_Factory_Impl       : loaded 2 times (x 75B)
Class kotlin.io.LinesSequence                                                         : loaded 2 times (x 75B)
Class ijKotlinCoroutineJvmDebugInit1_aysb0nqvm92jr999mksyl9gft$_run_closure1$_closure3: loaded 2 times (x 139B)
Class dagger.spi.internal.shaded.androidx.room.jarjarred.kotlinx.metadata.internal.metadata.deserialization.VersionRequirement$Version$Companion: loaded 2 times (x 71B)
Class org.gradle.internal.operations.MultipleBuildOperationFailures                   : loaded 2 times (x 95B)
Class org.gradle.tooling.internal.adapter.MethodInvocation                            : loaded 2 times (x 85B)
Class jdk.internal.jimage.decompressor.StringSharingDecompressorFactory               : loaded 2 times (x 74B)
Class org.objectweb.asm.ClassVisitor                                                  : loaded 2 times (x 88B)
Class [Lorg.objectweb.asm.Symbol;                                                     : loaded 2 times (x 69B)
Class com.android.utils.FileUtils                                                     : loaded 2 times (x 71B)
Class dagger.hilt.processor.internal.aggregateddeps.AggregatedDepsMetadata            : loaded 2 times (x 78B)
Class com.google.common.graph.ElementOrder$Type                                       : loaded 2 times (x 79B)
Class com.android.builder.model.v2.ide.AaptOptions$Namespacing                        : loaded 2 times (x 79B)
Class org.jetbrains.kotlin.config.ExplicitApiMode$Companion                           : loaded 2 times (x 71B)
Class com.google.common.reflect.TypeCapture                                           : loaded 2 times (x 71B)
Class com.google.common.cache.LocalCache$Values                                       : loaded 2 times (x 118B)
Class dagger.internal.codegen.binding.ErrorMessages$ComponentCreatorMessages          : loaded 2 times (x 81B)
Class dagger.spi.model.AutoValue_Scope                                                : loaded 2 times (x 73B)
Class dagger.internal.codegen.writing.PrivateMethodRequestRepresentation$Factory      : loaded 2 times (x 70B)
Class dagger.internal.codegen.writing.DelegateRequestRepresentation_Factory           : loaded 2 times (x 72B)
Class dagger.internal.codegen.writing.MapRequestRepresentation$Factory                : loaded 2 times (x 70B)
Class dagger.internal.codegen.writing.SetFactoryCreationExpression_Factory            : loaded 2 times (x 72B)
Class com.google.common.collect.MapMakerInternalMap$1                                 : loaded 2 times (x 83B)
Class com.google.common.io.LineBuffer                                                 : loaded 2 times (x 75B)
Class com.google.common.reflect.Types$TypeVariableImpl                                : loaded 2 times (x 72B)
Class org.objectweb.asm.Context                                                       : loaded 2 times (x 72B)
Class com.android.builder.model.v2.dsl.BuildType                                      : loaded 2 times (x 70B)
Class org.gradle.tooling.internal.adapter.WeakIdentityHashMap                         : loaded 2 times (x 76B)
Class org.gradle.tooling.GradleConnectionException                                    : loaded 2 times (x 83B)
Class org.gradle.tooling.internal.adapter.ProtocolToModelAdapter$1                    : loaded 2 times (x 75B)
Class org.gradle.tooling.internal.adapter.ProtocolToModelAdapter$ViewDecoration       : loaded 2 times (x 70B)
Class org.gradle.internal.installation.GradleInstallation                             : loaded 2 times (x 75B)
Class dagger.internal.codegen.writing.MemberSelect                                    : loaded 2 times (x 75B)
Class org.gradle.tooling.internal.adapter.TargetTypeProvider                          : loaded 2 times (x 70B)
Class dagger.internal.codegen.writing.DelegatingFrameworkInstanceCreationExpression_Factory_Impl: loaded 2 times (x 75B)
Class dagger.internal.codegen.writing.DirectInstanceBindingRepresentation_Factory_Impl: loaded 2 times (x 75B)
Class dagger.internal.codegen.writing.ComponentRequirementExpressions_Factory         : loaded 2 times (x 79B)
Class dagger.internal.codegen.writing.OptionalFactories_PerGeneratedFileCache_Factory : loaded 2 times (x 78B)
Class dagger.spi.model.Binding                                                        : loaded 2 times (x 70B)
Class com.google.common.collect.SortedMultisetBridge                                  : loaded 2 times (x 70B)
Class com.google.common.collect.Multiset$Entry                                        : loaded 2 times (x 70B)
Class com.android.builder.model.v2.ide.AndroidArtifact                                : loaded 2 times (x 70B)
Class com.google.common.io.ByteArrayDataOutput                                        : loaded 2 times (x 70B)
Class dagger.internal.codegen.binding.$AutoValue_ComponentCreatorDescriptor           : loaded 2 times (x 82B)
Class dagger.hilt.processor.internal.root.AutoValue_AggregatedRootMetadata            : loaded 2 times (x 82B)
Class dagger.hilt.processor.internal.root.ComponentTree                               : loaded 2 times (x 72B)
Class dagger.internal.codegen.binding.AutoValue_SubcomponentDeclaration               : loaded 2 times (x 78B)
Class com.google.common.collect.Multisets                                             : loaded 2 times (x 71B)
Class dagger.internal.codegen.binding.AutoValue_BindingGraph                          : loaded 2 times (x 79B)
Class dagger.internal.codegen.writing.OptionalFactories_PerGeneratedFileCache_Factory$InstanceHolder: loaded 2 times (x 71B)
Class dagger.internal.codegen.writing.ComponentRequirementExpressions$AbstractField   : loaded 2 times (x 81B)
Class org.gradle.tooling.internal.adapter.ProtocolToModelAdapter$InvocationHandlerImpl: loaded 2 times (x 77B)
Class org.gradle.tooling.model.build.GradleEnvironment                                : loaded 2 times (x 70B)
Class com.android.builder.model.v2.models.VariantDependenciesAdjacencyList            : loaded 2 times (x 70B)
Class com.google.common.collect.ImmutableBiMap$SerializedForm                         : loaded 2 times (x 75B)
Class [Lcom.google.common.cache.RemovalCause;                                         : loaded 2 times (x 69B)
Class com.intellij.gradle.toolingExtension.impl.initScript.util.GradleLifecycleUtil   : loaded 2 times (x 71B)
Class dagger.hilt.processor.internal.kotlin.KotlinMetadata$ValueParameterMetadata     : loaded 2 times (x 74B)
Class [Ldagger.spi.internal.shaded.androidx.room.jarjarred.kotlinx.metadata.KmVersionRequirementVersionKind;: loaded 2 times (x 69B)
Class dagger.hilt.android.processor.internal.viewmodel.ViewModelMetadata$Companion$create$1$1: loaded 2 times (x 78B)
Class com.google.common.graph.EndpointPair                                            : loaded 2 times (x 83B)
Class com.google.common.graph.DirectedGraphConnections$PredAndSucc                    : loaded 2 times (x 72B)
Class com.google.common.collect.LinkedHashMultimap$1                                  : loaded 2 times (x 83B)
Class org.jetbrains.kotlin.config.LanguageFeature$State                               : loaded 2 times (x 82B)
Class jdk.internal.jimage.decompressor.ResourceDecompressor$StringsProvider           : loaded 2 times (x 70B)
Class org.gradle.tooling.internal.adapter.MethodInvoker                               : loaded 2 times (x 70B)
Class dagger.spi.internal.shaded.androidx.room.compiler.processing.javac.JavacRawType$xTypeName$2: loaded 2 times (x 79B)
Class com.google.common.collect.Sets$2$1                                              : loaded 2 times (x 82B)
Class dagger.spi.model.BindingGraph$ComponentNode                                     : loaded 2 times (x 70B)
Class dagger.internal.codegen.binding.$AutoValue_ResolvedBindings                     : loaded 2 times (x 88B)
Class com.google.common.collect.AbstractMapBasedMultiset$1                            : loaded 2 times (x 82B)
Class [Ldagger.spi.model.RequestKind;                                                 : loaded 2 times (x 69B)
Class dagger.spi.model.Scope$1                                                        : loaded 2 times (x 71B)
Class dagger.internal.codegen.writing.AssistedFactoryRequestRepresentation$Factory    : loaded 2 times (x 70B)
Class com.google.common.graph.Traverser$Traversal                                     : loaded 2 times (x 73B)
Class dagger.internal.codegen.writing.SetRequestRepresentation$Factory                : loaded 2 times (x 70B)
Class org.gradle.internal.classloader.ClassLoaderHierarchy                            : loaded 2 times (x 70B)
Class [Lcom.google.common.base.AbstractIterator$State;                                : loaded 2 times (x 69B)
Class com.google.common.io.FileWriteMode                                              : loaded 2 times (x 79B)
Class [Lcom.google.common.collect.MapMakerInternalMap$Segment;                        : loaded 2 times (x 69B)
Class com.google.common.cache.LocalCache$ValueIterator                                : loaded 2 times (x 86B)
Class dagger.spi.internal.shaded.androidx.room.jarjarred.kotlinx.metadata.internal.metadata.ProtoBuf$VersionRequirement: loaded 2 times (x 116B)
Class dagger.spi.internal.shaded.androidx.room.jarjarred.kotlinx.metadata.internal.metadata.deserialization.VersionRequirement: loaded 2 times (x 72B)
Class dagger.internal.codegen.writing.FrameworkInstanceKind                           : loaded 2 times (x 79B)
Class org.gradle.internal.classloader.FilteringClassLoader                            : loaded 2 times (x 105B)
Class kotlin.sequences.FlatteningSequence                                             : loaded 2 times (x 75B)
Class kotlin.text.MatcherMatchResult                                                  : loaded 2 times (x 80B)
Class kotlin.text.MatchGroupCollection                                                : loaded 2 times (x 70B)
Class com.android.builder.model.v2.ide.ViewBindingOptions                             : loaded 2 times (x 70B)
Class com.google.common.io.LineReader                                                 : loaded 2 times (x 72B)
Class kotlin.io.TextStreamsKt                                                         : loaded 2 times (x 71B)
Class com.google.common.graph.GraphBuilder                                            : loaded 2 times (x 72B)
Class dagger.internal.codegen.binding.AutoValue_ComponentDescriptor_ComponentMethodDescriptor: loaded 2 times (x 75B)
Class dagger.spi.internal.shaded.androidx.room.compiler.processing.javac.TypeMirrorExtKt$extendsBound$1: loaded 2 times (x 101B)
Class com.google.common.graph.AbstractDirectedNetworkConnections                      : loaded 2 times (x 98B)
Class kotlin.io.FileWalkDirection                                                     : loaded 2 times (x 79B)
Class com.android.ide.common.gradle.Part                                              : loaded 2 times (x 77B)
Class kotlin.text.MatchNamedGroupCollection                                           : loaded 2 times (x 70B)
Class org.gradle.tooling.model.gradle.GradleScript                                    : loaded 2 times (x 70B)

---------------  S Y S T E M  ---------------

OS:
 Windows 10 , 64 bit Build 19041 (10.0.19041.5915)
OS uptime: 1 days 18:15 hours

CPU: total 4 (initial active 4) (2 cores per cpu, 2 threads per core) family 6 model 142 stepping 9 microcode 0xf4, cx8, cmov, fxsr, ht, mmx, 3dnowpref, sse, sse2, sse3, ssse3, sse4.1, sse4.2, popcnt, lzcnt, tsc, tscinvbit, avx, avx2, aes, erms, clmul, bmi1, bmi2, rtm, adx, fma, vzeroupper, clflush, clflushopt, rdtscp, f16c
Processor Information for the first 4 processors :
  Max Mhz: 2712, Current Mhz: 2611, Mhz Limit: 2603

Memory: 4k page, system-wide physical 12146M (567M free)
TotalPageFile size 28182M (AvailPageFile size 330M)
current process WorkingSet (physical memory assigned to process): 836M, peak: 1479M
current process commit charge ("private bytes"): 2737M, peak: 2737M

vm_info: OpenJDK 64-Bit Server VM (21.0.10+-14961533-b1163.108) for windows-amd64 JRE (21.0.10+-14961533-b1163.108), built on 2026-03-02T19:58:50Z by "builder" with MS VC++ 16.10 / 16.11 (VS2019)

END.
